7a3f5b97335cf7d4bea0e1f9a56c0d251901750f blob 18228
/-
Copyright (c) 2022 Jiale Miao. All rights reserved.
Released under Apache 2.0 license as described in the file LICENSE.
Authors: Jiale Miao, Kevin Buzzard, Alexander Bentkamp
-/
module

public import Mathlib.Analysis.InnerProductSpace.PiL2
public import Mathlib.LinearAlgebra.Matrix.Block

/-!
# Gram-Schmidt Orthogonalization and Orthonormalization

In this file we introduce Gram-Schmidt Orthogonalization and Orthonormalization.

The Gram-Schmidt process takes a set of vectors as input
and outputs a set of orthogonal vectors which have the same span.

## Main results

- `gramSchmidt`: the Gram-Schmidt process
- `gramSchmidt_orthogonal`: `gramSchmidt` produces an orthogonal system of vectors.
- `span_gramSchmidt`: `gramSchmidt` preserves span of vectors.
- `gramSchmidt_linearIndependent`: if the input vectors of `gramSchmidt` are linearly independent,
  then so are the output vectors.
- `gramSchmidt_ne_zero`: if the input vectors of `gramSchmidt` are linearly independent,
  then the output vectors are non-zero.
- `gramSchmidtBasis`: the basis produced by the Gram-Schmidt process when given a basis as input
- `gramSchmidtNormed`:
  the normalized `gramSchmidt` process, i.e each vector in `gramSchmidtNormed` has unit length
- `gramSchmidt_orthonormal`: `gramSchmidtNormed` produces an orthonormal system of vectors.
- `gramSchmidtOrthonormalBasis`: orthonormal basis constructed by the Gram-Schmidt process from
  an indexed set of vectors of the right size
-/

@[expose] public section


open Finset Submodule Module

variable (𝕜 : Type*) {E : Type*} [RCLike 𝕜] [NormedAddCommGroup E] [InnerProductSpace 𝕜 E]
variable {ι : Type*} [LinearOrder ι] [LocallyFiniteOrderBot ι]

attribute [local instance] IsWellOrder.toHasWellFounded

local notation "⟪" x ", " y "⟫" => inner 𝕜 x y

namespace InnerProductSpace

/-- The Gram-Schmidt process takes a set of vectors as input
and outputs a set of orthogonal vectors which have the same span. -/
noncomputable def gramSchmidt [WellFoundedLT ι] (f : ι → E) (n : ι) : E :=
  f n - ∑ i : Iio n, (𝕜 ∙ gramSchmidt f i).starProjection (f n)
termination_by n
decreasing_by exact mem_Iio.1 i.2

variable [WellFoundedLT ι]

/-- This lemma uses `∑ i in` instead of `∑ i :`. -/
theorem gramSchmidt_def (f : ι → E) (n : ι) :
    gramSchmidt 𝕜 f n = f n - ∑ i ∈ Iio n, (𝕜 ∙ gramSchmidt 𝕜 f i).starProjection (f n) := by
  rw [← sum_attach, attach_eq_univ, gramSchmidt]

theorem gramSchmidt_def' (f : ι → E) (n : ι) :
    f n = gramSchmidt 𝕜 f n + ∑ i ∈ Iio n, (𝕜 ∙ gramSchmidt 𝕜 f i).starProjection (f n) := by
  rw [gramSchmidt_def, sub_add_cancel]

theorem gramSchmidt_def'' (f : ι → E) (n : ι) :
    f n = gramSchmidt 𝕜 f n + ∑ i ∈ Iio n,
      (⟪gramSchmidt 𝕜 f i, f n⟫ / (‖gramSchmidt 𝕜 f i‖ : 𝕜) ^ 2) • gramSchmidt 𝕜 f i := by
  simp only [← map_pow, ← starProjection_singleton, ← gramSchmidt_def' 𝕜 f n]

@[simp]
theorem gramSchmidt_bot {ι : Type*} [LinearOrder ι] [LocallyFiniteOrder ι] [OrderBot ι]
    [WellFoundedLT ι] (f : ι → E) : gramSchmidt 𝕜 f ⊥ = f ⊥ := by
  rw [gramSchmidt_def, Iio_eq_Ico, Finset.Ico_self, Finset.sum_empty, sub_zero]

@[simp]
theorem gramSchmidt_zero (n : ι) : gramSchmidt 𝕜 (0 : ι → E) n = 0 := by rw [gramSchmidt_def]; simp

/-- **Gram-Schmidt Orthogonalisation**:
`gramSchmidt` produces an orthogonal system of vectors. -/
theorem gramSchmidt_orthogonal (f : ι → E) {a b : ι} (h₀ : a ≠ b) :
    ⟪gramSchmidt 𝕜 f a, gramSchmidt 𝕜 f b⟫ = 0 := by
  suffices ∀ a b : ι, a < b → ⟪gramSchmidt 𝕜 f a, gramSchmidt 𝕜 f b⟫ = 0 by
    rcases h₀.lt_or_gt with ha | hb
    · exact this _ _ ha
    · rw [inner_eq_zero_symm]
      exact this _ _ hb
  clear h₀ a b
  intro a b h₀
  revert a
  apply wellFounded_lt.induction b
  intro b ih a h₀
  simp only [gramSchmidt_def 𝕜 f b, inner_sub_right, inner_sum,
    starProjection_singleton, inner_smul_right]
  rw [Finset.sum_eq_single_of_mem a (Finset.mem_Iio.mpr h₀)]
  · by_cases h : gramSchmidt 𝕜 f a = 0
    · simp only [h, inner_zero_left, zero_div, zero_mul, sub_zero]
    · rw [RCLike.ofReal_pow, ← inner_self_eq_norm_sq_to_K, div_mul_cancel₀, sub_self]
      rwa [inner_self_ne_zero]
  intro i hi hia
  simp only [mul_eq_zero, div_eq_zero_iff]
  right
  rcases hia.lt_or_gt with hia₁ | hia₂
  · rw [inner_eq_zero_symm]
    exact ih a h₀ i hia₁
  · exact ih i (mem_Iio.1 hi) a hia₂

/-- This is another version of `gramSchmidt_orthogonal` using `Pairwise` instead. -/
theorem gramSchmidt_pairwise_orthogonal (f : ι → E) :
    Pairwise fun a b => ⟪gramSchmidt 𝕜 f a, gramSchmidt 𝕜 f b⟫ = 0 := fun _ _ =>
  gramSchmidt_orthogonal 𝕜 f

theorem gramSchmidt_inv_triangular (v : ι → E) {i j : ι} (hij : i < j) :
    ⟪gramSchmidt 𝕜 v j, v i⟫ = 0 := by
  rw [gramSchmidt_def'' 𝕜 v]
  simp only [inner_add_right, inner_sum, inner_smul_right]
  set b : ι → E := gramSchmidt 𝕜 v
  convert! zero_add (0 : 𝕜)
  · exact gramSchmidt_orthogonal 𝕜 v hij.ne'
  apply Finset.sum_eq_zero
  rintro k hki'
  have hki : k < i := by simpa using hki'
  have : ⟪b j, b k⟫ = 0 := gramSchmidt_orthogonal 𝕜 v (hki.trans hij).ne'
  simp [this]

open Submodule Set Order

theorem mem_span_gramSchmidt (f : ι → E) {i j : ι} (hij : i ≤ j) :
    f i ∈ span 𝕜 (gramSchmidt 𝕜 f '' Set.Iic j) := by
  rw [gramSchmidt_def' 𝕜 f i]
  simp_rw [starProjection_singleton]
  exact Submodule.add_mem _ (subset_span <| mem_image_of_mem _ hij)
    (Submodule.sum_mem _ fun k hk => smul_mem (span 𝕜 (gramSchmidt 𝕜 f '' Set.Iic j)) _ <|
      subset_span <| mem_image_of_mem (gramSchmidt 𝕜 f) <| (Finset.mem_Iio.1 hk).le.trans hij)

theorem gramSchmidt_mem_span (f : ι → E) :
    ∀ {j i}, i ≤ j → gramSchmidt 𝕜 f i ∈ span 𝕜 (f '' Set.Iic j) := by
  intro j i hij
  rw [gramSchmidt_def 𝕜 f i]
  simp_rw [starProjection_singleton]
  refine Submodule.sub_mem _ (subset_span (mem_image_of_mem _ hij))
    (Submodule.sum_mem _ fun k hk => ?_)
  let hkj : k < j := (Finset.mem_Iio.1 hk).trans_le hij
  exact smul_mem _ _
    (span_mono (image_mono <| Set.Iic_subset_Iic.2 hkj.le) <| gramSchmidt_mem_span _ le_rfl)
termination_by j => j

theorem span_gramSchmidt_Iic (f : ι → E) (c : ι) :
    span 𝕜 (gramSchmidt 𝕜 f '' Set.Iic c) = span 𝕜 (f '' Set.Iic c) :=
  span_eq_span (Set.image_subset_iff.2 fun _ => gramSchmidt_mem_span _ _) <|
    Set.image_subset_iff.2 fun _ => mem_span_gramSchmidt _ _

theorem span_gramSchmidt_Iio (f : ι → E) (c : ι) :
    span 𝕜 (gramSchmidt 𝕜 f '' Set.Iio c) = span 𝕜 (f '' Set.Iio c) :=
  span_eq_span (Set.image_subset_iff.2 fun _ hi =>
    span_mono (image_mono <| Iic_subset_Iio.2 hi) <| gramSchmidt_mem_span _ _ le_rfl) <|
      Set.image_subset_iff.2 fun _ hi =>
        span_mono (image_mono <| Iic_subset_Iio.2 hi) <| mem_span_gramSchmidt _ _ le_rfl

/-- `gramSchmidt` preserves span of vectors. -/
theorem span_gramSchmidt (f : ι → E) : span 𝕜 (range (gramSchmidt 𝕜 f)) = span 𝕜 (range f) :=
  span_eq_span (range_subset_iff.2 fun _ =>
    span_mono (image_subset_range _ _) <| gramSchmidt_mem_span _ _ le_rfl) <|
      range_subset_iff.2 fun _ =>
        span_mono (image_subset_range _ _) <| mem_span_gramSchmidt _ _ le_rfl

/-- If given an orthogonal set of vectors, `gramSchmidt` fixes its input. -/
theorem gramSchmidt_of_orthogonal {f : ι → E} (hf : Pairwise (⟪f ·, f ·⟫ = 0)) :
    gramSchmidt 𝕜 f = f := by
  ext i
  rw [gramSchmidt_def]
  trans f i - 0
  · congr
    apply Finset.sum_eq_zero
    intro j hj
    rw [Submodule.starProjection_apply, Submodule.coe_eq_zero]
    suffices span 𝕜 (f '' Set.Iic j) ⟂ 𝕜 ∙ f i by
      apply orthogonalProjectionOnto_apply_of_mem_orthogonal
      rw [mem_orthogonal_singleton_iff_inner_left, ← mem_orthogonal_singleton_iff_inner_right]
      exact this (gramSchmidt_mem_span 𝕜 f (le_refl j))
    rw [isOrtho_span]
    rintro u ⟨k, hk, rfl⟩ v (rfl : v = f i)
    apply hf
    exact (lt_of_le_of_lt hk (Finset.mem_Iio.mp hj)).ne
  · simp

variable {𝕜}

theorem gramSchmidt_ne_zero_coe {f : ι → E} (n : ι)
    (h₀ : LinearIndependent 𝕜 (f ∘ ((↑) : Set.Iic n → ι))) : gramSchmidt 𝕜 f n ≠ 0 := by
  by_contra h
  have h₁ : f n ∈ span 𝕜 (f '' Set.Iio n) := by
    rw [← span_gramSchmidt_Iio 𝕜 f n, gramSchmidt_def' 𝕜 f, h, zero_add]
    apply Submodule.sum_mem _ _
    intro a ha
    simp only [starProjection_singleton]
    apply Submodule.smul_mem _ _ _
    rw [Finset.mem_Iio] at ha
    exact subset_span ⟨a, ha, by rfl⟩
  have h₂ : (f ∘ ((↑) : Set.Iic n → ι)) ⟨n, le_refl n⟩ ∈
      span 𝕜 (f ∘ ((↑) : Set.Iic n → ι) '' Set.Iio ⟨n, le_refl n⟩) := by
    rw [image_comp]
    simpa using h₁
  apply LinearIndependent.notMem_span_image h₀ _ h₂
  simp only [Set.mem_Iio, lt_self_iff_false, not_false_iff]

/-- If the input vectors of `gramSchmidt` are linearly independent,
then the output vectors are non-zero. -/
theorem gramSchmidt_ne_zero {f : ι → E} (n : ι) (h₀ : LinearIndependent 𝕜 f) :
    gramSchmidt 𝕜 f n ≠ 0 :=
  gramSchmidt_ne_zero_coe _ (LinearIndependent.comp h₀ _ Subtype.coe_injective)

/-- `gramSchmidt` produces a triangular matrix of vectors when given a basis. -/
theorem gramSchmidt_triangular {i j : ι} (hij : i < j) (b : Basis ι 𝕜 E) :
    b.repr (gramSchmidt 𝕜 b i) j = 0 := by
  have : gramSchmidt 𝕜 b i ∈ span 𝕜 (gramSchmidt 𝕜 b '' Set.Iio j) :=
    subset_span ((Set.mem_image _ _ _).2 ⟨i, hij, rfl⟩)
  have : gramSchmidt 𝕜 b i ∈ span 𝕜 (b '' Set.Iio j) := by rwa [← span_gramSchmidt_Iio 𝕜 b j]
  have : ↑(b.repr (gramSchmidt 𝕜 b i)).support ⊆ Set.Iio j :=
    Basis.repr_support_subset_of_mem_span b (Set.Iio j) this
  exact (Finsupp.mem_supported' _ _).1 ((Finsupp.mem_supported 𝕜 _).2 this) j Set.self_notMem_Iio

/-- `gramSchmidt` produces linearly independent vectors when given linearly independent vectors. -/
theorem gramSchmidt_linearIndependent {f : ι → E} (h₀ : LinearIndependent 𝕜 f) :
    LinearIndependent 𝕜 (gramSchmidt 𝕜 f) :=
  linearIndependent_of_ne_zero_of_inner_eq_zero (fun _ => gramSchmidt_ne_zero _ h₀) fun _ _ =>
    gramSchmidt_orthogonal 𝕜 f

/-- When given a basis, `gramSchmidt` produces a basis. -/
noncomputable def gramSchmidtBasis (b : Basis ι 𝕜 E) : Basis ι 𝕜 E :=
  Basis.mk (gramSchmidt_linearIndependent b.linearIndependent)
    ((span_gramSchmidt 𝕜 b).trans b.span_eq).ge

theorem coe_gramSchmidtBasis (b : Basis ι 𝕜 E) : (gramSchmidtBasis b : ι → E) = gramSchmidt 𝕜 b :=
  Basis.coe_mk _ _

variable (𝕜) in
/-- the normalized `gramSchmidt` (i.e each vector in `gramSchmidtNormed` has unit length.) -/
noncomputable def gramSchmidtNormed (f : ι → E) (n : ι) : E :=
  (‖gramSchmidt 𝕜 f n‖ : 𝕜)⁻¹ • gramSchmidt 𝕜 f n

theorem gramSchmidtNormed_unit_length_coe {f : ι → E} (n : ι)
    (h₀ : LinearIndependent 𝕜 (f ∘ ((↑) : Set.Iic n → ι))) : ‖gramSchmidtNormed 𝕜 f n‖ = 1 := by
  simp only [gramSchmidt_ne_zero_coe n h₀, gramSchmidtNormed, norm_smul_inv_norm, Ne,
    not_false_iff]

theorem gramSchmidtNormed_unit_length {f : ι → E} (n : ι) (h₀ : LinearIndependent 𝕜 f) :
    ‖gramSchmidtNormed 𝕜 f n‖ = 1 :=
  gramSchmidtNormed_unit_length_coe _ (LinearIndependent.comp h₀ _ Subtype.coe_injective)

theorem gramSchmidtNormed_unit_length' {f : ι → E} {n : ι} (hn : gramSchmidtNormed 𝕜 f n ≠ 0) :
    ‖gramSchmidtNormed 𝕜 f n‖ = 1 := by
  rw [gramSchmidtNormed] at *
  rw [norm_smul_inv_norm]
  simpa using hn

/-- **Gram-Schmidt Orthonormalization**:
`gramSchmidtNormed` applied to a linearly independent set of vectors produces an orthonormal
system of vectors. -/
theorem gramSchmidtNormed_orthonormal {f : ι → E} (h₀ : LinearIndependent 𝕜 f) :
    Orthonormal 𝕜 (gramSchmidtNormed 𝕜 f) := by
  unfold Orthonormal
  constructor
  · simp only [gramSchmidtNormed_unit_length, h₀, imp_true_iff]
  · intro i j hij
    simp only [gramSchmidtNormed, inner_smul_left, inner_smul_right, RCLike.conj_inv,
      RCLike.conj_ofReal, mul_eq_zero, inv_eq_zero, RCLike.ofReal_eq_zero, norm_eq_zero]
    repeat' right
    exact gramSchmidt_orthogonal 𝕜 f hij

/-- **Gram-Schmidt Orthonormalization**:
`gramSchmidtNormed` produces an orthonormal system of vectors after removing the vectors which
become zero in the process. -/
theorem gramSchmidtNormed_orthonormal' (f : ι → E) :
    Orthonormal 𝕜 fun i : { i | gramSchmidtNormed 𝕜 f i ≠ 0 } => gramSchmidtNormed 𝕜 f i := by
  refine ⟨fun i => gramSchmidtNormed_unit_length' i.prop, ?_⟩
  rintro i j (hij : ¬_)
  rw [Subtype.ext_iff] at hij
  simp [gramSchmidtNormed, inner_smul_left, inner_smul_right, gramSchmidt_orthogonal 𝕜 f hij]

open Submodule Set Order

theorem span_gramSchmidtNormed (f : ι → E) (s : Set ι) :
    span 𝕜 (gramSchmidtNormed 𝕜 f '' s) = span 𝕜 (gramSchmidt 𝕜 f '' s) := by
  refine span_eq_span
    (Set.image_subset_iff.2 fun i hi => smul_mem _ _ <| subset_span <| mem_image_of_mem _ hi)
    (Set.image_subset_iff.2 fun i hi =>
      span_mono (image_mono <| singleton_subset_set_iff.2 hi) ?_)
  simp only [coe_singleton, Set.image_singleton]
  by_cases h : gramSchmidt 𝕜 f i = 0
  · simp [h]
  · refine mem_span_singleton.2 ⟨‖gramSchmidt 𝕜 f i‖, smul_inv_smul₀ ?_ _⟩
    exact mod_cast norm_ne_zero_iff.2 h

theorem span_gramSchmidtNormed_range (f : ι → E) :
    span 𝕜 (range (gramSchmidtNormed 𝕜 f)) = span 𝕜 (range (gramSchmidt 𝕜 f)) := by
  simpa only [image_univ.symm] using span_gramSchmidtNormed f univ

/-- `gramSchmidtNormed` produces linearly independent vectors when given linearly independent
vectors. -/
theorem gramSchmidtNormed_linearIndependent {f : ι → E} (h₀ : LinearIndependent 𝕜 f) :
    LinearIndependent 𝕜 (gramSchmidtNormed 𝕜 f) := by
  unfold gramSchmidtNormed
  have (i : ι) : IsUnit (‖gramSchmidt 𝕜 f i‖⁻¹ : 𝕜) :=
    isUnit_iff_ne_zero.mpr (by simp [gramSchmidt_ne_zero i h₀])
  let w : ι → 𝕜ˣ := fun i ↦ (this i).unit
  apply (gramSchmidt_linearIndependent h₀).units_smul (w := fun i ↦ (this i).unit)

section OrthonormalBasis

variable [Fintype ι] [FiniteDimensional 𝕜 E] (h : finrank 𝕜 E = Fintype.card ι) (f : ι → E)

/-- Given an indexed family `f : ι → E` of vectors in an inner product space `E`, for which the
size of the index set is the dimension of `E`, produce an orthonormal basis for `E` which agrees
with the orthonormal set produced by the Gram-Schmidt orthonormalization process on the elements of
`ι` for which this process gives a nonzero number. -/
noncomputable def gramSchmidtOrthonormalBasis : OrthonormalBasis ι 𝕜 E :=
  ((gramSchmidtNormed_orthonormal' f).exists_orthonormalBasis_extension_of_card_eq
    (v := gramSchmidtNormed 𝕜 f) h).choose

theorem gramSchmidtOrthonormalBasis_apply {f : ι → E} {i : ι} (hi : gramSchmidtNormed 𝕜 f i ≠ 0) :
    gramSchmidtOrthonormalBasis h f i = gramSchmidtNormed 𝕜 f i :=
  ((gramSchmidtNormed_orthonormal' f).exists_orthonormalBasis_extension_of_card_eq
    (v := gramSchmidtNormed 𝕜 f) h).choose_spec i hi

theorem gramSchmidtOrthonormalBasis_apply_of_orthogonal {f : ι → E}
    (hf : Pairwise fun i j => ⟪f i, f j⟫ = 0) {i : ι} (hi : f i ≠ 0) :
    gramSchmidtOrthonormalBasis h f i = (‖f i‖⁻¹ : 𝕜) • f i := by
  have H : gramSchmidtNormed 𝕜 f i = (‖f i‖⁻¹ : 𝕜) • f i := by
    rw [gramSchmidtNormed, gramSchmidt_of_orthogonal 𝕜 hf]
  rw [gramSchmidtOrthonormalBasis_apply h, H]
  simpa [H] using hi

theorem inner_gramSchmidtOrthonormalBasis_eq_zero {f : ι → E} {i : ι}
    (hi : gramSchmidtNormed 𝕜 f i = 0) (j : ι) : ⟪gramSchmidtOrthonormalBasis h f i, f j⟫ = 0 := by
  rw [← mem_orthogonal_singleton_iff_inner_right]
  suffices span 𝕜 (gramSchmidtNormed 𝕜 f '' Set.Iic j) ⟂ 𝕜 ∙ gramSchmidtOrthonormalBasis h f i by
    apply this
    rw [span_gramSchmidtNormed]
    exact mem_span_gramSchmidt 𝕜 f le_rfl
  rw [isOrtho_span]
  rintro u ⟨k, _, rfl⟩ v (rfl : v = _)
  by_cases hk : gramSchmidtNormed 𝕜 f k = 0
  · rw [hk, inner_zero_left]
  rw [← gramSchmidtOrthonormalBasis_apply h hk]
  have : k ≠ i := by
    rintro rfl
    exact hk hi
  exact (gramSchmidtOrthonormalBasis h f).orthonormal.2 this

theorem gramSchmidtOrthonormalBasis_inv_triangular {i j : ι} (hij : i < j) :
    ⟪gramSchmidtOrthonormalBasis h f j, f i⟫ = 0 := by
  by_cases hi : gramSchmidtNormed 𝕜 f j = 0
  · rw [inner_gramSchmidtOrthonormalBasis_eq_zero h hi]
  · simp [gramSchmidtOrthonormalBasis_apply h hi, gramSchmidtNormed, inner_smul_left,
      gramSchmidt_inv_triangular 𝕜 f hij]

theorem gramSchmidtOrthonormalBasis_inv_triangular' {i j : ι} (hij : i < j) :
    (gramSchmidtOrthonormalBasis h f).repr (f i) j = 0 := by
  simpa [OrthonormalBasis.repr_apply_apply] using gramSchmidtOrthonormalBasis_inv_triangular h f hij

/-- Given an indexed family `f : ι → E` of vectors in an inner product space `E`, for which the
size of the index set is the dimension of `E`, the matrix of coefficients of `f` with respect to the
orthonormal basis `gramSchmidtOrthonormalBasis` constructed from `f` is upper-triangular. -/
theorem gramSchmidtOrthonormalBasis_inv_isUpperTriangular :
    ((gramSchmidtOrthonormalBasis h f).toBasis.toMatrix f).IsUpperTriangular := fun _ _ =>
  gramSchmidtOrthonormalBasis_inv_triangular' h f

@[deprecated (since := "2026-07-30")]
alias gramSchmidtOrthonormalBasis_inv_blockTriangular :=
  gramSchmidtOrthonormalBasis_inv_isUpperTriangular

theorem gramSchmidtOrthonormalBasis_det [DecidableEq ι] :
    (gramSchmidtOrthonormalBasis h f).toBasis.det f =
      ∏ i, ⟪gramSchmidtOrthonormalBasis h f i, f i⟫ := by
  convert! Matrix.det_of_isUpperTriangular (gramSchmidtOrthonormalBasis_inv_isUpperTriangular h f)
  exact ((gramSchmidtOrthonormalBasis h f).repr_apply_apply (f _) _).symm

end OrthonormalBasis

end InnerProductSpace

a938a909f274d3e80ab0fdb44aa490022fd40d2d blob 61065
/-
Copyright (c) 2020 Joseph Myers. All rights reserved.
Released under Apache 2.0 license as described in the file LICENSE.
Authors: Joseph Myers, Sébastien Gouëzel, Heather Macbeth
-/
module

public import Mathlib.Analysis.InnerProductSpace.Projection.FiniteDimensional
public import Mathlib.Analysis.Normed.Lp.PiLp
public import Mathlib.Analysis.Normed.Lp.Matrix
public import Mathlib.LinearAlgebra.FiniteDimensional.Lemmas
public import Mathlib.LinearAlgebra.UnitaryGroup
public import Mathlib.Tactic.CrossRefAttribute
public import Mathlib.Util.Superscript

/-!
# `L²` inner product space structure on finite products of inner product spaces

The `L²` norm on a finite product of inner product spaces is compatible with an inner product
$$
\langle x, y\rangle = \sum \langle x_i, y_i \rangle.
$$
This is recorded in this file as an inner product space instance on `PiLp 2`.

This file develops the notion of a finite-dimensional Hilbert space over `𝕜 = ℂ, ℝ`, referred to as
`E`. We define an `OrthonormalBasis 𝕜 ι E` as a linear isometric equivalence
between `E` and `EuclideanSpace 𝕜 ι`. Then `stdOrthonormalBasis` shows that such an equivalence
always exists if `E` is finite dimensional. We provide language for converting between a basis
that is orthonormal and an orthonormal basis (e.g. `Basis.toOrthonormalBasis`). We show that
orthonormal bases for each summand in a direct sum of spaces can be combined into an orthonormal
basis for the whole sum in `DirectSum.IsInternal.subordinateOrthonormalBasis`. In
the last section, various properties of matrices are explored.

## Main definitions

- `EuclideanSpace 𝕜 n`: defined to be `PiLp 2 (n → 𝕜)` for any `Fintype n`, i.e., the space
  from functions to `n` to `𝕜` with the `L²` norm. We register several instances on it (notably
  that it is a finite-dimensional inner product space), and provide a `!ₚ[]` notation (for numeric
  subscripts like `₂`) for the case when the indexing type is `Fin n`.

- `OrthonormalBasis 𝕜 ι`: defined to be an isometry to Euclidean space from a given
  finite-dimensional inner product space, `E ≃ₗᵢ[𝕜] EuclideanSpace 𝕜 ι`.

- `Basis.toOrthonormalBasis`: constructs an `OrthonormalBasis` for a finite-dimensional
  Euclidean space from a `Basis` which is `Orthonormal`.

- `Orthonormal.exists_orthonormalBasis_extension`: provides an existential result of an
  `OrthonormalBasis` extending a given orthonormal set

- `exists_orthonormalBasis`: provides an orthonormal basis on a finite-dimensional vector space

- `stdOrthonormalBasis`: provides an arbitrarily-chosen `OrthonormalBasis` of a given
  finite-dimensional inner product space

- `orthonormalBasisSingleton`: an orthonormal basis formed by a single unit vector in a
  one-dimensional inner product space.

For consequences in infinite dimension (Hilbert bases, etc.), see the file
`Analysis.InnerProductSpace.L2Space`.

-/

@[expose] public section


open Module Real Set Filter RCLike Submodule Function Uniformity Topology NNReal ENNReal
  ComplexConjugate DirectSum WithLp

noncomputable section

variable {ι ι' 𝕜 : Type*} [RCLike 𝕜]
variable {E : Type*} [NormedAddCommGroup E] [InnerProductSpace 𝕜 E]
variable {F : Type*} [NormedAddCommGroup F] [InnerProductSpace ℝ F]
variable {F' : Type*} [NormedAddCommGroup F'] [InnerProductSpace ℝ F']

local notation "⟪" x ", " y "⟫" => inner 𝕜 x y

/-
If `ι` is a finite type and each space `f i`, `i : ι`, is an inner product space,
then `Π i, f i` is an inner product space as well. Since `Π i, f i` is endowed with the sup norm,
we use instead `PiLp 2 f` for the product space, which is endowed with the `L^2` norm.
-/
instance PiLp.innerProductSpace {ι : Type*} [Fintype ι] (f : ι → Type*)
    [∀ i, NormedAddCommGroup (f i)] [∀ i, InnerProductSpace 𝕜 (f i)] :
    InnerProductSpace 𝕜 (PiLp 2 f) where
  inner x y := ∑ i, ⟪x i, y i⟫
  norm_sq_eq_re_inner x := by
    simp only [PiLp.norm_sq_eq_of_L2, map_sum, ← norm_sq_eq_re_inner]
  conj_inner_symm := by
    intro x y
    unfold inner
    rw [map_sum]
    apply Finset.sum_congr rfl
    rintro z -
    apply inner_conj_symm
  add_left x y z :=
    show (∑ i, ⟪x i + y i, z i⟫ = ∑ i, ⟪x i, z i⟫ + ∑ i, ⟪y i, z i⟫) by
      simp only [inner_add_left, Finset.sum_add_distrib]
  smul_left x y r :=
    show (∑ i : ι, ⟪r • x i, y i⟫ = conj r * ∑ i, ⟪x i, y i⟫) by
      simp only [Finset.mul_sum, inner_smul_left]

theorem PiLp.inner_apply {ι : Type*} [Fintype ι] {f : ι → Type*} [∀ i, NormedAddCommGroup (f i)]
    [∀ i, InnerProductSpace 𝕜 (f i)] (x y : PiLp 2 f) : ⟪x, y⟫ = ∑ i, ⟪x i, y i⟫ :=
  rfl

/-- The standard real/complex Euclidean space, functions on a finite type. For an `n`-dimensional
space use `EuclideanSpace 𝕜 (Fin n)`.

For the case when `n = Fin _`, there is `!₂[x, y, ...]` notation for building elements of this type,
analogous to `![x, y, ...]` notation. -/
@[wikidata Q17295]
abbrev EuclideanSpace (𝕜 : Type*) (n : Type*) : Type _ :=
  PiLp 2 fun _ : n => 𝕜

section Notation
open Lean Meta Elab Term Macro TSyntax PrettyPrinter.Delaborator SubExpr
open Mathlib.Tactic (subscriptTerm)

/-- Notation for vectors in Lp space. `!₂[x, y, ...]` is a shorthand for
`WithLp.toLp 2 ![x, y, ...]`, of type `EuclideanSpace _ (Fin _)`.

This also works for other subscripts. -/
syntax (name := PiLp.vecNotation) "!" noWs subscriptTerm noWs "[" term,* "]" : term
macro_rules | `(!$p:subscript[$e:term,*]) => do
  -- override the `Fin n.succ` to a literal
  let n := e.getElems.size
  `(WithLp.toLp $p (V := ∀ _ : Fin $(quote n), _) ![$e,*])

/-- Unexpander for the `!₂[x, y, ...]` notation. -/
@[app_delab WithLp.toLp]
meta def EuclideanSpace.delabVecNotation : Delab :=
  whenNotPPOption getPPExplicit <| whenPPOption getPPNotation <| withOverApp 3 do
    -- check that the `WithLp.toLp _` is present
    let p : Term ← withNaryArg 0 <| delab
    -- to be conservative, only allow subscripts which are numerals
    guard <| p matches `($_:num)
    let `(![$elems,*]) ← withNaryArg 2 delab | failure
    `(!$p[$elems,*])

end Notation

theorem EuclideanSpace.nnnorm_eq {𝕜 : Type*} [RCLike 𝕜] {n : Type*} [Fintype n]
    (x : EuclideanSpace 𝕜 n) : ‖x‖₊ = NNReal.sqrt (∑ i, ‖x i‖₊ ^ 2) :=
  PiLp.nnnorm_eq_of_L2 x

theorem EuclideanSpace.norm_eq {𝕜 : Type*} [RCLike 𝕜] {n : Type*} [Fintype n]
    (x : EuclideanSpace 𝕜 n) : ‖x‖ = √(∑ i, ‖x i‖ ^ 2) := by
  simpa only [Real.coe_sqrt, NNReal.coe_sum] using! congr_arg ((↑) : ℝ≥0 → ℝ) x.nnnorm_eq

theorem EuclideanSpace.norm_sq_eq {𝕜 : Type*} [RCLike 𝕜] {n : Type*} [Fintype n]
    (x : EuclideanSpace 𝕜 n) : ‖x‖ ^ 2 = ∑ i, ‖x i‖ ^ 2 :=
  PiLp.norm_sq_eq_of_L2 _ x

theorem EuclideanSpace.real_norm_sq_eq {n : Type*} [Fintype n] (x : EuclideanSpace ℝ n) :
    ‖x‖ ^ 2 = ∑ i, (x i) ^ 2 := by
  simp [EuclideanSpace.norm_sq_eq]

@[wikidata Q847073]
theorem EuclideanSpace.dist_eq {𝕜 : Type*} [RCLike 𝕜] {n : Type*} [Fintype n]
    (x y : EuclideanSpace 𝕜 n) : dist x y = √(∑ i, dist (x i) (y i) ^ 2) :=
  PiLp.dist_eq_of_L2 x y

theorem EuclideanSpace.dist_sq_eq {𝕜 : Type*} [RCLike 𝕜] {n : Type*} [Fintype n]
    (x y : EuclideanSpace 𝕜 n) : dist x y ^ 2 = ∑ i, dist (x i) (y i) ^ 2 :=
  PiLp.dist_sq_eq_of_L2 x y

theorem EuclideanSpace.nndist_eq {𝕜 : Type*} [RCLike 𝕜] {n : Type*} [Fintype n]
    (x y : EuclideanSpace 𝕜 n) : nndist x y = NNReal.sqrt (∑ i, nndist (x i) (y i) ^ 2) :=
  PiLp.nndist_eq_of_L2 x y

theorem EuclideanSpace.edist_eq {𝕜 : Type*} [RCLike 𝕜] {n : Type*} [Fintype n]
    (x y : EuclideanSpace 𝕜 n) : edist x y = (∑ i, edist (x i) (y i) ^ 2) ^ (1 / 2 : ℝ) :=
  PiLp.edist_eq_of_L2 x y

theorem EuclideanSpace.ball_zero_eq {n : Type*} [Fintype n] (r : ℝ) (hr : 0 ≤ r) :
    Metric.ball (0 : EuclideanSpace ℝ n) r = {x | ∑ i, x i ^ 2 < r ^ 2} := by
  ext x
  have : (0 : ℝ) ≤ ∑ i, x i ^ 2 := Finset.sum_nonneg fun _ _ => sq_nonneg _
  simp_rw [mem_ofPred, mem_ball_zero_iff, norm_eq, norm_eq_abs, sq_abs, sqrt_lt this hr]

theorem EuclideanSpace.closedBall_zero_eq {n : Type*} [Fintype n] (r : ℝ) (hr : 0 ≤ r) :
    Metric.closedBall (0 : EuclideanSpace ℝ n) r = {x | ∑ i, x i ^ 2 ≤ r ^ 2} := by
  ext
  simp_rw [mem_ofPred, mem_closedBall_zero_iff, norm_eq, norm_eq_abs, sq_abs, sqrt_le_left hr]

theorem EuclideanSpace.sphere_zero_eq {n : Type*} [Fintype n] (r : ℝ) (hr : 0 ≤ r) :
    Metric.sphere (0 : EuclideanSpace ℝ n) r = {x | ∑ i, x i ^ 2 = r ^ 2} := by
  ext x
  have : (0 : ℝ) ≤ ∑ i, x i ^ 2 := Finset.sum_nonneg fun _ _ => sq_nonneg _
  simp_rw [mem_ofPred, mem_sphere_zero_iff_norm, norm_eq, norm_eq_abs, sq_abs,
    Real.sqrt_eq_iff_eq_sq this hr]

section

instance EuclideanSpace.infinite [Nonempty ι] : Infinite (EuclideanSpace 𝕜 ι) :=
  Module.Free.infinite 𝕜 _

variable [Fintype ι]

@[simp]
theorem finrank_euclideanSpace :
    Module.finrank 𝕜 (EuclideanSpace 𝕜 ι) = Fintype.card ι := by
  convert! (WithLp.linearEquiv 2 𝕜 (ι → 𝕜)).finrank_eq
  simp

theorem finrank_euclideanSpace_fin {n : ℕ} :
    Module.finrank 𝕜 (EuclideanSpace 𝕜 (Fin n)) = n := by simp

namespace EuclideanSpace

scoped instance (n : ℕ) : Fact (Module.finrank 𝕜 (EuclideanSpace 𝕜 (Fin n)) = n) :=
  ⟨finrank_euclideanSpace_fin⟩

theorem inner_eq_star_dotProduct (x y : EuclideanSpace 𝕜 ι) :
    ⟪x, y⟫ = ofLp y ⬝ᵥ star (ofLp x) := rfl

lemma inner_toLp_toLp (x y : ι → 𝕜) :
    ⟪toLp 2 x, toLp 2 y⟫ = dotProduct y (star x) := rfl

section restrict₂

variable {I J : Finset ι'}

/-- The restriction from `EuclideanSpace 𝕜 J` to `EuclideanSpace 𝕜 I` when `I ⊆ J`. -/
noncomputable
def restrict₂ (hIJ : I ⊆ J) :
    EuclideanSpace 𝕜 J →L[𝕜] EuclideanSpace 𝕜 I where
  toFun x := toLp 2 (Finset.restrict₂ («π» := fun _ ↦ 𝕜) hIJ x.ofLp)
  map_add' x y := by ext; simp
  map_smul' m x := by ext; simp

@[simp]
lemma restrict₂_apply (hIJ : I ⊆ J) (x : EuclideanSpace 𝕜 J) (i : I) :
    EuclideanSpace.restrict₂ hIJ x i = x ⟨i.1, hIJ i.2⟩ := rfl

end restrict₂

end EuclideanSpace

/-- A finite, mutually orthogonal family of subspaces of `E`, which span `E`, induce an isometry
from `E` to `PiLp 2` of the subspaces equipped with the `L2` inner product. -/
def DirectSum.IsInternal.isometryL2OfOrthogonalFamily [DecidableEq ι] {V : ι → Submodule 𝕜 E}
    (hV : DirectSum.IsInternal V)
    (hV' : OrthogonalFamily 𝕜 (fun i => V i) fun i => (V i).subtypeₗᵢ) :
    E ≃ₗᵢ[𝕜] PiLp 2 fun i => V i := by
  let e₁ := DirectSum.linearEquivFunOnFintype 𝕜 ι fun i => V i
  let e₂ := LinearEquiv.ofBijective (DirectSum.coeLinearMap V) hV
  refine LinearEquiv.isometryOfInner ((e₂.symm.trans e₁).trans
    (WithLp.linearEquiv 2 𝕜 (Π i, V i)).symm) ?_
  suffices ∀ (v w : PiLp 2 fun i => V i), ⟪v, w⟫ = ⟪e₂ (e₁.symm v), e₂ (e₁.symm w)⟫ by
    intro v₀ w₀
    simp only [LinearEquiv.trans_apply]
    convert! this (toLp 2 (e₁ (e₂.symm v₀))) (toLp 2 (e₁ (e₂.symm w₀))) <;> simp
  intro v w
  trans ⟪∑ i, (V i).subtypeₗᵢ (v i), ∑ i, (V i).subtypeₗᵢ (w i)⟫
  · simp only [sum_inner, hV'.inner_right_fintype, PiLp.inner_apply]
  · congr <;> simp

set_option backward.isDefEq.respectTransparency false in
@[simp]
theorem DirectSum.IsInternal.isometryL2OfOrthogonalFamily_symm_apply [DecidableEq ι]
    {V : ι → Submodule 𝕜 E} (hV : DirectSum.IsInternal V)
    (hV' : OrthogonalFamily 𝕜 (fun i => V i) fun i => (V i).subtypeₗᵢ) (w : PiLp 2 fun i => V i) :
    (hV.isometryL2OfOrthogonalFamily hV').symm w = ∑ i, (w i : E) := by
  classical
    let e₁ := DirectSum.linearEquivFunOnFintype 𝕜 ι fun i => V i
    let e₂ := LinearEquiv.ofBijective (DirectSum.coeLinearMap V) hV
    suffices ∀ v : ⨁ i, V i, e₂ v = ∑ i, e₁ v i by exact this (e₁.symm w)
    simp [e₁, e₂, DirectSum.coeLinearMap, DirectSum.toModule, DFinsupp.lsum,
      DFinsupp.sumAddHom_apply]

end

variable (ι 𝕜)

/-- A shorthand for `PiLp.continuousLinearEquiv`. -/
abbrev EuclideanSpace.equiv : EuclideanSpace 𝕜 ι ≃L[𝕜] ι → 𝕜 :=
  PiLp.continuousLinearEquiv 2 𝕜 _

variable {ι 𝕜}

/-- The projection on the `i`-th coordinate of `EuclideanSpace 𝕜 ι`, as a linear map. -/
abbrev EuclideanSpace.projₗ (i : ι) : EuclideanSpace 𝕜 ι →ₗ[𝕜] 𝕜 := PiLp.projₗ _ _ i

/-- The projection on the `i`-th coordinate of `EuclideanSpace 𝕜 ι`, as a continuous linear map. -/
abbrev EuclideanSpace.proj (i : ι) : StrongDual 𝕜 (EuclideanSpace 𝕜 ι) := PiLp.proj _ _ i

@[simp]
lemma EuclideanSpace.coe_proj {ι : Type*} (𝕜 : Type*) [RCLike 𝕜] {i : ι} :
    ⇑(@proj ι 𝕜 _ i) = fun x ↦ x i := rfl

section DecEq

variable [DecidableEq ι]

/-- The vector given in Euclidean space by being `a : 𝕜` at coordinate `i : ι` and `0 : 𝕜` at
all other coordinates. -/
abbrev EuclideanSpace.single (i : ι) (a : 𝕜) : EuclideanSpace 𝕜 ι := PiLp.single 2 i a

@[deprecated PiLp.ofLp_single (since := "2026-03-15")]
lemma EuclideanSpace.ofLp_single (i : ι) (a : 𝕜) : ofLp (single i a) = Pi.single i a := by
  simp

@[deprecated PiLp.toLp_single (since := "2026-03-15")]
lemma EuclideanSpace.toLp_single (i : ι) (a : 𝕜) : toLp _ (Pi.single i a) = single i a := by
  simp

@[deprecated PiLp.single_apply (since := "2026-03-15")]
theorem EuclideanSpace.single_apply (i : ι) (a : 𝕜) (j : ι) :
    (EuclideanSpace.single i a) j = ite (j = i) a 0 := by
  simp

@[deprecated PiLp.single_eq_zero_iff (since := "2026-03-15")]
theorem EuclideanSpace.single_eq_zero_iff {i : ι} {a : 𝕜} :
    EuclideanSpace.single i a = 0 ↔ a = 0 := by simp

variable [Fintype ι]

theorem EuclideanSpace.inner_single_left (i : ι) (a : 𝕜) (v : EuclideanSpace 𝕜 ι) :
    ⟪EuclideanSpace.single i (a : 𝕜), v⟫ = conj a * v i := by
  simp [PiLp.inner_apply, apply_ite conj, mul_comm]

theorem EuclideanSpace.inner_single_right (i : ι) (a : 𝕜) (v : EuclideanSpace 𝕜 ι) :
    ⟪v, EuclideanSpace.single i (a : 𝕜)⟫ = a * conj (v i) := by simp [PiLp.inner_apply]

@[deprecated PiLp.norm_single (since := "2026-03-15")]
theorem EuclideanSpace.norm_single (i : ι) (a : 𝕜) :
    ‖EuclideanSpace.single i (a : 𝕜)‖ = ‖a‖ := by simp

@[deprecated PiLp.nnnorm_single (since := "2026-03-15")]
theorem EuclideanSpace.nnnorm_single (i : ι) (a : 𝕜) :
    ‖EuclideanSpace.single i (a : 𝕜)‖₊ = ‖a‖₊ := by simp

@[deprecated PiLp.dist_single_same (since := "2026-03-15")]
theorem EuclideanSpace.dist_single_same (i : ι) (a b : 𝕜) :
    dist (EuclideanSpace.single i (a : 𝕜)) (EuclideanSpace.single i (b : 𝕜)) = dist a b := by
  simp

@[deprecated PiLp.nndist_single_same (since := "2026-03-15")]
theorem EuclideanSpace.nndist_single_same (i : ι) (a b : 𝕜) :
    nndist (EuclideanSpace.single i (a : 𝕜)) (EuclideanSpace.single i (b : 𝕜)) = nndist a b := by
  simp

@[deprecated PiLp.edist_single_same (since := "2026-03-15")]
theorem EuclideanSpace.edist_single_same (i : ι) (a b : 𝕜) :
    edist (EuclideanSpace.single i (a : 𝕜)) (EuclideanSpace.single i (b : 𝕜)) = edist a b := by
  simp

/-- `EuclideanSpace.single` forms an orthonormal family. -/
theorem EuclideanSpace.orthonormal_single :
    Orthonormal 𝕜 fun i : ι => EuclideanSpace.single i (1 : 𝕜) := by
  simp_rw [orthonormal_iff_ite, EuclideanSpace.inner_single_left, map_one, one_mul,
    PiLp.single_apply]
  intros
  trivial

theorem EuclideanSpace.piLpCongrLeft_single
    {ι' : Type*} [Fintype ι'] [DecidableEq ι'] (e : ι' ≃ ι) (i' : ι') (v : 𝕜) :
    LinearIsometryEquiv.piLpCongrLeft 2 𝕜 𝕜 e (EuclideanSpace.single i' v) =
      EuclideanSpace.single (e i') v :=
  LinearIsometryEquiv.piLpCongrLeft_single e i' _

end DecEq

section finAddEquivProd

/-- The canonical linear homeomorphism between `EuclideanSpace 𝕜 (ι ⊕ κ)` and
`EuclideanSpace 𝕜 ι × EuclideanSpace 𝕜 κ`.

See `PiLp.sumPiLpEquivProdLpPiLp` for the isometry version,
where the RHS is equipped with the Euclidean norm rather than the supremum norm. -/
abbrev EuclideanSpace.sumEquivProd {𝕜 : Type*} [RCLike 𝕜] {ι κ : Type*} [Fintype ι] [Fintype κ] :
    EuclideanSpace 𝕜 (ι ⊕ κ) ≃L[𝕜] EuclideanSpace 𝕜 ι × EuclideanSpace 𝕜 κ :=
  (PiLp.sumPiLpEquivProdLpPiLp 2 _).toContinuousLinearEquiv.trans <|
    WithLp.prodContinuousLinearEquiv _ _ _ _

/-- The canonical linear homeomorphism between `EuclideanSpace 𝕜 (Fin (n + m))` and
`EuclideanSpace 𝕜 (Fin n) × EuclideanSpace 𝕜 (Fin m)`. -/
abbrev EuclideanSpace.finAddEquivProd {𝕜 : Type*} [RCLike 𝕜] {n m : ℕ} :
    EuclideanSpace 𝕜 (Fin (n + m)) ≃L[𝕜] EuclideanSpace 𝕜 (Fin n) × EuclideanSpace 𝕜 (Fin m) :=
  (LinearIsometryEquiv.piLpCongrLeft 2 𝕜 𝕜 finSumFinEquiv.symm).toContinuousLinearEquiv.trans
    sumEquivProd

end finAddEquivProd

variable (ι 𝕜 E)
variable [Fintype ι]

/-- An orthonormal basis on E is an identification of `E` with its dimensional-matching
`EuclideanSpace 𝕜 ι`. -/
structure OrthonormalBasis where ofRepr ::
  /-- Linear isometry between `E` and `EuclideanSpace 𝕜 ι` representing the orthonormal basis. -/
  repr : E ≃ₗᵢ[𝕜] EuclideanSpace 𝕜 ι

variable {ι 𝕜 E}

namespace OrthonormalBasis

theorem repr_injective :
    Injective (repr : OrthonormalBasis ι 𝕜 E → E ≃ₗᵢ[𝕜] EuclideanSpace 𝕜 ι) := fun f g h => by
  cases f
  cases g
  congr

set_option backward.isDefEq.respectTransparency false in
/-- `b i` is the `i`th basis vector. -/
instance instFunLike : FunLike (OrthonormalBasis ι 𝕜 E) ι E where
  coe b i := by classical exact b.repr.symm (EuclideanSpace.single i (1 : 𝕜))
  coe_injective b b' h := repr_injective <| LinearIsometryEquiv.toLinearEquiv_injective <|
    LinearEquiv.symm_bijective.injective <| LinearEquiv.toLinearMap_injective <| by
      classical
        rw [← LinearMap.cancel_right (WithLp.linearEquiv 2 𝕜 (_ → 𝕜)).symm.surjective]
        simp +instances only
        refine LinearMap.pi_ext fun i k => ?_
        have : k = k • (1 : 𝕜) := by rw [smul_eq_mul, mul_one]
        rw [this, Pi.single_smul]
        replace h := congr_fun h i
        simp only [LinearEquiv.comp_coe, map_smul, LinearEquiv.coe_coe, LinearEquiv.trans_apply,
          coe_symm_linearEquiv, PiLp.toLp_single,
          LinearIsometryEquiv.coe_symm_toLinearEquiv] at h ⊢
        rw [h]

@[simp]
theorem coe_ofRepr [DecidableEq ι] (e : E ≃ₗᵢ[𝕜] EuclideanSpace 𝕜 ι) :
    ⇑(OrthonormalBasis.ofRepr e) = fun i => e.symm (EuclideanSpace.single i (1 : 𝕜)) := by
  dsimp only [DFunLike.coe]
  funext
  congr!

@[simp]
protected theorem repr_symm_single [DecidableEq ι] (b : OrthonormalBasis ι 𝕜 E) (i : ι) :
    b.repr.symm (EuclideanSpace.single i (1 : 𝕜)) = b i := by
  dsimp only [DFunLike.coe]
  congr!

@[simp]
protected theorem repr_self [DecidableEq ι] (b : OrthonormalBasis ι 𝕜 E) (i : ι) :
    b.repr (b i) = EuclideanSpace.single i (1 : 𝕜) := by
  rw [← b.repr_symm_single i, LinearIsometryEquiv.apply_symm_apply]

protected theorem repr_apply_apply (b : OrthonormalBasis ι 𝕜 E) (v : E) (i : ι) :
    b.repr v i = ⟪b i, v⟫ := by
  classical
    rw [← b.repr.inner_map_map (b i) v, b.repr_self i, EuclideanSpace.inner_single_left]
    simp only [one_mul, map_one]

@[simp]
protected theorem orthonormal (b : OrthonormalBasis ι 𝕜 E) : Orthonormal 𝕜 b := by
  classical
    rw [orthonormal_iff_ite]
    intro i j
    rw [← b.repr.inner_map_map (b i) (b j), b.repr_self i, b.repr_self j,
      EuclideanSpace.inner_single_left, PiLp.single_apply, map_one, one_mul]

@[simp]
lemma norm_eq_one (b : OrthonormalBasis ι 𝕜 E) (i : ι) :
    ‖b i‖ = 1 := b.orthonormal.norm_eq_one i

@[simp]
lemma nnnorm_eq_one (b : OrthonormalBasis ι 𝕜 E) (i : ι) :
    ‖b i‖₊ = 1 := b.orthonormal.nnnorm_eq_one i

@[simp]
lemma enorm_eq_one (b : OrthonormalBasis ι 𝕜 E) (i : ι) :
    ‖b i‖ₑ = 1 := b.orthonormal.enorm_eq_one i

@[simp]
lemma inner_eq_zero (b : OrthonormalBasis ι 𝕜 E) {i j : ι} (hij : i ≠ j) :
    ⟪b i, b j⟫ = 0 := b.orthonormal.inner_eq_zero hij

lemma inner_eq_one (b : OrthonormalBasis ι 𝕜 E) (i : ι) : ⟪b i, b i⟫ = 1 := by
  simp

lemma inner_eq_ite [DecidableEq ι] (b : OrthonormalBasis ι 𝕜 E) (i j : ι) :
    ⟪b i, b j⟫ = if i = j then 1 else 0 := by
  by_cases h : i = j <;> simp [h]

/-- The `Basis ι 𝕜 E` underlying the `OrthonormalBasis` -/
protected def toBasis (b : OrthonormalBasis ι 𝕜 E) : Basis ι 𝕜 E :=
  Basis.ofEquivFun (b.repr.toLinearEquiv.trans (WithLp.linearEquiv 2 𝕜 (ι → 𝕜)))

@[simp]
protected theorem coe_toBasis (b : OrthonormalBasis ι 𝕜 E) : (⇑b.toBasis : ι → E) = ⇑b := rfl

@[simp]
protected theorem coe_toBasis_repr (b : OrthonormalBasis ι 𝕜 E) :
    b.toBasis.equivFun = b.repr.toLinearEquiv.trans (WithLp.linearEquiv 2 𝕜 (ι → 𝕜)) :=
  Basis.equivFun_ofEquivFun _

@[simp]
protected theorem coe_toBasis_repr_apply (b : OrthonormalBasis ι 𝕜 E) (x : E) (i : ι) :
    b.toBasis.repr x i = b.repr x i := by
  simp [← Basis.equivFun_apply]

protected theorem sum_repr (b : OrthonormalBasis ι 𝕜 E) (x : E) : ∑ i, b.repr x i • b i = x := by
  simp_rw [← b.coe_toBasis_repr_apply, ← b.coe_toBasis]
  exact b.toBasis.sum_repr x

open scoped InnerProductSpace in
protected theorem sum_repr' (b : OrthonormalBasis ι 𝕜 E) (x : E) : ∑ i, ⟪b i, x⟫_𝕜 • b i = x := by
  nth_rw 2 [← (b.sum_repr x)]
  simp_rw [b.repr_apply_apply x]

protected theorem sum_repr_symm (b : OrthonormalBasis ι 𝕜 E) (v : EuclideanSpace 𝕜 ι) :
    ∑ i, v i • b i = b.repr.symm v := by simpa using (b.toBasis.equivFun_symm_apply v).symm

protected theorem sum_inner_mul_inner (b : OrthonormalBasis ι 𝕜 E) (x y : E) :
    ∑ i, ⟪x, b i⟫ * ⟪b i, y⟫ = ⟪x, y⟫ := by
  have := congr_arg (innerSL 𝕜 x) (b.sum_repr y)
  rw [map_sum] at this
  convert! this
  rw [map_smul, b.repr_apply_apply, mul_comm]
  simp

lemma sum_sq_norm_inner_right (b : OrthonormalBasis ι 𝕜 E) (x : E) :
    ∑ i, ‖⟪b i, x⟫‖ ^ 2 = ‖x‖ ^ 2 := by
  rw [@norm_eq_sqrt_re_inner 𝕜, ← OrthonormalBasis.sum_inner_mul_inner b x x, map_sum]
  simp_rw [inner_mul_symm_re_eq_norm, norm_mul, ← inner_conj_symm x, starRingEnd_apply,
    norm_star, ← pow_two]
  rw [Real.sq_sqrt]
  exact Fintype.sum_nonneg fun _ ↦ by positivity

lemma sum_sq_norm_inner_left (b : OrthonormalBasis ι 𝕜 E) (x : E) :
    ∑ i, ‖⟪x, b i⟫‖ ^ 2 = ‖x‖ ^ 2 := by
  convert! sum_sq_norm_inner_right b x using 2 with i -
  rw [← inner_conj_symm, RCLike.norm_conj]

open scoped RealInnerProductSpace in
theorem sum_sq_inner_right {E : Type*} [NormedAddCommGroup E]
    [InnerProductSpace ℝ E] (b : OrthonormalBasis ι ℝ E) (x : E) :
    ∑ i : ι, ⟪b i, x⟫ ^ 2 = ‖x‖ ^ 2 := by
  rw [← b.sum_sq_norm_inner_right]
  simp

open scoped RealInnerProductSpace in
theorem sum_sq_inner_left {ι E : Type*} [NormedAddCommGroup E]
    [InnerProductSpace ℝ E] [Fintype ι] (b : OrthonormalBasis ι ℝ E) (x : E) :
    ∑ i : ι, ⟪x, b i⟫ ^ 2 = ‖x‖ ^ 2 := by
  simp_rw [← b.sum_sq_inner_right, real_inner_comm]

lemma norm_le_card_mul_iSup_norm_inner (b : OrthonormalBasis ι 𝕜 E) (x : E) :
    ‖x‖ ≤ √(Fintype.card ι) * ⨆ i, ‖⟪b i, x⟫‖ := by
  calc ‖x‖
  _ = √(∑ i, ‖⟪b i, x⟫‖ ^ 2) := by rw [sum_sq_norm_inner_right, Real.sqrt_sq (by positivity)]
  _ ≤ √(∑ _ : ι, (⨆ j, ‖⟪b j, x⟫‖) ^ 2) := by
    gcongr with i
    exact le_ciSup (f := fun j ↦ ‖⟪b j, x⟫‖) (by simp) i
  _ = √(Fintype.card ι) * ⨆ i, ‖⟪b i, x⟫‖ := by
    simp only [Finset.sum_const, Finset.card_univ, nsmul_eq_mul, Nat.cast_nonneg, Real.sqrt_mul]
    congr
    rw [Real.sqrt_sq]
    cases isEmpty_or_nonempty ι
    · simp
    · exact le_ciSup_of_le (by simp) (Nonempty.some inferInstance) (by positivity)

protected theorem orthogonalProjectionOnto_apply_eq_sum {U : Submodule 𝕜 E}
    [U.HasOrthogonalProjection] (b : OrthonormalBasis ι 𝕜 U) (x : E) :
    U.orthogonalProjectionOnto x = ∑ i, ⟪(b i : E), x⟫ • b i := by
  simpa only [b.repr_apply_apply, inner_orthogonalProjectionOnto_eq_of_mem_left] using
    (b.sum_repr (U.orthogonalProjectionOnto x)).symm

@[deprecated (since := "2026-05-05")] alias orthogonalProjection_apply_eq_sum :=
  OrthonormalBasis.orthogonalProjectionOnto_apply_eq_sum

protected theorem orthogonalProjectionOnto_eq_sum_rankOne {U : Submodule 𝕜 E}
    [U.HasOrthogonalProjection] (b : OrthonormalBasis ι 𝕜 U) :
    U.orthogonalProjectionOnto = ∑ i, InnerProductSpace.rankOne 𝕜 (b i) (b i : E) := by
  ext; simp [b.orthogonalProjectionOnto_apply_eq_sum]

@[deprecated (since := "2026-05-05")] alias orthogonalProjection_eq_sum_rankOne :=
  OrthonormalBasis.orthogonalProjectionOnto_eq_sum_rankOne

protected theorem starProjection_eq_sum_rankOne {U : Submodule 𝕜 E} [U.HasOrthogonalProjection]
    (b : OrthonormalBasis ι 𝕜 U) :
    U.starProjection = ∑ i, InnerProductSpace.rankOne 𝕜 (b i : E) (b i : E) := by
  ext; simp [starProjection, b.orthogonalProjectionOnto_eq_sum_rankOne]

lemma sum_rankOne_eq_id (b : OrthonormalBasis ι 𝕜 E) :
    ∑ i, InnerProductSpace.rankOne 𝕜 (b i) (b i) = .id 𝕜 E := by ext; simp [b.sum_repr']

/-- Mapping an orthonormal basis along a `LinearIsometryEquiv`. -/
protected def map {G : Type*} [NormedAddCommGroup G] [InnerProductSpace 𝕜 G]
    (b : OrthonormalBasis ι 𝕜 E) (L : E ≃ₗᵢ[𝕜] G) : OrthonormalBasis ι 𝕜 G where
  repr := L.symm.trans b.repr

@[simp]
protected theorem map_apply {G : Type*} [NormedAddCommGroup G] [InnerProductSpace 𝕜 G]
    (b : OrthonormalBasis ι 𝕜 E) (L : E ≃ₗᵢ[𝕜] G) (i : ι) : b.map L i = L (b i) :=
  rfl

lemma coe_map {G : Type*} [NormedAddCommGroup G] [InnerProductSpace 𝕜 G]
    (b : OrthonormalBasis ι 𝕜 E) (L : E ≃ₗᵢ[𝕜] G) : ⇑(b.map L) = L ∘ b := rfl

@[simp]
protected theorem toBasis_map {G : Type*} [NormedAddCommGroup G] [InnerProductSpace 𝕜 G]
    (b : OrthonormalBasis ι 𝕜 E) (L : E ≃ₗᵢ[𝕜] G) :
    (b.map L).toBasis = b.toBasis.map L.toLinearEquiv :=
  rfl

/-- A basis that is orthonormal is an orthonormal basis. -/
def _root_.Module.Basis.toOrthonormalBasis (v : Basis ι 𝕜 E) (hv : Orthonormal 𝕜 v) :
    OrthonormalBasis ι 𝕜 E :=
  OrthonormalBasis.ofRepr <|
    LinearEquiv.isometryOfInner (v.equivFun.trans (WithLp.linearEquiv 2 𝕜 (ι → 𝕜)).symm)
      (by
        intro x y
        let p : EuclideanSpace 𝕜 ι := toLp 2 (v.equivFun x)
        let q : EuclideanSpace 𝕜 ι := toLp 2 (v.equivFun y)
        have key : ⟪p, q⟫ = ⟪∑ i, p i • v i, ∑ i, q i • v i⟫ := by
          simp [inner_sum, inner_smul_right, hv.inner_left_fintype, PiLp.inner_apply]
        convert! key
        · rw [← v.equivFun.symm_apply_apply x, v.equivFun_symm_apply]
        · rw [← v.equivFun.symm_apply_apply y, v.equivFun_symm_apply])

@[simp]
theorem _root_.Module.Basis.coe_toOrthonormalBasis_repr (v : Basis ι 𝕜 E) (hv : Orthonormal 𝕜 v) :
    ((v.toOrthonormalBasis hv).repr : E → EuclideanSpace 𝕜 ι) =
    v.equivFun.trans (WithLp.linearEquiv 2 𝕜 (ι → 𝕜)).symm :=
  rfl

@[simp]
theorem _root_.Module.Basis.coe_toOrthonormalBasis_repr_symm
    (v : Basis ι 𝕜 E) (hv : Orthonormal 𝕜 v) :
    ((v.toOrthonormalBasis hv).repr.symm : EuclideanSpace 𝕜 ι → E) =
    (WithLp.linearEquiv 2 𝕜 (ι → 𝕜)).trans v.equivFun.symm :=
  rfl

@[simp]
theorem _root_.Module.Basis.toBasis_toOrthonormalBasis (v : Basis ι 𝕜 E) (hv : Orthonormal 𝕜 v) :
    (v.toOrthonormalBasis hv).toBasis = v := by
  simp only [OrthonormalBasis.toBasis, Basis.toOrthonormalBasis,
    LinearEquiv.isometryOfInner_toLinearEquiv]
  exact v.ofEquivFun_equivFun

@[simp]
theorem _root_.Module.Basis.coe_toOrthonormalBasis (v : Basis ι 𝕜 E) (hv : Orthonormal 𝕜 v) :
    (v.toOrthonormalBasis hv : ι → E) = (v : ι → E) :=
  calc
    (v.toOrthonormalBasis hv : ι → E) = ((v.toOrthonormalBasis hv).toBasis : ι → E) := by
      rw [OrthonormalBasis.coe_toBasis]
    _ = (v : ι → E) := by simp

section Singleton
variable {ι 𝕜 : Type*} [Unique ι] [RCLike 𝕜]

variable (ι 𝕜) in
/-- `OrthonormalBasis.singleton ι 𝕜` is the orthonormal basis sending the unique element of `ι` to
`1 : 𝕜`. -/
protected noncomputable def singleton : OrthonormalBasis ι 𝕜 𝕜 :=
  (Basis.singleton ι 𝕜).toOrthonormalBasis (by simp)

@[simp]
theorem singleton_apply (i) : OrthonormalBasis.singleton ι 𝕜 i = 1 := Basis.singleton_apply _ _ _

@[simp]
theorem singleton_repr (x i) : (OrthonormalBasis.singleton ι 𝕜).repr x i = x :=
  Basis.singleton_repr _ _ _ _

@[simp]
theorem coe_singleton : ⇑(OrthonormalBasis.singleton ι 𝕜) = 1 := by
  ext; simp

@[simp]
theorem toBasis_singleton : (OrthonormalBasis.singleton ι 𝕜).toBasis = Basis.singleton ι 𝕜 :=
  Basis.toBasis_toOrthonormalBasis _ _

end Singleton

/-- `Pi.orthonormalBasis (B : ∀ i, OrthonormalBasis (ι i) 𝕜 (E i))` is the
`Σ i, ι i`-indexed orthonormal basis on `Π i, E i` given by `B i` on each component. -/
protected def _root_.Pi.orthonormalBasis {η : Type*} [Fintype η] {ι : η → Type*}
    [∀ i, Fintype (ι i)] {𝕜 : Type*} [RCLike 𝕜] {E : η → Type*} [∀ i, NormedAddCommGroup (E i)]
    [∀ i, InnerProductSpace 𝕜 (E i)] (B : ∀ i, OrthonormalBasis (ι i) 𝕜 (E i)) :
    OrthonormalBasis ((i : η) × ι i) 𝕜 (PiLp 2 E) where
  repr := .trans
      (.piLpCongrRight 2 fun i => (B i).repr)
      (.symm <| .piLpCurry 𝕜 2 fun _ _ => 𝕜)

theorem _root_.Pi.orthonormalBasis.toBasis {η : Type*} [Fintype η] {ι : η → Type*}
    [∀ i, Fintype (ι i)] {𝕜 : Type*} [RCLike 𝕜] {E : η → Type*} [∀ i, NormedAddCommGroup (E i)]
    [∀ i, InnerProductSpace 𝕜 (E i)] (B : ∀ i, OrthonormalBasis (ι i) 𝕜 (E i)) :
    (Pi.orthonormalBasis B).toBasis =
      ((Pi.basis fun i : η ↦ (B i).toBasis).map (WithLp.linearEquiv 2 _ _).symm) := by ext; rfl

@[simp]
theorem _root_.Pi.orthonormalBasis_apply {η : Type*} [Fintype η] [DecidableEq η] {ι : η → Type*}
    [∀ i, Fintype (ι i)] {𝕜 : Type*} [RCLike 𝕜] {E : η → Type*} [∀ i, NormedAddCommGroup (E i)]
    [∀ i, InnerProductSpace 𝕜 (E i)] (B : ∀ i, OrthonormalBasis (ι i) 𝕜 (E i))
    (j : (i : η) × (ι i)) :
    Pi.orthonormalBasis B j = PiLp.single 2 j.fst (B j.fst j.snd) := by
  classical
  ext k
  obtain ⟨i, j⟩ := j
  simp only [Pi.orthonormalBasis, coe_ofRepr, LinearIsometryEquiv.symm_trans,
    LinearIsometryEquiv.symm_symm, LinearIsometryEquiv.piLpCongrRight_symm,
    LinearIsometryEquiv.trans_apply, LinearIsometryEquiv.piLpCongrRight_apply,
    LinearIsometryEquiv.piLpCurry_apply, PiLp.ofLp_single, PiLp.toLp_apply,
    Sigma.curry_single (γ := fun _ _ => 𝕜)]
  obtain rfl | hi := Decidable.eq_or_ne i k
  · simp
  · simp [hi]

@[simp]
theorem _root_.Pi.orthonormalBasis_repr {η : Type*} [Fintype η] {ι : η → Type*}
    [∀ i, Fintype (ι i)] {𝕜 : Type*} [RCLike 𝕜] {E : η → Type*} [∀ i, NormedAddCommGroup (E i)]
    [∀ i, InnerProductSpace 𝕜 (E i)] (B : ∀ i, OrthonormalBasis (ι i) 𝕜 (E i)) (x : (i : η) → E i)
    (j : (i : η) × (ι i)) :
    (Pi.orthonormalBasis B).repr (toLp 2 x) j = (B j.fst).repr (x j.fst) j.snd := rfl

variable {v : ι → E}

/-- A finite orthonormal set that spans is an orthonormal basis -/
protected def mk (hon : Orthonormal 𝕜 v) (hsp : ⊤ ≤ Submodule.span 𝕜 (Set.range v)) :
    OrthonormalBasis ι 𝕜 E :=
  (Basis.mk (Orthonormal.linearIndependent hon) hsp).toOrthonormalBasis (by rwa [Basis.coe_mk])

@[simp]
protected theorem coe_mk (hon : Orthonormal 𝕜 v) (hsp : ⊤ ≤ Submodule.span 𝕜 (Set.range v)) :
    ⇑(OrthonormalBasis.mk hon hsp) = v := by
  rw [OrthonormalBasis.mk, _root_.Module.Basis.coe_toOrthonormalBasis, Basis.coe_mk]

/-- Any finite subset of an orthonormal family is an `OrthonormalBasis` for its span. -/
protected def span [DecidableEq E] {v' : ι' → E} (h : Orthonormal 𝕜 v') (s : Finset ι') :
    OrthonormalBasis s 𝕜 (span 𝕜 (s.image v' : Set E)) :=
  let e₀' : Basis s 𝕜 _ :=
    Basis.span (h.linearIndependent.comp ((↑) : s → ι') Subtype.val_injective)
  let e₀ : OrthonormalBasis s 𝕜 _ :=
    OrthonormalBasis.mk
      (by
        convert! orthonormal_span (h.comp ((↑) : s → ι') Subtype.val_injective)
        simp [e₀', Basis.span_apply])
      e₀'.span_eq.ge
  let φ : span 𝕜 (s.image v' : Set E) ≃ₗᵢ[𝕜] span 𝕜 (range (v' ∘ ((↑) : s → ι'))) :=
    LinearIsometryEquiv.ofEq _ _
      (by
        rw [Finset.coe_image, image_eq_range]
        rfl)
  e₀.map φ.symm

@[simp]
protected theorem span_apply [DecidableEq E] {v' : ι' → E} (h : Orthonormal 𝕜 v') (s : Finset ι')
    (i : s) : (OrthonormalBasis.span h s i : E) = v' i := by
  simp only [OrthonormalBasis.span, Basis.span_apply, LinearIsometryEquiv.ofEq_symm,
    OrthonormalBasis.map_apply, OrthonormalBasis.coe_mk, LinearIsometryEquiv.coe_ofEq_apply,
    comp_apply]

open Submodule

/-- A finite orthonormal family of vectors whose span has trivial orthogonal complement is an
orthonormal basis. -/
protected def mkOfOrthogonalEqBot (hon : Orthonormal 𝕜 v) (hsp : (span 𝕜 (Set.range v))ᗮ = ⊥) :
    OrthonormalBasis ι 𝕜 E :=
  OrthonormalBasis.mk hon
    (by
      refine Eq.ge ?_
      have : FiniteDimensional 𝕜 (span 𝕜 (range v)) :=
        FiniteDimensional.span_of_finite 𝕜 (finite_range v)
      have : CompleteSpace (span 𝕜 (range v)) := FiniteDimensional.complete 𝕜 _
      rwa [orthogonal_eq_bot_iff] at hsp)

@[simp]
protected theorem coe_of_orthogonal_eq_bot_mk (hon : Orthonormal 𝕜 v)
    (hsp : (span 𝕜 (Set.range v))ᗮ = ⊥) : ⇑(OrthonormalBasis.mkOfOrthogonalEqBot hon hsp) = v :=
  OrthonormalBasis.coe_mk hon _

variable [Fintype ι']

/-- `b.reindex (e : ι ≃ ι')` is an `OrthonormalBasis` indexed by `ι'` -/
def reindex (b : OrthonormalBasis ι 𝕜 E) (e : ι ≃ ι') : OrthonormalBasis ι' 𝕜 E :=
  OrthonormalBasis.ofRepr (b.repr.trans (LinearIsometryEquiv.piLpCongrLeft 2 𝕜 𝕜 e))

protected theorem reindex_apply (b : OrthonormalBasis ι 𝕜 E) (e : ι ≃ ι') (i' : ι') :
    (b.reindex e) i' = b (e.symm i') := by
  classical
    dsimp [reindex]
    rw [coe_ofRepr]
    dsimp
    rw [← b.repr_symm_single, LinearIsometryEquiv.piLpCongrLeft_symm,
      EuclideanSpace.piLpCongrLeft_single]

@[simp]
theorem reindex_toBasis (b : OrthonormalBasis ι 𝕜 E) (e : ι ≃ ι') :
    (b.reindex e).toBasis = b.toBasis.reindex e := Basis.eq_ofRepr_eq_repr fun _ ↦ congr_fun rfl

@[simp]
protected theorem coe_reindex (b : OrthonormalBasis ι 𝕜 E) (e : ι ≃ ι') :
    ⇑(b.reindex e) = b ∘ e.symm :=
  funext (b.reindex_apply e)

@[simp]
protected theorem repr_reindex (b : OrthonormalBasis ι 𝕜 E) (e : ι ≃ ι') (x : E) (i' : ι') :
    (b.reindex e).repr x i' = b.repr x (e.symm i') := by
  rw [OrthonormalBasis.repr_apply_apply, b.repr_apply_apply, OrthonormalBasis.coe_reindex,
    comp_apply]

end OrthonormalBasis

namespace EuclideanSpace

variable (𝕜 ι)

/-- The basis `Pi.basisFun`, bundled as an orthonormal basis of `EuclideanSpace 𝕜 ι`. -/
noncomputable def basisFun : OrthonormalBasis ι 𝕜 (EuclideanSpace 𝕜 ι) :=
  ⟨LinearIsometryEquiv.refl _ _⟩

@[simp]
theorem basisFun_apply [DecidableEq ι] (i : ι) : basisFun ι 𝕜 i = EuclideanSpace.single i 1 :=
  PiLp.basisFun_apply _ _ _ _

@[simp]
theorem basisFun_repr (x : EuclideanSpace 𝕜 ι) (i : ι) : (basisFun ι 𝕜).repr x i = x i := rfl

@[simp]
theorem basisFun_inner (x : EuclideanSpace 𝕜 ι) (i : ι) : ⟪basisFun ι 𝕜 i, x⟫ = x i := by
  simp [← OrthonormalBasis.repr_apply_apply]

@[simp]
theorem inner_basisFun_real (x : EuclideanSpace ℝ ι) (i : ι) :
    inner ℝ x (basisFun ι ℝ i) = x i := by
  rw [real_inner_comm, basisFun_inner]

theorem basisFun_toBasis : (basisFun ι 𝕜).toBasis = PiLp.basisFun _ 𝕜 ι := rfl

end EuclideanSpace

instance OrthonormalBasis.instInhabited : Inhabited (OrthonormalBasis ι 𝕜 (EuclideanSpace 𝕜 ι)) :=
  ⟨EuclideanSpace.basisFun ι 𝕜⟩

namespace OrthonormalBasis

variable {E' : Type*} [Fintype ι'] [NormedAddCommGroup E'] [InnerProductSpace 𝕜 E']
    (b : OrthonormalBasis ι 𝕜 E) (b' : OrthonormalBasis ι' 𝕜 E') (e : ι ≃ ι')

/-- The `LinearIsometryEquiv` which maps an orthonormal basis to another. This is a convenience
wrapper around `Orthonormal.equiv`. -/
protected def equiv : E ≃ₗᵢ[𝕜] E' :=
  b.repr.trans <| .trans (.piLpCongrLeft _ _ _ e) b'.repr.symm

@[simp]
lemma equiv_symm : (b.equiv b' e).symm = b'.equiv b e.symm := by
  apply b'.toBasis.ext_linearIsometryEquiv
  simp [OrthonormalBasis.equiv]

@[simp]
lemma equiv_apply_basis (i : ι) : b.equiv b' e (b i) = b' (e i) := by
  classical
  simp only [OrthonormalBasis.equiv, LinearIsometryEquiv.trans_apply, OrthonormalBasis.repr_self]
  refine DFunLike.congr rfl ?_
  ext j
  simp

@[simp]
lemma equiv_self_rfl : b.equiv b (.refl ι) = .refl 𝕜 E := by
  apply b.toBasis.ext_linearIsometryEquiv
  simp

set_option backward.isDefEq.respectTransparency false in
lemma equiv_apply (x : E) : b.equiv b' e x = ∑ i, b.repr x i • b' (e i) := by
  nth_rw 1 [← b.sum_repr x, map_sum]
  simp_rw [map_smul, equiv_apply_basis]

lemma equiv_apply_euclideanSpace (x : EuclideanSpace 𝕜 ι) :
    (EuclideanSpace.basisFun ι 𝕜).equiv b (Equiv.refl ι) x = ∑ i, x i • b i := by
  simp_rw [equiv_apply, EuclideanSpace.basisFun_repr, Equiv.refl_apply]

lemma coe_equiv_euclideanSpace :
    ⇑((EuclideanSpace.basisFun ι 𝕜).equiv b (Equiv.refl ι)) = fun x ↦ ∑ i, x i • b i := by
  simp_rw [← equiv_apply_euclideanSpace]

end OrthonormalBasis

section Complex

/-- `![1, I]` is an orthonormal basis for `ℂ` considered as a real inner product space. -/
def Complex.orthonormalBasisOneI : OrthonormalBasis (Fin 2) ℝ ℂ :=
  Complex.basisOneI.toOrthonormalBasis
    (by
      rw [orthonormal_iff_ite]
      intro i; fin_cases i <;> intro j <;> fin_cases j <;> simp [real_inner_eq_re_inner])

@[simp]
theorem Complex.orthonormalBasisOneI_repr_apply (z : ℂ) :
    Complex.orthonormalBasisOneI.repr z = ![z.re, z.im] :=
  rfl

@[simp]
theorem Complex.orthonormalBasisOneI_repr_symm_apply (x : EuclideanSpace ℝ (Fin 2)) :
    Complex.orthonormalBasisOneI.repr.symm x = x 0 + x 1 * I :=
  rfl

@[simp]
theorem Complex.toBasis_orthonormalBasisOneI :
    Complex.orthonormalBasisOneI.toBasis = Complex.basisOneI :=
  Basis.toBasis_toOrthonormalBasis _ _

@[simp]
theorem Complex.coe_orthonormalBasisOneI :
    (Complex.orthonormalBasisOneI : Fin 2 → ℂ) = ![1, I] := by
  simp [Complex.orthonormalBasisOneI]

/-- The isometry between `ℂ` and a two-dimensional real inner product space given by a basis. -/
def Complex.isometryOfOrthonormal (v : OrthonormalBasis (Fin 2) ℝ F) : ℂ ≃ₗᵢ[ℝ] F :=
  Complex.orthonormalBasisOneI.repr.trans v.repr.symm

@[simp]
theorem Complex.map_isometryOfOrthonormal (v : OrthonormalBasis (Fin 2) ℝ F) (f : F ≃ₗᵢ[ℝ] F') :
    Complex.isometryOfOrthonormal (v.map f) = (Complex.isometryOfOrthonormal v).trans f := by
  simp only [isometryOfOrthonormal, OrthonormalBasis.map, LinearIsometryEquiv.symm_trans,
    LinearIsometryEquiv.symm_symm]
  -- Porting note: `LinearIsometryEquiv.trans_assoc` doesn't trigger in the `simp` above
  rw [LinearIsometryEquiv.trans_assoc]

theorem Complex.isometryOfOrthonormal_symm_apply (v : OrthonormalBasis (Fin 2) ℝ F) (f : F) :
    (Complex.isometryOfOrthonormal v).symm f =
      (v.toBasis.coord 0 f : ℂ) + (v.toBasis.coord 1 f : ℂ) * I := by
  simp [Complex.isometryOfOrthonormal]

theorem Complex.isometryOfOrthonormal_apply (v : OrthonormalBasis (Fin 2) ℝ F) (z : ℂ) :
    Complex.isometryOfOrthonormal v z = z.re • v 0 + z.im • v 1 := by
  simp [Complex.isometryOfOrthonormal, ← v.sum_repr_symm]

end Complex

open Module

/-! ### Matrix representation of an orthonormal basis with respect to another -/


section ToMatrix

variable [DecidableEq ι]

section
open scoped Matrix

/-- A version of `OrthonormalBasis.toMatrix_orthonormalBasis_mem_unitary` that works for bases with
different index types. -/
@[simp]
theorem OrthonormalBasis.toMatrix_orthonormalBasis_conjTranspose_mul_self [Fintype ι']
    (a : OrthonormalBasis ι' 𝕜 E) (b : OrthonormalBasis ι 𝕜 E) :
    (a.toBasis.toMatrix b)ᴴ * a.toBasis.toMatrix b = 1 := by
  ext i j
  convert! a.repr.inner_map_map (b i) (b j)
  · simp only [Matrix.mul_apply, Matrix.conjTranspose_apply, star_def, PiLp.inner_apply,
      inner_apply']
    congr
  · rw [orthonormal_iff_ite.mp b.orthonormal i j, Matrix.one_apply]

/-- A version of `OrthonormalBasis.toMatrix_orthonormalBasis_mem_unitary` that works for bases with
different index types. -/
@[simp]
theorem OrthonormalBasis.toMatrix_orthonormalBasis_self_mul_conjTranspose [Fintype ι']
    (a : OrthonormalBasis ι 𝕜 E) (b : OrthonormalBasis ι' 𝕜 E) :
    a.toBasis.toMatrix b * (a.toBasis.toMatrix b)ᴴ = 1 := by
  classical
  rw [Matrix.mul_eq_one_comm_of_equiv (a.toBasis.indexEquiv b.toBasis),
    a.toMatrix_orthonormalBasis_conjTranspose_mul_self b]

variable (a b : OrthonormalBasis ι 𝕜 E)

/-- The change-of-basis matrix between two orthonormal bases `a`, `b` is a unitary matrix. -/
theorem OrthonormalBasis.toMatrix_orthonormalBasis_mem_unitary :
    a.toBasis.toMatrix b ∈ Matrix.unitaryGroup ι 𝕜 := by
  rw [Matrix.mem_unitaryGroup_iff']
  exact a.toMatrix_orthonormalBasis_conjTranspose_mul_self b

/-- The determinant of the change-of-basis matrix between two orthonormal bases `a`, `b` has
unit length. -/
@[simp]
theorem OrthonormalBasis.det_to_matrix_orthonormalBasis : ‖a.toBasis.det b‖ = 1 := by
  have := (Matrix.det_of_mem_unitary (a.toMatrix_orthonormalBasis_mem_unitary b)).2
  rw [star_def, RCLike.mul_conj] at this
  norm_cast at this
  rwa [pow_eq_one_iff_of_nonneg (norm_nonneg _) two_ne_zero] at this

open OrthonormalBasis in
theorem LinearIsometryEquiv.toMatrix_mem_unitaryGroup {G : Type*} [NormedAddCommGroup G]
    [InnerProductSpace 𝕜 G] (f : E ≃ₗᵢ[𝕜] G) (b : OrthonormalBasis ι 𝕜 E)
    (b' : OrthonormalBasis ι 𝕜 G) : f.toMatrix b.toBasis b'.toBasis ∈ Matrix.unitaryGroup ι 𝕜 := by
  simp [LinearMap.toMatrix_eq_basisToMatrix, ← coe_map, toMatrix_orthonormalBasis_mem_unitary]

end

section Real

variable (a b : OrthonormalBasis ι ℝ F)

/-- The change-of-basis matrix between two orthonormal bases `a`, `b` is an orthogonal matrix. -/
theorem OrthonormalBasis.toMatrix_orthonormalBasis_mem_orthogonal :
    a.toBasis.toMatrix b ∈ Matrix.orthogonalGroup ι ℝ :=
  a.toMatrix_orthonormalBasis_mem_unitary b

/-- The determinant of the change-of-basis matrix between two orthonormal bases `a`, `b` is ±1. -/
theorem OrthonormalBasis.det_to_matrix_orthonormalBasis_real :
    a.toBasis.det b = 1 ∨ a.toBasis.det b = -1 := by
  rw [← sq_eq_one_iff]
  simpa [unitary, sq] using! Matrix.det_of_mem_unitary (a.toMatrix_orthonormalBasis_mem_unitary b)

end Real

end ToMatrix

/-! ### Existence of orthonormal basis, etc. -/


section FiniteDimensional

variable {v : Set E}
variable {A : ι → Submodule 𝕜 E}

/-- Given an internal direct sum decomposition of a module `M`, and an orthonormal basis for each
of the components of the direct sum, the disjoint union of these orthonormal bases is an
orthonormal basis for `M`. -/
noncomputable def DirectSum.IsInternal.collectedOrthonormalBasis
    (hV : OrthogonalFamily 𝕜 (fun i => A i) fun i => (A i).subtypeₗᵢ) [DecidableEq ι]
    (hV_sum : DirectSum.IsInternal fun i => A i) {α : ι → Type*} [∀ i, Fintype (α i)]
    (v_family : ∀ i, OrthonormalBasis (α i) 𝕜 (A i)) : OrthonormalBasis (Σ i, α i) 𝕜 E :=
  (hV_sum.collectedBasis fun i => (v_family i).toBasis).toOrthonormalBasis <| by
    simpa using
      hV.orthonormal_sigma_orthonormal (show ∀ i, Orthonormal 𝕜 (v_family i).toBasis by simp)

theorem DirectSum.IsInternal.collectedOrthonormalBasis_mem [DecidableEq ι]
    (h : DirectSum.IsInternal A) {α : ι → Type*} [∀ i, Fintype (α i)]
    (hV : OrthogonalFamily 𝕜 (fun i => A i) fun i => (A i).subtypeₗᵢ)
    (v : ∀ i, OrthonormalBasis (α i) 𝕜 (A i)) (a : Σ i, α i) :
    h.collectedOrthonormalBasis hV v a ∈ A a.1 := by
  simp [DirectSum.IsInternal.collectedOrthonormalBasis]

variable [FiniteDimensional 𝕜 E]

/-- In a finite-dimensional `InnerProductSpace`, any orthonormal subset can be extended to an
orthonormal basis. -/
theorem Orthonormal.exists_orthonormalBasis_extension (hv : Orthonormal 𝕜 ((↑) : v → E)) :
    ∃ (u : Finset E) (b : OrthonormalBasis u 𝕜 E), v ⊆ u ∧ ⇑b = ((↑) : u → E) := by
  obtain ⟨u₀, hu₀s, hu₀, hu₀_max⟩ := exists_maximal_orthonormal hv
  rw [maximal_orthonormal_iff_orthogonalComplement_eq_bot hu₀] at hu₀_max
  have hu₀_finite : u₀.Finite := hu₀.linearIndependent.setFinite
  let u : Finset E := hu₀_finite.toFinset
  let fu : ↥u ≃ ↥u₀ := hu₀_finite.subtypeEquivToFinset.symm
  have hu : Orthonormal 𝕜 ((↑) : u → E) := by simpa using! hu₀.comp _ fu.injective
  refine ⟨u, OrthonormalBasis.mkOfOrthogonalEqBot hu ?_, ?_, ?_⟩
  · simpa [u] using! hu₀_max
  · simpa [u] using! hu₀s
  · simp

theorem Orthonormal.exists_orthonormalBasis_extension_of_card_eq {ι : Type*} [Fintype ι]
    (card_ι : finrank 𝕜 E = Fintype.card ι) {v : ι → E} {s : Set ι}
    (hv : Orthonormal 𝕜 (s.domRestrict v)) :
    ∃ b : OrthonormalBasis ι 𝕜 E, ∀ i ∈ s, b i = v i := by
  have hsv : Injective (s.domRestrict v) := hv.linearIndependent.injective
  have hX : Orthonormal 𝕜 ((↑) : Set.range (s.domRestrict v) → E) := by
    rwa [orthonormal_subtype_range hsv]
  obtain ⟨Y, b₀, hX, hb₀⟩ := hX.exists_orthonormalBasis_extension
  have hιY : Fintype.card ι = Y.card := by
    refine card_ι.symm.trans ?_
    exact Module.finrank_eq_card_finset_basis b₀.toBasis
  have hvsY : s.MapsTo v Y := (s.mapsTo_image v).mono_right (by rwa [← range_domRestrict])
  have hsv' : Set.InjOn v s := by
    rw [Set.injOn_iff_injective]
    exact hsv
  obtain ⟨g, hg⟩ := hvsY.exists_equiv_extend_of_card_eq hιY hsv'
  use b₀.reindex g.symm
  intro i hi
  simp [hb₀, hg i hi]

variable (𝕜 E)

/-- A finite-dimensional inner product space admits an orthonormal basis. -/
theorem _root_.exists_orthonormalBasis :
    ∃ (w : Finset E) (b : OrthonormalBasis w 𝕜 E), ⇑b = ((↑) : w → E) :=
  let ⟨w, hw, _, hw''⟩ := (orthonormal_empty 𝕜 E).exists_orthonormalBasis_extension
  ⟨w, hw, hw''⟩

/-- A finite-dimensional `InnerProductSpace` has an orthonormal basis. -/
irreducible_def stdOrthonormalBasis : OrthonormalBasis (Fin (finrank 𝕜 E)) 𝕜 E := by
  let b := Classical.choose (Classical.choose_spec <| exists_orthonormalBasis 𝕜 E)
  rw [finrank_eq_card_basis b.toBasis]
  exact b.reindex (Fintype.equivFinOfCardEq rfl)

/-- An orthonormal basis of `ℝ` is made either of the vector `1`, or of the vector `-1`. -/
theorem orthonormalBasis_one_dim (b : OrthonormalBasis ι ℝ ℝ) :
    (⇑b = fun _ => (1 : ℝ)) ∨ ⇑b = fun _ => (-1 : ℝ) := by
  have : Unique ι := b.toBasis.unique
  have : b default = 1 ∨ b default = -1 := by
    have : ‖b default‖ = 1 := b.orthonormal.1 _
    rwa [Real.norm_eq_abs, abs_eq (zero_le_one' ℝ)] at this
  rw [eq_const_of_unique b]
  grind

variable {𝕜 E}

section SubordinateOrthonormalBasis

open DirectSum

variable {n : ℕ} (hn : finrank 𝕜 E = n) [DecidableEq ι] {V : ι → Submodule 𝕜 E} (hV : IsInternal V)

/-- Exhibit a bijection between `Fin n` and the index set of a certain basis of an `n`-dimensional
inner product space `E`.  This should not be accessed directly, but only via the subsequent API. -/
irreducible_def DirectSum.IsInternal.sigmaOrthonormalBasisIndexEquiv
    (hV' : OrthogonalFamily 𝕜 (fun i => V i) fun i => (V i).subtypeₗᵢ) :
    (Σ i, Fin (finrank 𝕜 (V i))) ≃ Fin n :=
  let b := hV.collectedOrthonormalBasis hV' fun i => stdOrthonormalBasis 𝕜 (V i)
  Fintype.equivFinOfCardEq <| (Module.finrank_eq_card_basis b.toBasis).symm.trans hn

/-- An `n`-dimensional `InnerProductSpace` equipped with a decomposition as an internal direct
sum has an orthonormal basis indexed by `Fin n` and subordinate to that direct sum. -/
irreducible_def DirectSum.IsInternal.subordinateOrthonormalBasis
    (hV' : OrthogonalFamily 𝕜 (fun i => V i) fun i => (V i).subtypeₗᵢ) :
    OrthonormalBasis (Fin n) 𝕜 E :=
  (hV.collectedOrthonormalBasis hV' fun i => stdOrthonormalBasis 𝕜 (V i)).reindex
    (hV.sigmaOrthonormalBasisIndexEquiv hn hV')

/-- An `n`-dimensional `InnerProductSpace` equipped with a decomposition as an internal direct
sum has an orthonormal basis indexed by `Fin n` and subordinate to that direct sum. This function
provides the mapping by which it is subordinate. -/
irreducible_def DirectSum.IsInternal.subordinateOrthonormalBasisIndex (a : Fin n)
    (hV' : OrthogonalFamily 𝕜 (fun i => V i) fun i => (V i).subtypeₗᵢ) : ι :=
  ((hV.sigmaOrthonormalBasisIndexEquiv hn hV').symm a).1

/-- The basis constructed in `DirectSum.IsInternal.subordinateOrthonormalBasis` is subordinate to
the `OrthogonalFamily` in question. -/
theorem DirectSum.IsInternal.subordinateOrthonormalBasis_subordinate (a : Fin n)
    (hV' : OrthogonalFamily 𝕜 (fun i => V i) fun i => (V i).subtypeₗᵢ) :
    hV.subordinateOrthonormalBasis hn hV' a ∈ V (hV.subordinateOrthonormalBasisIndex hn a hV') := by
  simpa only [DirectSum.IsInternal.subordinateOrthonormalBasis, OrthonormalBasis.coe_reindex,
    DirectSum.IsInternal.subordinateOrthonormalBasisIndex] using!
    hV.collectedOrthonormalBasis_mem hV' (fun i => stdOrthonormalBasis 𝕜 (V i))
      ((hV.sigmaOrthonormalBasisIndexEquiv hn hV').symm a)

theorem DirectSum.IsInternal.exists_subordinateOrthonormalBasisIndex_eq
    (hV' : OrthogonalFamily 𝕜 (fun i => V i) fun i => (V i).subtypeₗᵢ) {i : ι} (hi : V i ≠ ⊥) :
    ∃ a : Fin n, hV.subordinateOrthonormalBasisIndex hn a hV' = i := by
  use hV.sigmaOrthonormalBasisIndexEquiv hn hV' ⟨i, ⟨0, by grind [finrank_eq_zero (S := V i)]⟩⟩
  simp [subordinateOrthonormalBasisIndex_def]

private def DirectSum.IsInternal.subordinateOrthonormalBasisIndexFiberEquiv
    (hV' : OrthogonalFamily 𝕜 (fun i => V i) fun i => (V i).subtypeₗᵢ) (i : ι) :
    {a : Fin n // hV.subordinateOrthonormalBasisIndex hn a hV' = i} ≃ Fin (finrank 𝕜 (V i)) where
  toFun a := Fin.cast (by rw [← subordinateOrthonormalBasisIndex_def, a.property])
    ((hV.sigmaOrthonormalBasisIndexEquiv hn hV').symm a).snd
  invFun b := ⟨hV.sigmaOrthonormalBasisIndexEquiv hn hV' ⟨i, b⟩,
    by simp [subordinateOrthonormalBasisIndex_def]⟩
  left_inv := by grind [subordinateOrthonormalBasisIndex_def, Fin.cast_eq_self]
  right_inv := by grind

theorem DirectSum.IsInternal.card_filter_subordinateOrthonormalBasisIndex_eq
    (hV' : OrthogonalFamily 𝕜 (fun i => V i) fun i => (V i).subtypeₗᵢ) (i : ι) :
    Finset.card {a | hV.subordinateOrthonormalBasisIndex hn a hV' = i} = finrank 𝕜 (V i) := by
  apply Finset.card_eq_of_equiv_fin
  simpa using hV.subordinateOrthonormalBasisIndexFiberEquiv hn hV' i

end SubordinateOrthonormalBasis

end FiniteDimensional

/-- Given a natural number `n` one less than the `finrank` of a finite-dimensional inner product
space, there exists an isometry from the orthogonal complement of a nonzero singleton to
`EuclideanSpace 𝕜 (Fin n)`. -/
def OrthonormalBasis.fromOrthogonalSpanSingleton (n : ℕ) [Fact (finrank 𝕜 E = n + 1)] {v : E}
    (hv : v ≠ 0) : OrthonormalBasis (Fin n) 𝕜 (𝕜 ∙ v)ᗮ :=
  have : FiniteDimensional 𝕜 E := .of_fact_finrank_eq_succ (K := 𝕜) (V := E) n
  (stdOrthonormalBasis _ _).reindex <| finCongr <| finrank_orthogonal_span_singleton hv

section LinearIsometry

variable {V : Type*} [NormedAddCommGroup V] [InnerProductSpace 𝕜 V] [FiniteDimensional 𝕜 V]
variable {S : Submodule 𝕜 V} {L : S →ₗᵢ[𝕜] V}

open Module

/-- Let `S` be a subspace of a finite-dimensional complex inner product space `V`.  A linear
isometry mapping `S` into `V` can be extended to a full isometry of `V`.

TODO:  The case when `S` is a finite-dimensional subspace of an infinite-dimensional `V`. -/
noncomputable def LinearIsometry.extend (L : S →ₗᵢ[𝕜] V) : V →ₗᵢ[𝕜] V := by
  -- Build an isometry from Sᗮ to L(S)ᗮ through `EuclideanSpace`
  let d := finrank 𝕜 Sᗮ
  let LS := LinearMap.range L.toLinearMap
  have E : Sᗮ ≃ₗᵢ[𝕜] LSᗮ := by
    have dim_LS_perp : finrank 𝕜 LSᗮ = d :=
      calc
        finrank 𝕜 LSᗮ = finrank 𝕜 V - finrank 𝕜 LS := by
          simp only [← LS.finrank_add_finrank_orthogonal, add_tsub_cancel_left]
        _ = finrank 𝕜 V - finrank 𝕜 S := by
          simp only [LS, LinearMap.finrank_range_of_inj L.injective]
        _ = finrank 𝕜 Sᗮ := by simp only [← S.finrank_add_finrank_orthogonal, add_tsub_cancel_left]
    exact
      (stdOrthonormalBasis 𝕜 Sᗮ).repr.trans
        ((stdOrthonormalBasis 𝕜 LSᗮ).reindex <| finCongr dim_LS_perp).repr.symm
  let L3 := LSᗮ.subtypeₗᵢ.comp E.toLinearIsometry
  -- Project onto S and Sᗮ
  haveI : CompleteSpace S := FiniteDimensional.complete 𝕜 S
  haveI : CompleteSpace V := FiniteDimensional.complete 𝕜 V
  let p1 := S.orthogonalProjectionOnto.toLinearMap
  let p2 := Sᗮ.orthogonalProjectionOnto.toLinearMap
  -- Build a linear map from the isometries on S and Sᗮ
  let M := L.toLinearMap.comp p1 + L3.toLinearMap.comp p2
  -- Prove that M is an isometry
  have M_norm_map : ∀ x : V, ‖M x‖ = ‖x‖ := by
    intro x
    -- Apply M to the orthogonal decomposition of x
    have Mx_decomp : M x = L (p1 x) + L3 (p2 x) := by
      simp only [M, LinearMap.add_apply, LinearMap.comp_apply, LinearMap.comp_apply,
        LinearIsometry.coe_toLinearMap]
    -- Mx_decomp is the orthogonal decomposition of M x
    have Mx_orth : ⟪L (p1 x), L3 (p2 x)⟫ = 0 := by
      have Lp1x : L (p1 x) ∈ LinearMap.range L.toLinearMap :=
        LinearMap.mem_range_self L.toLinearMap (p1 x)
      have Lp2x : L3 (p2 x) ∈ (LinearMap.range L.toLinearMap)ᗮ := by
        simp only [LS,
          ← Submodule.range_subtype LSᗮ]
        apply LinearMap.mem_range_self
      apply Submodule.inner_right_of_mem_orthogonal Lp1x Lp2x
    -- Apply the Pythagorean theorem and simplify
    rw [← sq_eq_sq₀ (norm_nonneg _) (norm_nonneg _), norm_sq_eq_add_norm_sq_projection x S]
    simp only [sq, Mx_decomp]
    rw [norm_add_sq_eq_norm_sq_add_norm_sq_of_inner_eq_zero (L (p1 x)) (L3 (p2 x)) Mx_orth]
    simp only [p1, p2, LinearIsometry.norm_map,
      ContinuousLinearMap.coe_coe, Submodule.coe_norm]
  exact
    { toLinearMap := M
      norm_map' := M_norm_map }

theorem LinearIsometry.extend_apply (L : S →ₗᵢ[𝕜] V) (s : S) : L.extend s = L s := by
  simp only [LinearIsometry.extend, ← LinearIsometry.coe_toLinearMap]
  simp

end LinearIsometry

section Matrix

open Matrix

variable {m n : Type*}

namespace Matrix

variable [Fintype n] [DecidableEq n]

/-- A shorthand for `Matrix.toLpLin 2 2`. -/
abbrev toEuclideanLin : Matrix m n 𝕜 ≃ₗ[𝕜] EuclideanSpace 𝕜 n →ₗ[𝕜] EuclideanSpace 𝕜 m :=
  toLpLin 2 2

@[deprecated toLpLin_toLp (since := "2026-01-22")]
lemma toEuclideanLin_toLp (A : Matrix m n 𝕜) (x : n → 𝕜) :
    Matrix.toEuclideanLin A (toLp _ x) = toLp _ (Matrix.toLin' A x) := rfl

@[deprecated ofLp_toLpLin (since := "2026-01-22")]
theorem piLp_ofLp_toEuclideanLin (A : Matrix m n 𝕜) (x : EuclideanSpace 𝕜 n) :
    ofLp (Matrix.toEuclideanLin A x) = Matrix.toLin' A (ofLp x) :=
  rfl

@[deprecated toLpLin_apply (since := "2026-01-22")]
theorem toEuclideanLin_apply (M : Matrix m n 𝕜) (v : EuclideanSpace 𝕜 n) :
    toEuclideanLin M v = toLp _ (M *ᵥ ofLp v) := rfl

@[deprecated ofLp_toLpLin (since := "2026-01-22")]
theorem ofLp_toEuclideanLin_apply (M : Matrix m n 𝕜) (v : EuclideanSpace 𝕜 n) :
    ofLp (toEuclideanLin M v) = M *ᵥ ofLp v :=
  rfl

@[deprecated toLpLin_toLp (since := "2026-01-22")]
theorem toEuclideanLin_apply_piLp_toLp (M : Matrix m n 𝕜) (v : n → 𝕜) :
    toEuclideanLin M (toLp _ v) = toLp _ (M *ᵥ v) :=
  rfl

-- `Matrix.toEuclideanLin` is the same as `Matrix.toLin` applied to `PiLp.basisFun`,
@[deprecated toLpLin_eq_toLin (since := "2026-01-22")]
theorem toEuclideanLin_eq_toLin [Finite m] :
    (toEuclideanLin : Matrix m n 𝕜 ≃ₗ[𝕜] _) =
      Matrix.toLin (PiLp.basisFun _ _ _) (PiLp.basisFun _ _ _) :=
  rfl

open EuclideanSpace in
lemma toEuclideanLin_eq_toLin_orthonormal [Fintype m] :
    toEuclideanLin = toLin (basisFun n 𝕜).toBasis (basisFun m 𝕜).toBasis :=
  rfl

end Matrix

local notation "⟪" x ", " y "⟫ₑ" => inner 𝕜 (toLp 2 x) (toLp 2 y)

/-- The inner product of a row of `A` and a row of `B` is an entry of `B * Aᴴ`. -/
theorem inner_matrix_row_row [Fintype n] (A B : Matrix m n 𝕜) (i j : m) :
    ⟪A i, B j⟫ₑ = (B * Aᴴ) j i := by
  simp [PiLp.inner_apply, dotProduct, mul_apply']

/-- The inner product of a column of `A` and a column of `B` is an entry of `Aᴴ * B`. -/
theorem inner_matrix_col_col [Fintype m] (A B : Matrix m n 𝕜) (i j : n) :
    ⟪Aᵀ i, Bᵀ j⟫ₑ = (Aᴴ * B) i j := by
  simp [PiLp.inner_apply, dotProduct, mul_apply', mul_comm]

/-- The matrix representation of `innerSL 𝕜 x` given by an orthonormal basis `b` and `b₂`
is equal to `vecMulVec (star b₂) (star (b.repr x))`. -/
theorem LinearMap.toMatrix_innerₛₗ_apply [Fintype n] [DecidableEq n] [Fintype m]
    (b : OrthonormalBasis n 𝕜 E) (b₂ : OrthonormalBasis m 𝕜 𝕜) (x : E) :
    (innerₛₗ 𝕜 x).toMatrix b.toBasis b₂.toBasis = vecMulVec (star b₂) (star (b.repr x)) := by
  ext; simp [LinearMap.toMatrix_apply, vecMulVec_apply, OrthonormalBasis.repr_apply_apply, mul_comm]

@[deprecated (since := "2026-01-03")] alias toMatrix_innerSL_apply :=
  LinearMap.toMatrix_innerₛₗ_apply

end Matrix

open ContinuousLinearMap LinearMap in
theorem InnerProductSpace.toMatrix_rankOne {𝕜 E F ι ι' : Type*} [RCLike 𝕜]
    [SeminormedAddCommGroup E] [NormedSpace 𝕜 E] [NormedAddCommGroup F] [InnerProductSpace 𝕜 F]
    [Finite ι] [Fintype ι'] [DecidableEq ι'] (x : E) (y : F) (b : Module.Basis ι 𝕜 E)
    (b' : OrthonormalBasis ι' 𝕜 F) :
    (rankOne 𝕜 x y).toMatrix b'.toBasis b = .vecMulVec (b.repr x) (star (b'.repr y)) := by
  have := Fintype.ofFinite ι
  rw [rankOne_def', ContinuousLinearMap.toLinearMap_comp, toLinearMap_toSpanSingleton,
    toMatrix_comp _ (OrthonormalBasis.singleton Unit 𝕜).toBasis, toMatrix_toSpanSingleton,
    toLinearMap_innerSL_apply, toMatrix_innerₛₗ_apply, OrthonormalBasis.toBasis_singleton,
    Basis.coe_singleton, Matrix.vecMulVec_one, OrthonormalBasis.coe_singleton, star_one,
    Matrix.one_vecMulVec, Matrix.vecMulVec_eq Unit]

set_option backward.isDefEq.respectTransparency false in
open Matrix LinearMap EuclideanSpace in
theorem InnerProductSpace.symm_toEuclideanLin_rankOne {𝕜 m n : Type*} [RCLike 𝕜] [Fintype m]
    [Fintype n] [DecidableEq n] (x : EuclideanSpace 𝕜 m) (y : EuclideanSpace 𝕜 n) :
    toEuclideanLin.symm (rankOne 𝕜 x y) = .vecMulVec x (star y) := by
  simp [toLpLin, toMatrix', ← Matrix.ext_iff, vecMulVec_apply, inner_single_right, mul_comm]

namespace FiniteDimensional
variable [Unique ι] (h : Module.finrank 𝕜 E = 1) {v : E} (hv : ‖v‖ = 1)

variable (ι 𝕜 v) in
/-- In an inner product space with dimension 1, a set `{v}` is an orthonormal basis for
`‖v‖ = 1`. -/
def orthonormalBasisSingleton : OrthonormalBasis ι 𝕜 E :=
  (basisSingleton ι h v (by aesop)).toOrthonormalBasis (by simpa)

@[simp]
theorem orthonormalBasisSingleton_apply (i : ι) :
    orthonormalBasisSingleton ι 𝕜 h v hv i = v := by
  simp [orthonormalBasisSingleton]

@[simp]
theorem toBasis_orthonormalBasisSingleton :
    (orthonormalBasisSingleton ι 𝕜 h v hv).toBasis = basisSingleton ι h v (by aesop) := by
  simp [orthonormalBasisSingleton]

@[simp]
theorem orthonormalBasisSingleton_repr_apply (w : E) :
    (orthonormalBasisSingleton ι 𝕜 h v hv).repr w = .single default ⟪v, w⟫ := by
  ext
  simp [OrthonormalBasis.repr_apply_apply, Unique.eq_default]

theorem range_orthonormalBasisSingleton :
    Set.range (orthonormalBasisSingleton ι 𝕜 h v hv) = {v} := by
  simp

end FiniteDimensional

9f47c32c8ab7db3de8e5a201746f3b26357590f5 blob 37796
/-
Copyright (c) 2018 Kenny Lau. All rights reserved.
Released under Apache 2.0 license as described in the file LICENSE.
Authors: Kenny Lau, Chris Hughes, Anne Baanen
-/
module

public import Mathlib.Data.Matrix.Basic
public import Mathlib.Data.Matrix.Block
public import Mathlib.LinearAlgebra.Matrix.Notation
public import Mathlib.LinearAlgebra.Matrix.RowCol
public import Mathlib.GroupTheory.Perm.Fin
public import Mathlib.LinearAlgebra.Alternating.Basic
public import Mathlib.LinearAlgebra.Matrix.SemiringInverse

/-!
# Determinant of a matrix

This file defines the determinant of a matrix, `Matrix.det`, and its essential properties.

## Main definitions

- `Matrix.det`: the determinant of a square matrix, as a sum over permutations
- `Matrix.detRowAlternating`: the determinant, as an `AlternatingMap` in the rows of the matrix

## Main results

- `det_mul`: the determinant of `A * B` is the product of determinants
- `det_zero_of_row_eq`: the determinant is zero if there is a repeated row
- `det_block_diagonal`: the determinant of a block diagonal matrix is a product
  of the blocks' determinants

## Implementation notes

It is possible to configure `simp` to compute determinants. See the file
`MathlibTest/matrix.lean` for some examples.

-/

@[expose] public section


universe u v w z

open Equiv Equiv.Perm Finset Function

namespace Matrix

variable {m n : Type*} [DecidableEq n] [Fintype n] [DecidableEq m] [Fintype m]
variable {R : Type v} [CommRing R]

local notation "ε " σ:arg => ((sign σ : ℤ) : R)

/-- `det` is an `AlternatingMap` in the rows of the matrix. -/
def detRowAlternating : (n → R) [⋀^n]→ₗ[R] R :=
  MultilinearMap.alternatization ((MultilinearMap.mkPiAlgebra R n R).compLinearMap LinearMap.proj)

/-- The determinant of a matrix given by the Leibniz formula. -/
@[wikidata Q178546]
def det (M : Matrix n n R) : R :=
  detRowAlternating M

theorem det_apply (M : Matrix n n R) : M.det = ∑ σ : Perm n, Equiv.Perm.sign σ • ∏ i, M (σ i) i :=
  MultilinearMap.alternatization_apply _ M

-- This is what the old definition was. We use it to avoid having to change the old proofs below
theorem det_apply' (M : Matrix n n R) : M.det = ∑ σ : Perm n, ε σ * ∏ i, M (σ i) i := by
  simp [det_apply, Units.smul_def]

theorem det_eq_detp_sub_detp (M : Matrix n n R) : M.det = M.detp 1 - M.detp (-1) := by
  rw [det_apply, ← Equiv.sum_comp (Equiv.inv (Perm n)), ← ofSign_disjUnion, sum_disjUnion]
  simp_rw [inv_apply, sign_inv, sub_eq_add_neg, detp, ← sum_neg_distrib]
  refine congr_arg₂ (· + ·) (sum_congr rfl fun σ hσ ↦ ?_) (sum_congr rfl fun σ hσ ↦ ?_) <;>
    rw [mem_ofSign.mp hσ, ← Equiv.prod_comp σ] <;> simp

@[simp]
theorem det_diagonal {d : n → R} : det (diagonal d) = ∏ i, d i := by
  rw [det_apply']
  refine (Finset.sum_eq_single 1 ?_ ?_).trans ?_
  · rintro σ - h2
    obtain ⟨x, h3⟩ := not_forall.1 (mt Equiv.ext h2)
    convert! mul_zero (ε σ)
    apply Finset.prod_eq_zero (mem_univ x)
    exact if_neg h3
  · simp
  · simp

@[simp] theorem det_zero [Nonempty n] : det (0 : Matrix n n R) = 0 :=
  (detRowAlternating : (n → R) [⋀^n]→ₗ[R] R).map_zero

@[simp]
theorem det_one : det (1 : Matrix n n R) = 1 := by rw [← diagonal_one]; simp [-diagonal_one]

theorem det_isEmpty [IsEmpty n] {A : Matrix n n R} : det A = 1 := by simp [det_apply]

@[simp]
theorem coe_det_isEmpty [IsEmpty n] : (det : Matrix n n R → R) = Function.const _ 1 := by
  ext
  exact det_isEmpty

theorem det_eq_one_of_card_eq_zero {A : Matrix n n R} (h : Fintype.card n = 0) : det A = 1 :=
  haveI : IsEmpty n := Fintype.card_eq_zero_iff.mp h
  det_isEmpty

/-- If `n` has only one element, the determinant of an `n` by `n` matrix is just that element.
Although `Unique` implies `DecidableEq` and `Fintype`, the instances might
not be syntactically equal. Thus, we need to fill in the args explicitly. -/
@[simp]
theorem det_unique {n : Type*} [Unique n] [DecidableEq n] [Fintype n] (A : Matrix n n R) :
    det A = A default default := by simp [det_apply, univ_unique]

theorem det_eq_elem_of_subsingleton [Subsingleton n] (A : Matrix n n R) (k : n) :
    det A = A k k := by
  have := uniqueOfSubsingleton k
  convert! det_unique A

theorem det_eq_elem_of_card_eq_one {A : Matrix n n R} (h : Fintype.card n = 1) (k : n) :
    det A = A k k :=
  haveI : Subsingleton n := Fintype.card_le_one_iff_subsingleton.mp h.le
  det_eq_elem_of_subsingleton _ _

theorem det_mul_aux {M N : Matrix n n R} {p : n → n} (H : ¬Bijective p) :
    (∑ σ : Perm n, ε σ * ∏ x, M (σ x) (p x) * N (p x) x) = 0 := by
  obtain ⟨i, j, hpij, hij⟩ : ∃ i j, p i = p j ∧ i ≠ j := by
    rw [← Finite.injective_iff_bijective, Injective] at H
    push Not at H
    exact H
  exact
    sum_involution (fun σ _ => σ * Equiv.swap i j)
      (fun σ _ => by
        have : (∏ x, M (σ x) (p x)) = ∏ x, M ((σ * Equiv.swap i j) x) (p x) :=
          Fintype.prod_equiv (swap i j) _ _ (by simp [apply_swap_eq_self hpij])
        simp [this, sign_swap hij, -sign_swap', prod_mul_distrib])
      (fun σ _ _ => (not_congr mul_swap_eq_iff).mpr hij) (fun _ _ => mem_univ _) fun σ _ =>
      mul_swap_involutive i j σ

@[simp]
theorem det_mul (M N : Matrix n n R) : det (M * N) = det M * det N :=
  calc
    det (M * N) = ∑ p : n → n, ∑ σ : Perm n, ε σ * ∏ i, M (σ i) (p i) * N (p i) i := by
      simp only [det_apply', mul_apply, prod_univ_sum, mul_sum, Fintype.piFinset_univ]
      rw [Finset.sum_comm]
    _ = ∑ p : n → n with Bijective p, ∑ σ : Perm n, ε σ * ∏ i, M (σ i) (p i) * N (p i) i := by
      refine (sum_subset (filter_subset _ _) fun f _ hbij ↦ det_mul_aux ?_).symm
      simpa only [mem_filter_univ] using hbij
    _ = ∑ τ : Perm n, ∑ σ : Perm n, ε σ * ∏ i, M (σ i) (τ i) * N (τ i) i :=
      sum_bij (fun p h ↦ Equiv.ofBijective p (mem_filter.1 h).2) (fun _ _ ↦ mem_univ _)
        (fun _ _ _ _ h ↦ by injection h)
        (fun b _ ↦ ⟨b, mem_filter.2 ⟨mem_univ _, b.bijective⟩, coe_fn_injective rfl⟩) fun _ _ ↦ rfl
    _ = ∑ σ : Perm n, ∑ τ : Perm n, (∏ i, N (σ i) i) * ε τ * ∏ j, M (τ j) (σ j) := by
      simp only [mul_comm, mul_left_comm, prod_mul_distrib, mul_assoc]
    _ = ∑ σ : Perm n, ∑ τ : Perm n, (∏ i, N (σ i) i) * (ε σ * ε τ) * ∏ i, M (τ i) i :=
      (sum_congr rfl fun σ _ =>
        Fintype.sum_equiv (Equiv.mulRight σ⁻¹) _ _ fun τ => by
          have : (∏ j, M (τ j) (σ j)) = ∏ j, M ((τ * σ⁻¹) j) j := by
            rw [← (σ⁻¹ : _ ≃ _).prod_comp]
            simp
          have h : ε σ * ε (τ * σ⁻¹) = ε τ :=
            calc
              ε σ * ε (τ * σ⁻¹) = ε (τ * σ⁻¹ * σ) := by
                rw [mul_comm, sign_mul (τ * σ⁻¹)]
                simp only [Int.cast_mul, Units.val_mul]
              _ = ε τ := by simp only [inv_mul_cancel_right]
          simp_rw [Equiv.coe_mulRight, h]
          simp only [this])
    _ = det M * det N := by
      simp only [det_apply', Finset.mul_sum, mul_comm, mul_left_comm, mul_assoc]

/-- The determinant of a matrix, as a monoid homomorphism. -/
def detMonoidHom : Matrix n n R →* R where
  toFun := det
  map_one' := det_one
  map_mul' := det_mul

@[simp]
theorem coe_detMonoidHom : (detMonoidHom : Matrix n n R → R) = det :=
  rfl

/-- On square matrices, `mul_comm` applies under `det`. -/
theorem det_mul_comm (M N : Matrix m m R) : det (M * N) = det (N * M) := by
  rw [det_mul, det_mul, mul_comm]

/-- On square matrices, `mul_left_comm` applies under `det`. -/
theorem det_mul_left_comm (M N P : Matrix m m R) : det (M * (N * P)) = det (N * (M * P)) := by
  rw [← Matrix.mul_assoc, ← Matrix.mul_assoc, det_mul, det_mul_comm M N, ← det_mul]

/-- On square matrices, `mul_right_comm` applies under `det`. -/
theorem det_mul_right_comm (M N P : Matrix m m R) : det (M * N * P) = det (M * P * N) := by
  rw [Matrix.mul_assoc, Matrix.mul_assoc, det_mul, det_mul_comm N P, ← det_mul]

-- TODO(https://github.com/leanprover-community/mathlib4/issues/6607): fix elaboration so `val` isn't needed
theorem det_units_conj (M : (Matrix m m R)ˣ) (N : Matrix m m R) :
    det (M.val * N * M⁻¹.val) = det N := by
  rw [det_mul_right_comm, Units.mul_inv, one_mul]

-- TODO(https://github.com/leanprover-community/mathlib4/issues/6607): fix elaboration so `val` isn't needed
theorem det_units_conj' (M : (Matrix m m R)ˣ) (N : Matrix m m R) :
    det (M⁻¹.val * N * ↑M.val) = det N :=
  det_units_conj M⁻¹ N

/-- Transposing a matrix preserves the determinant. -/
@[simp]
theorem det_transpose (M : Matrix n n R) : Mᵀ.det = M.det := by
  rw [det_apply', det_apply']
  refine Fintype.sum_bijective _ inv_involutive.bijective _ _ ?_
  intro σ
  rw [sign_inv]
  congr 1
  apply Fintype.prod_equiv σ
  simp

/-- Permuting the columns changes the sign of the determinant. -/
theorem det_permute (σ : Perm n) (M : Matrix n n R) :
    (M.submatrix σ id).det = Perm.sign σ * M.det :=
  ((detRowAlternating : (n → R) [⋀^n]→ₗ[R] R).map_perm M σ).trans (by simp [Units.smul_def, det])

/-- Permuting the rows changes the sign of the determinant. -/
theorem det_permute' (σ : Perm n) (M : Matrix n n R) :
    (M.submatrix id σ).det = Perm.sign σ * M.det := by
  rw [← det_transpose, transpose_submatrix, det_permute, det_transpose]

/-- Permuting rows and columns with the same equivalence does not change the determinant. -/
@[simp]
theorem det_submatrix_equiv_self (e : n ≃ m) (A : Matrix m m R) :
    det (A.submatrix e e) = det A := by
  rw [det_apply', det_apply']
  apply Fintype.sum_equiv (Equiv.permCongr e)
  intro σ
  rw [Equiv.Perm.sign_permCongr e σ]
  congr 1
  apply Fintype.prod_equiv e
  intro i
  rw [Equiv.permCongr_apply, Equiv.symm_apply_apply, submatrix_apply]

/-- Permuting rows and columns with two equivalences does not change the absolute value of the
determinant. -/
@[simp]
theorem abs_det_submatrix_equiv_equiv {R : Type*}
    [CommRing R] [LinearOrder R] [IsStrictOrderedRing R]
    (e₁ e₂ : n ≃ m) (A : Matrix m m R) :
    |(A.submatrix e₁ e₂).det| = |A.det| := by
  have hee : e₂ = e₁.trans (e₁.symm.trans e₂) := by ext; simp
  rw [hee]
  change |((A.submatrix id (e₁.symm.trans e₂)).submatrix e₁ e₁).det| = |A.det|
  rw [Matrix.det_submatrix_equiv_self, Matrix.det_permute', abs_mul, abs_unit_intCast, one_mul]

/-- Reindexing both indices along the same equivalence preserves the determinant.

For the `simp` version of this lemma, see `det_submatrix_equiv_self`; this one is unsuitable because
`Matrix.reindex_apply` unfolds `reindex` first.
-/
theorem det_reindex_self (e : m ≃ n) (A : Matrix m m R) : det (reindex e e A) = det A :=
  det_submatrix_equiv_self e.symm A

lemma det_reindex (e e' : m ≃ n) (M : Matrix m m R) :
    (M.reindex e e').det = sign (e'.trans e.symm) * M.det := by
  trans ((M.reindex (e.trans e'.symm) (.refl _)).reindex e' e').det
  · congr 1; ext; simp
  · simp_rw [det_reindex_self, reindex_apply, Equiv.refl_symm, Equiv.coe_refl, det_permute]
    rfl

/-- Reindexing both indices along equivalences preserves the absolute of the determinant.

For the `simp` version of this lemma, see `abs_det_submatrix_equiv_equiv`;
this one is unsuitable because `Matrix.reindex_apply` unfolds `reindex` first.
-/
theorem abs_det_reindex {R : Type*} [CommRing R] [LinearOrder R] [IsStrictOrderedRing R]
    (e₁ e₂ : m ≃ n) (A : Matrix m m R) :
    |det (reindex e₁ e₂ A)| = |det A| :=
  abs_det_submatrix_equiv_equiv e₁.symm e₂.symm A

theorem det_smul (A : Matrix n n R) (c : R) : det (c • A) = c ^ Fintype.card n * det A :=
  calc
    det (c • A) = det ((diagonal fun _ => c) * A) := by rw [smul_eq_diagonal_mul]
    _ = det (diagonal fun _ => c) * det A := det_mul _ _
    _ = c ^ Fintype.card n * det A := by simp

@[simp]
theorem det_smul_of_tower {α} [Monoid α] [MulAction α R] [IsScalarTower α R R]
    [SMulCommClass α R R] (c : α) (A : Matrix n n R) :
    det (c • A) = c ^ Fintype.card n • det A := by
  rw [← smul_one_smul R c A, det_smul, smul_pow, one_pow, smul_mul_assoc, one_mul]

theorem det_neg (A : Matrix n n R) : det (-A) = (-1) ^ Fintype.card n * det A := by
  rw [← det_smul, neg_one_smul]

/-- A variant of `Matrix.det_neg` with scalar multiplication by `Units ℤ` instead of multiplication
by `R`. -/
theorem det_neg_eq_smul (A : Matrix n n R) :
    det (-A) = (-1 : Units ℤ) ^ Fintype.card n • det A := by
  rw [← det_smul_of_tower, Units.neg_smul, one_smul]

/-- Multiplying each row by a fixed `v i` multiplies the determinant by
the product of the `v`s. -/
theorem det_mul_row (v : n → R) (A : Matrix n n R) :
    det (of fun i j => v j * A i j) = (∏ i, v i) * det A :=
  calc
    det (of fun i j => v j * A i j) = det (A * diagonal v) :=
      congr_arg det <| by
        ext
        simp [mul_comm]
    _ = (∏ i, v i) * det A := by rw [det_mul, det_diagonal, mul_comm]

/-- Multiplying each column by a fixed `v j` multiplies the determinant by
the product of the `v`s. -/
theorem det_mul_column (v : n → R) (A : Matrix n n R) :
    det (of fun i j => v i * A i j) = (∏ i, v i) * det A :=
  MultilinearMap.map_smul_univ _ v A

@[simp]
theorem det_pow (M : Matrix m m R) (n : ℕ) : det (M ^ n) = det M ^ n :=
  (detMonoidHom : Matrix m m R →* R).map_pow M n

section HomMap

variable {S : Type w} [CommRing S]

theorem _root_.RingHom.map_det (f : R →+* S) (M : Matrix n n R) :
    f M.det = Matrix.det (f.mapMatrix M) := by
  simp [Matrix.det_apply', map_sum f, map_prod f]

theorem _root_.RingEquiv.map_det (f : R ≃+* S) (M : Matrix n n R) :
    f M.det = Matrix.det (f.mapMatrix M) :=
  f.toRingHom.map_det _

theorem _root_.AlgHom.map_det [Algebra R S] {T : Type z} [CommRing T] [Algebra R T] (f : S →ₐ[R] T)
    (M : Matrix n n S) : f M.det = Matrix.det (f.mapMatrix M) :=
  f.toRingHom.map_det _

theorem _root_.AlgEquiv.map_det [Algebra R S] {T : Type z} [CommRing T] [Algebra R T]
    (f : S ≃ₐ[R] T) (M : Matrix n n S) : f M.det = Matrix.det (f.mapMatrix M) :=
  f.toAlgHom.map_det _

@[norm_cast]
theorem _root_.Int.cast_det (M : Matrix n n ℤ) :
    (M.det : R) = (M.map fun x ↦ (x : R)).det :=
  Int.castRingHom R |>.map_det M

@[norm_cast]
theorem _root_.Rat.cast_det {F : Type*} [Field F] [CharZero F] (M : Matrix n n ℚ) :
    (M.det : F) = (M.map fun x ↦ (x : F)).det :=
  Rat.castHom F |>.map_det M

end HomMap

@[simp]
theorem det_conjTranspose [StarRing R] (M : Matrix m m R) : det Mᴴ = star (det M) :=
  ((starRingEnd R).map_det _).symm.trans <| congr_arg star M.det_transpose

section DetZero

/-!
### `det_zero` section

Prove that a matrix with a repeated column has determinant equal to zero.
-/


theorem det_eq_zero_of_row_eq_zero {A : Matrix n n R} (i : n) (h : ∀ j, A i j = 0) : det A = 0 :=
  (detRowAlternating : (n → R) [⋀^n]→ₗ[R] R).map_coord_zero i (funext h)

theorem det_eq_zero_of_column_eq_zero {A : Matrix n n R} (j : n) (h : ∀ i, A i j = 0) :
    det A = 0 := by
  rw [← det_transpose]
  exact det_eq_zero_of_row_eq_zero j h

variable {M : Matrix n n R} {i j : n}

/-- If a matrix has a repeated row, the determinant will be zero. -/
theorem det_zero_of_row_eq (i_ne_j : i ≠ j) (hij : M i = M j) : M.det = 0 :=
  (detRowAlternating : (n → R) [⋀^n]→ₗ[R] R).map_eq_zero_of_eq M hij i_ne_j

/-- If a matrix has a repeated column, the determinant will be zero. -/
theorem det_zero_of_column_eq (i_ne_j : i ≠ j) (hij : ∀ k, M k i = M k j) : M.det = 0 := by
  rw [← det_transpose, det_zero_of_row_eq i_ne_j]
  exact funext hij

/-- If we repeat a row of a matrix, we get a matrix of determinant zero. -/
theorem det_updateRow_eq_zero (h : i ≠ j) :
    (M.updateRow j (M i)).det = 0 := det_zero_of_row_eq h (by simp [h])

/-- If we repeat a column of a matrix, we get a matrix of determinant zero. -/
theorem det_updateCol_eq_zero (h : i ≠ j) :
    (M.updateCol j (fun k ↦ M k i)).det = 0 := det_zero_of_column_eq h (by simp [h])

end DetZero

theorem det_updateRow_add (M : Matrix n n R) (j : n) (u v : n → R) :
    det (updateRow M j <| u + v) = det (updateRow M j u) + det (updateRow M j v) :=
  (detRowAlternating : (n → R) [⋀^n]→ₗ[R] R).map_update_add M j u v

theorem det_updateCol_add (M : Matrix n n R) (j : n) (u v : n → R) :
    det (updateCol M j <| u + v) = det (updateCol M j u) + det (updateCol M j v) := by
  rw [← det_transpose, ← updateRow_transpose, det_updateRow_add]
  simp [updateRow_transpose, det_transpose]

theorem det_updateRow_smul (M : Matrix n n R) (j : n) (s : R) (u : n → R) :
    det (updateRow M j <| s • u) = s * det (updateRow M j u) :=
  (detRowAlternating : (n → R) [⋀^n]→ₗ[R] R).map_update_smul M j s u

theorem det_updateCol_smul (M : Matrix n n R) (j : n) (s : R) (u : n → R) :
    det (updateCol M j <| s • u) = s * det (updateCol M j u) := by
  rw [← det_transpose, ← updateRow_transpose, det_updateRow_smul]
  simp [updateRow_transpose, det_transpose]

theorem det_updateRow_smul_left (M : Matrix n n R) (j : n) (s : R) (u : n → R) :
    det (updateRow (s • M) j u) = s ^ (Fintype.card n - 1) * det (updateRow M j u) :=
  MultilinearMap.map_update_smul_left _ M j s u

theorem det_updateCol_smul_left (M : Matrix n n R) (j : n) (s : R) (u : n → R) :
    det (updateCol (s • M) j u) = s ^ (Fintype.card n - 1) * det (updateCol M j u) := by
  rw [← det_transpose, ← updateRow_transpose, transpose_smul, det_updateRow_smul_left]
  simp [updateRow_transpose, det_transpose]

theorem det_updateRow_sum_aux (M : Matrix n n R) {j : n} (s : Finset n) (hj : j ∉ s) (c : n → R)
    (a : R) :
    (M.updateRow j (a • M j + ∑ k ∈ s, (c k) • M k)).det = a • M.det := by
  induction s using Finset.induction_on with
  | empty => rw [Finset.sum_empty, add_zero, smul_eq_mul, det_updateRow_smul, updateRow_eq_self]
  | insert k _ hk h_ind =>
      have h : k ≠ j := fun h ↦ (h ▸ hj) (Finset.mem_insert_self _ _)
      rw [Finset.sum_insert hk, add_comm ((c k) • M k), ← add_assoc, det_updateRow_add,
        det_updateRow_smul, det_updateRow_eq_zero h, mul_zero, add_zero, h_ind]
      exact fun h ↦ hj (Finset.mem_insert_of_mem h)

/-- If we replace a row of a matrix by a linear combination of its rows, then the determinant is
multiplied by the coefficient of that row. -/
theorem det_updateRow_sum (A : Matrix n n R) (j : n) (c : n → R) :
    (A.updateRow j (∑ k, (c k) • A k)).det = (c j) • A.det := by
  convert! det_updateRow_sum_aux A (Finset.univ.erase j) (Finset.univ.notMem_erase j) c (c j)
  rw [← Finset.univ.add_sum_erase _ (Finset.mem_univ j)]

/-- If we replace a column of a matrix by a linear combination of its columns, then the determinant
is multiplied by the coefficient of that column. -/
theorem det_updateCol_sum (A : Matrix n n R) (j : n) (c : n → R) :
    (A.updateCol j (fun k ↦ ∑ i, (c i) • A k i)).det = (c j) • A.det := by
  rw [← det_transpose, ← updateRow_transpose, ← det_transpose A]
  convert! det_updateRow_sum A.transpose j c
  simp only [smul_eq_mul, Finset.sum_apply, Pi.smul_apply, transpose_apply]

section DetEq

/-! ### `det_eq` section

Lemmas showing the determinant is invariant under a variety of operations.
-/


theorem det_eq_of_eq_mul_det_one {A B : Matrix n n R} (C : Matrix n n R) (hC : det C = 1)
    (hA : A = B * C) : det A = det B :=
  calc
    det A = det (B * C) := congr_arg _ hA
    _ = det B * det C := det_mul _ _
    _ = det B := by rw [hC, mul_one]

theorem det_eq_of_eq_det_one_mul {A B : Matrix n n R} (C : Matrix n n R) (hC : det C = 1)
    (hA : A = C * B) : det A = det B :=
  calc
    det A = det (C * B) := congr_arg _ hA
    _ = det C * det B := det_mul _ _
    _ = det B := by rw [hC, one_mul]

theorem det_updateRow_add_self (A : Matrix n n R) {i j : n} (hij : i ≠ j) :
    det (updateRow A i (A i + A j)) = det A := by
  simp [det_updateRow_add,
    det_zero_of_row_eq hij (updateRow_self.trans (updateRow_ne hij.symm).symm)]

theorem det_updateCol_add_self (A : Matrix n n R) {i j : n} (hij : i ≠ j) :
    det (updateCol A i fun k => A k i + A k j) = det A := by
  rw [← det_transpose, ← updateRow_transpose, ← det_transpose A]
  exact det_updateRow_add_self Aᵀ hij

theorem det_updateRow_add_smul_self (A : Matrix n n R) {i j : n} (hij : i ≠ j) (c : R) :
    det (updateRow A i (A i + c • A j)) = det A := by
  simp [det_updateRow_add, det_updateRow_smul,
    det_zero_of_row_eq hij (updateRow_self.trans (updateRow_ne hij.symm).symm)]

theorem det_updateCol_add_smul_self (A : Matrix n n R) {i j : n} (hij : i ≠ j) (c : R) :
    det (updateCol A i fun k => A k i + c • A k j) = det A := by
  rw [← det_transpose, ← updateRow_transpose, ← det_transpose A]
  exact det_updateRow_add_smul_self Aᵀ hij c

theorem det_eq_zero_of_not_linearIndependent_rows [IsDomain R] {A : Matrix m m R}
    (hA : ¬ LinearIndependent R (fun i ↦ A i)) :
    det A = 0 := detRowAlternating.map_linearDependent A hA

theorem linearIndependent_rows_of_det_ne_zero [IsDomain R] {A : Matrix m m R} (hA : A.det ≠ 0) :
    LinearIndependent R (fun i ↦ A i) := by
  contrapose hA
  exact det_eq_zero_of_not_linearIndependent_rows hA

theorem linearIndependent_cols_of_det_ne_zero [IsDomain R] {A : Matrix m m R} (hA : A.det ≠ 0) :
    LinearIndependent R A.col :=
  Matrix.linearIndependent_rows_of_det_ne_zero (by simpa [Matrix.col])

theorem det_eq_zero_of_not_linearIndependent_cols [IsDomain R] {A : Matrix m m R}
    (hA : ¬ LinearIndependent R (fun i ↦ Aᵀ i)) :
    det A = 0 := by
  contrapose! hA
  exact linearIndependent_cols_of_det_ne_zero hA

theorem det_vecMulVec [Nontrivial n] (u v : n → R) : (vecMulVec u v).det = 0 := by
  obtain ⟨i, j, hij⟩ := exists_pair_ne n
  let uv' := ((vecMulVec u v).updateRow i v).updateRow j v
  have huv' : uv'.det = 0 := by
    refine detRowAlternating.map_eq_zero_of_eq _ ?_ hij
    simp [uv', hij]
  have : vecMulVec u v =
      (uv'.updateRow i (u i • uv' i)).updateRow j (u j • uv'.updateRow i (u i • uv' i) j) := by
    unfold uv'
    rw [updateRow_comm _ hij, updateRow_idem, updateRow_ne hij.symm, updateRow_ne hij,
      updateRow_self, updateRow_self, updateRow_comm _ hij, updateRow_idem,
      ← update_vecMulVec u v j, update_eq_self, ← update_vecMulVec u v i, update_eq_self]
  rw [this, det_updateRow_smul, updateRow_eq_self, det_updateRow_smul, updateRow_eq_self, huv',
    mul_zero, mul_zero]

theorem det_eq_of_forall_row_eq_smul_add_const_aux {A B : Matrix n n R} {s : Finset n} :
    ∀ (c : n → R) (_ : ∀ i, i ∉ s → c i = 0) (k : n) (_ : k ∉ s)
      (_ : ∀ i j, A i j = B i j + c i * B k j), det A = det B := by
  induction s using Finset.induction_on generalizing B with
  | empty =>
    rintro c hs k - A_eq
    have : ∀ i, c i = 0 := by grind
    congr
    ext i j
    rw [A_eq, this, zero_mul, add_zero]
  | insert i s _hi ih =>
    intro c hs k hk A_eq
    have hAi : A i = B i + c i • B k := funext (A_eq i)
    rw [@ih (updateRow B i (A i)) (Function.update c i 0), hAi, det_updateRow_add_smul_self]
    · exact mt (fun h => show k ∈ insert i s from h ▸ Finset.mem_insert_self _ _) hk
    · intro i' hi'
      rw [Function.update_apply]
      split_ifs with hi'i
      · rfl
      · exact hs i' fun h => hi' ((Finset.mem_insert.mp h).resolve_left hi'i)
    · exact k
    · exact fun h => hk (Finset.mem_insert_of_mem h)
    · intro i' j'
      rw [updateRow_apply, Function.update_apply]
      split_ifs with hi'i
      · simp [hi'i]
      rw [A_eq, updateRow_ne fun h : k = i => hk <| h ▸ Finset.mem_insert_self k s]

/-- If you add multiples of row `B k` to other rows, the determinant doesn't change. -/
theorem det_eq_of_forall_row_eq_smul_add_const {A B : Matrix n n R} (c : n → R) (k : n)
    (hk : c k = 0) (A_eq : ∀ i j, A i j = B i j + c i * B k j) : det A = det B :=
  det_eq_of_forall_row_eq_smul_add_const_aux c
    (fun i =>
      not_imp_comm.mp fun hi =>
        Finset.mem_erase.mpr
          ⟨mt (fun h : i = k => show c i = 0 from h.symm ▸ hk) hi, Finset.mem_univ i⟩)
    k (Finset.notMem_erase k Finset.univ) A_eq

theorem det_eq_of_forall_row_eq_smul_add_pred_aux {n : ℕ} (k : Fin (n + 1)) :
    ∀ (c : Fin n → R) (_hc : ∀ i : Fin n, k < i.succ → c i = 0)
      {M N : Matrix (Fin n.succ) (Fin n.succ) R} (_h0 : ∀ j, M 0 j = N 0 j)
      (_hsucc : ∀ (i : Fin n) (j), M i.succ j = N i.succ j + c i * M (Fin.castSucc i) j),
      det M = det N := by
  refine Fin.induction ?_ (fun k ih => ?_) k <;> intro c hc M N h0 hsucc
  · congr
    ext i j
    refine Fin.cases (h0 j) (fun i => ?_) i
    rw [hsucc, hc i (Fin.succ_pos _), zero_mul, add_zero]
  set M' := updateRow M k.succ (N k.succ) with hM'
  have hM : M = updateRow M' k.succ (M' k.succ + c k • M (Fin.castSucc k)) := by
    ext i j
    by_cases hi : i = k.succ
    · simp [hi, hM', hsucc, updateRow_self]
    rw [updateRow_ne hi, hM', updateRow_ne hi]
  have k_ne_succ : (Fin.castSucc k) ≠ k.succ := Fin.castSucc_lt_succ.ne
  have M_k : M (Fin.castSucc k) = M' (Fin.castSucc k) := (updateRow_ne k_ne_succ).symm
  rw [hM, M_k, det_updateRow_add_smul_self M' k_ne_succ.symm, ih (Function.update c k 0)]
  · intro i hi
    rw [Fin.lt_def, Fin.val_castSucc, Fin.val_succ, Nat.lt_succ_iff] at hi
    rw [Function.update_apply]
    split_ifs with hik
    · rfl
    exact hc _ (Fin.succ_lt_succ_iff.mpr (lt_of_le_of_ne hi (Ne.symm hik)))
  · rwa [hM', updateRow_ne (Fin.succ_ne_zero _).symm]
  intro i j
  rw [Function.update_apply]
  split_ifs with hik
  · rw [zero_mul, add_zero, hM', hik, updateRow_self]
  rw [hM', updateRow_ne ((Fin.succ_injective _).ne hik), hsucc]
  by_cases hik2 : k < i
  · simp [hc i (Fin.succ_lt_succ_iff.mpr hik2)]
  rw [updateRow_ne]
  apply ne_of_lt
  rwa [Fin.lt_def, Fin.val_castSucc, Fin.val_succ, Nat.lt_succ_iff, ← not_lt]

/-- If you add multiples of previous rows to the next row, the determinant doesn't change. -/
theorem det_eq_of_forall_row_eq_smul_add_pred {n : ℕ} {A B : Matrix (Fin (n + 1)) (Fin (n + 1)) R}
    (c : Fin n → R) (A_zero : ∀ j, A 0 j = B 0 j)
    (A_succ : ∀ (i : Fin n) (j), A i.succ j = B i.succ j + c i * A (Fin.castSucc i) j) :
    det A = det B :=
  det_eq_of_forall_row_eq_smul_add_pred_aux (Fin.last _) c
    (fun _ hi => absurd hi (not_lt_of_ge (Fin.le_last _))) A_zero A_succ

/-- If you add multiples of previous columns to the next columns, the determinant doesn't change. -/
theorem det_eq_of_forall_col_eq_smul_add_pred {n : ℕ} {A B : Matrix (Fin (n + 1)) (Fin (n + 1)) R}
    (c : Fin n → R) (A_zero : ∀ i, A i 0 = B i 0)
    (A_succ : ∀ (i) (j : Fin n), A i j.succ = B i j.succ + c j * A i (Fin.castSucc j)) :
    det A = det B := by
  rw [← det_transpose A, ← det_transpose B]
  exact det_eq_of_forall_row_eq_smul_add_pred c A_zero fun i j => A_succ j i

end DetEq

set_option backward.isDefEq.respectTransparency false in
@[simp]
theorem det_blockDiagonal {o : Type*} [Fintype o] [DecidableEq o] (M : o → Matrix n n R) :
    (blockDiagonal M).det = ∏ k, (M k).det := by
  -- Rewrite the determinants as a sum over permutations.
  simp_rw [det_apply']
  -- The right-hand side is a product of sums, rewrite it as a sum of products.
  rw [Finset.prod_sum]
  simp_rw [Finset.prod_attach_univ, Finset.univ_pi_univ]
  -- We claim that the only permutations contributing to the sum are those that
  -- preserve their second component.
  let preserving_snd : Finset (Equiv.Perm (n × o)) := {σ | ∀ x, (σ x).snd = x.snd}
  have mem_preserving_snd :
    ∀ {σ : Equiv.Perm (n × o)}, σ ∈ preserving_snd ↔ ∀ x, (σ x).snd = x.snd := fun {σ} =>
    Finset.mem_filter.trans ⟨fun h => h.2, fun h => ⟨Finset.mem_univ _, h⟩⟩
  rw [← Finset.sum_subset (Finset.subset_univ preserving_snd) _]
  -- And that these are in bijection with `o → Equiv.Perm m`.
  · refine (Finset.sum_bij (fun σ _ => prodCongrLeft fun k ↦ σ k (mem_univ k)) ?_ ?_ ?_ ?_).symm
    · intro σ _
      rw [mem_preserving_snd]
      rintro ⟨-, x⟩
      simp only [prodCongrLeft_apply]
    · intro σ _ σ' _ eq
      ext x hx k
      have :
        ∀ k x,
          prodCongrLeft (fun k => σ k (Finset.mem_univ _)) (k, x) =
            prodCongrLeft (fun k => σ' k (Finset.mem_univ _)) (k, x) :=
        fun k x => by rw [eq]
      simp only [prodCongrLeft_apply, Prod.mk_inj] at this
      exact (this k x).1
    · intro σ hσ
      rw [mem_preserving_snd] at hσ
      have hσ' x : (σ.symm x).snd = x.snd := by simpa [eq_comm] using hσ (σ.symm x)
      have mk_apply_eq : ∀ k x, ((σ (x, k)).fst, k) = σ (x, k) := by
        intro k x
        ext
        · simp only
        · simp only [hσ]
      have mk_inv_apply_eq : ∀ k x, ((σ.symm (x, k)).fst, k) = σ.symm (x, k) := by grind
      refine ⟨fun k _ => ⟨fun x => (σ (x, k)).fst, fun x => (σ.symm (x, k)).fst, ?_, ?_⟩, ?_, ?_⟩
      · intro x
        simp [mk_apply_eq]
      · intro x
        simp [mk_inv_apply_eq]
      · apply Finset.mem_univ
      · ext ⟨k, x⟩
        · simp only [coe_fn_mk, prodCongrLeft_apply]
        · simp only [prodCongrLeft_apply, hσ]
    · intro σ _
      rw [Finset.prod_mul_distrib, ← Finset.univ_product_univ, Finset.prod_product_right]
      simp only [sign_prodCongrLeft, Units.coe_prod, Int.cast_prod, blockDiagonal_apply_eq,
        prodCongrLeft_apply]
  · intro σ _ hσ
    rw [mem_preserving_snd] at hσ
    obtain ⟨⟨k, x⟩, hkx⟩ := not_forall.mp hσ
    rw [Finset.prod_eq_zero (Finset.mem_univ (k, x)), mul_zero]
    rw [blockDiagonal_apply_ne]
    exact hkx

set_option backward.isDefEq.respectTransparency false in
/-- The determinant of a 2×2 block matrix with the lower-left block equal to zero is the product of
the determinants of the diagonal blocks. For the generalization to any number of blocks, see
`Matrix.det_of_isUpperTriangular`. -/
@[simp]
theorem det_fromBlocks_zero₂₁ (A : Matrix m m R) (B : Matrix m n R) (D : Matrix n n R) :
    (Matrix.fromBlocks A B 0 D).det = A.det * D.det := by
  classical
    simp_rw [det_apply']
    convert!
      Eq.symm <|
        sum_subset (M := R) (subset_univ ((sumCongrHom m n).range : Set (Perm (m ⊕ n))).toFinset) ?_
    · simp_rw [sum_mul_sum, ← sum_product', univ_product_univ]
      refine sum_nbij (fun σ ↦ σ.fst.sumCongr σ.snd) ?_ ?_ ?_ ?_
      · intro σ₁₂ _
        simp
      · intro σ₁ _ σ₂ _
        dsimp only
        intro h
        have h2 : ∀ x, Perm.sumCongr σ₁.fst σ₁.snd x = Perm.sumCongr σ₂.fst σ₂.snd x :=
          DFunLike.congr_fun h
        simp only [Sum.map_inr, Sum.map_inl, Perm.sumCongr_apply, Sum.forall, Sum.inl.injEq,
          Sum.inr.injEq] at h2
        ext x
        · exact h2.left x
        · exact h2.right x
      · intro σ hσ
        rw [mem_coe, Set.mem_toFinset] at hσ
        obtain ⟨σ₁₂, hσ₁₂⟩ := hσ
        use σ₁₂
        rw [← hσ₁₂]
        simp
      · simp only [forall_prop_of_true, Prod.forall, mem_univ]
        intro σ₁ σ₂
        rw [Fintype.prod_sum_type]
        simp_rw [Equiv.sumCongr_apply, Sum.map_inr, Sum.map_inl, fromBlocks_apply₁₁,
          fromBlocks_apply₂₂]
        rw [mul_mul_mul_comm]
        congr
        rw [sign_sumCongr, Units.val_mul, Int.cast_mul]
    · rintro σ - hσn
      have h1 : ¬∀ x, ∃ y, Sum.inl y = σ (Sum.inl x) := by
        rw [Set.mem_toFinset] at hσn
        simpa only [Set.MapsTo, Set.mem_range, forall_exists_index, forall_apply_eq_imp_iff] using
          mt mem_sumCongrHom_range_of_perm_mapsTo_inl hσn
      obtain ⟨a, ha⟩ := not_forall.mp h1
      rcases hx : σ (Sum.inl a) with a2 | b
      · have hn := (not_exists.mp ha) a2
        exact absurd hx.symm hn
      · rw [Finset.prod_eq_zero (Finset.mem_univ (Sum.inl a)), mul_zero]
        rw [hx, fromBlocks_apply₂₁, zero_apply]

/-- The determinant of a 2×2 block matrix with the upper-right block equal to zero is the product of
the determinants of the diagonal blocks. For the generalization to any number of blocks, see
`Matrix.det_of_isLowerTriangular`. -/
@[simp]
theorem det_fromBlocks_zero₁₂ (A : Matrix m m R) (C : Matrix n m R) (D : Matrix n n R) :
    (Matrix.fromBlocks A 0 C D).det = A.det * D.det := by
  rw [← det_transpose, fromBlocks_transpose, transpose_zero, det_fromBlocks_zero₂₁, det_transpose,
    det_transpose]

/-- Laplacian expansion of the determinant of an `n+1 × n+1` matrix along column 0. -/
theorem det_succ_column_zero {n : ℕ} (A : Matrix (Fin n.succ) (Fin n.succ) R) :
    det A = ∑ i : Fin n.succ, (-1) ^ (i : ℕ) * A i 0 * det (A.submatrix i.succAbove Fin.succ) := by
  rw [Matrix.det_apply, Finset.univ_perm_fin_succ, ← Finset.univ_product_univ]
  simp only [Finset.sum_map, Equiv.toEmbedding_apply, Finset.sum_product, Matrix.submatrix]
  refine Finset.sum_congr rfl fun i _ => Fin.cases ?_ (fun i => ?_) i
  · simp only [Fin.prod_univ_succ, Matrix.det_apply, Finset.mul_sum,
      Equiv.Perm.decomposeFin_symm_apply_zero, Fin.val_zero, one_mul,
      Equiv.Perm.decomposeFin.symm_sign, Equiv.swap_self, if_true, id,
      Equiv.Perm.decomposeFin_symm_apply_succ, Fin.succAbove_zero, Equiv.coe_refl, pow_zero,
      mul_smul_comm, of_apply]
  -- `univ_perm_fin_succ` gives a different embedding of `Perm (Fin n)` into
  -- `Perm (Fin n.succ)` than the determinant of the submatrix we want,
  -- permute `A` so that we get the correct one.
  have : (-1 : R) ^ (i : ℕ) = (Perm.sign i.cycleRange) := by simp [Fin.sign_cycleRange]
  rw [Fin.val_succ, pow_succ', this, mul_assoc, mul_assoc, mul_left_comm (ε _),
    ← det_permute, Matrix.det_apply, Finset.mul_sum, Finset.mul_sum]
  -- now we just need to move the corresponding parts to the same place
  refine Finset.sum_congr rfl fun σ _ => ?_
  rw [Equiv.Perm.decomposeFin.symm_sign, if_neg (Fin.succ_ne_zero i)]
  calc
    ((-1 * Perm.sign σ : ℤ) • ∏ i', A (Perm.decomposeFin.symm (Fin.succ i, σ) i') i') =
        (-1 * Perm.sign σ : ℤ) • (A (Fin.succ i) 0 *
          ∏ i', A ((Fin.succ i).succAbove (Fin.cycleRange i (σ i'))) i'.succ) := by
      simp only [Fin.prod_univ_succ, Fin.succAbove_cycleRange,
        Equiv.Perm.decomposeFin_symm_apply_zero, Equiv.Perm.decomposeFin_symm_apply_succ]
    _ = -1 * (A (Fin.succ i) 0 * (Perm.sign σ : ℤ) •
        ∏ i', A ((Fin.succ i).succAbove (Fin.cycleRange i (σ i'))) i'.succ) := by
      simp [_root_.neg_mul, one_mul, zsmul_eq_mul, neg_smul,
        Fin.succAbove_cycleRange, mul_left_comm]

/-- Laplacian expansion of the determinant of an `n+1 × n+1` matrix along row 0. -/
theorem det_succ_row_zero {n : ℕ} (A : Matrix (Fin n.succ) (Fin n.succ) R) :
    det A = ∑ j : Fin n.succ, (-1) ^ (j : ℕ) * A 0 j * det (A.submatrix Fin.succ j.succAbove) := by
  rw [← det_transpose A, det_succ_column_zero]
  refine Finset.sum_congr rfl fun i _ => ?_
  rw [← det_transpose]
  simp only [transpose_apply, transpose_submatrix, transpose_transpose]

/-- Laplacian expansion of the determinant of an `n+1 × n+1` matrix along row `i`. -/
theorem det_succ_row {n : ℕ} (A : Matrix (Fin n.succ) (Fin n.succ) R) (i : Fin n.succ) :
    det A =
      ∑ j : Fin n.succ, (-1) ^ (i + j : ℕ) * A i j * det (A.submatrix i.succAbove j.succAbove) := by
  simp_rw [pow_add, mul_assoc, ← mul_sum]
  have : det A = (-1 : R) ^ (i : ℕ) * (Perm.sign i.cycleRange⁻¹) * det A := by
    calc
      det A = ↑((-1 : ℤˣ) ^ (i : ℕ) * (-1 : ℤˣ) ^ (i : ℕ) : ℤˣ) * det A := by simp
      _ = (-1 : R) ^ (i : ℕ) * (Perm.sign i.cycleRange⁻¹) * det A := by simp [-Int.units_mul_self]
  rw [this, mul_assoc]
  congr
  rw [← det_permute, det_succ_row_zero]
  refine Finset.sum_congr rfl fun j _ => ?_
  rw [mul_assoc, Matrix.submatrix_apply, submatrix_submatrix, id_comp, Function.comp_def, id]
  simp

/-- Laplacian expansion of the determinant of an `n+1 × n+1` matrix along column `j`. -/
theorem det_succ_column {n : ℕ} (A : Matrix (Fin n.succ) (Fin n.succ) R) (j : Fin n.succ) :
    det A =
      ∑ i : Fin n.succ, (-1) ^ (i + j : ℕ) * A i j * det (A.submatrix i.succAbove j.succAbove) := by
  rw [← det_transpose, det_succ_row _ j]
  refine Finset.sum_congr rfl fun i _ => ?_
  rw [add_comm, ← det_transpose, transpose_apply, transpose_submatrix, transpose_transpose]

/-- Determinant of 0x0 matrix -/
@[simp]
theorem det_fin_zero {A : Matrix (Fin 0) (Fin 0) R} : det A = 1 :=
  det_isEmpty

/-- Determinant of 1x1 matrix -/
theorem det_fin_one (A : Matrix (Fin 1) (Fin 1) R) : det A = A 0 0 :=
  det_unique A

theorem det_fin_one_of (a : R) : det !![a] = a :=
  det_fin_one _

/-- Determinant of 2x2 matrix -/
theorem det_fin_two (A : Matrix (Fin 2) (Fin 2) R) : det A = A 0 0 * A 1 1 - A 0 1 * A 1 0 := by
  simp only [det_succ_row_zero, det_unique, Fin.default_eq_zero, submatrix_apply,
    Fin.succ_zero_eq_one, Fin.sum_univ_succ, Fin.val_zero, Fin.zero_succAbove, univ_unique,
    Fin.val_succ, Fin.val_eq_zero, Fin.succ_succAbove_zero, sum_singleton]
  ring

@[simp]
theorem det_fin_two_of (a b c d : R) : Matrix.det !![a, b; c, d] = a * d - b * c :=
  det_fin_two _

/-- Determinant of 3x3 matrix -/
theorem det_fin_three (A : Matrix (Fin 3) (Fin 3) R) :
    det A =
      A 0 0 * A 1 1 * A 2 2 - A 0 0 * A 1 2 * A 2 1
      - A 0 1 * A 1 0 * A 2 2 + A 0 1 * A 1 2 * A 2 0
      + A 0 2 * A 1 0 * A 2 1 - A 0 2 * A 1 1 * A 2 0 := by
  simp only [det_succ_row_zero, submatrix_apply, Fin.succ_zero_eq_one, submatrix_submatrix,
    det_unique, Fin.default_eq_zero, Function.comp_apply, Fin.succ_one_eq_two, Fin.sum_univ_succ,
    Fin.val_zero, Fin.zero_succAbove, univ_unique, Fin.val_succ, Fin.val_eq_zero,
    Fin.succ_succAbove_zero, sum_singleton, Fin.succ_succAbove_one]
  ring

end Matrix

5badd3a718bd2231da1e416e688a3d0265e8c819 blob 22483
/-
Copyright (c) 2022 Alexander Bentkamp. All rights reserved.
Released under Apache 2.0 license as described in the file LICENSE.
Authors: Alexander Bentkamp, Eric Wieser, Jeremy Avigad, Johan Commelin
-/
module

public import Mathlib.LinearAlgebra.Matrix.Invertible
public import Mathlib.LinearAlgebra.Matrix.NonsingularInverse

/-! # 2×2 block matrices and the Schur complement

This file proves properties of 2×2 block matrices `[A B; C D]` that relate to the Schur complement
`D - C*A⁻¹*B`.

Some of the results here generalize to 2×2 matrices in a category, rather than just a ring. A few
results in this direction can be found in `Mathlib/CategoryTheory/Preadditive/Biproducts.lean`,
especially the declarations `CategoryTheory.Biprod.gaussian` and `CategoryTheory.Biprod.isoElim`.
Compare with `Matrix.invertibleOfFromBlocks₁₁Invertible`.

## Main results

* `Matrix.det_fromBlocks₁₁`, `Matrix.det_fromBlocks₂₂`: determinant of a block matrix in terms of
  the Schur complement.
* `Matrix.invOf_fromBlocks_zero₂₁_eq`, `Matrix.invOf_fromBlocks_zero₁₂_eq`: the inverse of a
  block triangular matrix.
* `Matrix.isUnit_fromBlocks_zero₂₁`, `Matrix.isUnit_fromBlocks_zero₁₂`: invertibility of a
  block triangular matrix.
* `Matrix.det_one_add_mul_comm`: the **Weinstein–Aronszajn identity**.

-/

@[expose] public section


variable {l m n α : Type*}

namespace Matrix

open scoped Matrix

section CommRing

variable [Fintype l] [Fintype m] [Fintype n]
variable [DecidableEq l] [DecidableEq m] [DecidableEq n]
variable [CommRing α]

/-- LDU decomposition of a block matrix with an invertible top-left corner, using the
Schur complement. -/
theorem fromBlocks_eq_of_invertible₁₁ (A : Matrix m m α) (B : Matrix m n α) (C : Matrix l m α)
    (D : Matrix l n α) [Invertible A] :
    fromBlocks A B C D =
      fromBlocks 1 0 (C * ⅟A) 1 * fromBlocks A 0 0 (D - C * ⅟A * B) *
        fromBlocks 1 (⅟A * B) 0 1 := by
  simp only [fromBlocks_multiply, Matrix.mul_zero, Matrix.zero_mul, add_zero, zero_add,
    Matrix.one_mul, Matrix.mul_one, invOf_mul_self, Matrix.mul_invOf_cancel_left,
    Matrix.mul_assoc, add_sub_cancel]

/-- LDU decomposition of a block matrix with an invertible bottom-right corner, using the
Schur complement. -/
theorem fromBlocks_eq_of_invertible₂₂ (A : Matrix l m α) (B : Matrix l n α) (C : Matrix n m α)
    (D : Matrix n n α) [Invertible D] :
    fromBlocks A B C D =
      fromBlocks 1 (B * ⅟D) 0 1 * fromBlocks (A - B * ⅟D * C) 0 0 D *
        fromBlocks 1 0 (⅟D * C) 1 :=
  (Matrix.reindex (Equiv.sumComm _ _) (Equiv.sumComm _ _)).injective <| by
    simpa [reindex_apply, Equiv.sumComm_symm, ← submatrix_mul_equiv _ _ _ (Equiv.sumComm n m), ←
      submatrix_mul_equiv _ _ _ (Equiv.sumComm n l), Equiv.sumComm_apply,
      fromBlocks_submatrix_sum_swap_sum_swap] using fromBlocks_eq_of_invertible₁₁ D C B A

section Triangular

/-! #### Block triangular matrices -/


/-- An upper-block-triangular matrix is invertible if its diagonal is. -/
@[instance_reducible]
def fromBlocksZero₂₁Invertible (A : Matrix m m α) (B : Matrix m n α) (D : Matrix n n α)
    [Invertible A] [Invertible D] : Invertible (fromBlocks A B 0 D) :=
  invertibleOfLeftInverse _ (fromBlocks (⅟A) (-(⅟A * B * ⅟D)) 0 (⅟D)) <| by
    simp_rw [fromBlocks_multiply, Matrix.mul_zero, Matrix.zero_mul, zero_add, add_zero,
      Matrix.neg_mul, invOf_mul_self, Matrix.invOf_mul_cancel_right, add_neg_cancel,
      fromBlocks_one]

/-- A lower-block-triangular matrix is invertible if its diagonal is. -/
@[instance_reducible]
def fromBlocksZero₁₂Invertible (A : Matrix m m α) (C : Matrix n m α) (D : Matrix n n α)
    [Invertible A] [Invertible D] : Invertible (fromBlocks A 0 C D) :=
  invertibleOfLeftInverse _
      (fromBlocks (⅟A) 0 (-(⅟D * C * ⅟A))
        (⅟D)) <| by -- a symmetry argument is more work than just copying the proof
    simp_rw [fromBlocks_multiply, Matrix.mul_zero, Matrix.zero_mul, zero_add, add_zero,
      Matrix.neg_mul, invOf_mul_self, Matrix.invOf_mul_cancel_right, neg_add_cancel,
      fromBlocks_one]

theorem invOf_fromBlocks_zero₂₁_eq (A : Matrix m m α) (B : Matrix m n α) (D : Matrix n n α)
    [Invertible A] [Invertible D] [Invertible (fromBlocks A B 0 D)] :
    ⅟(fromBlocks A B 0 D) = fromBlocks (⅟A) (-(⅟A * B * ⅟D)) 0 (⅟D) := by
  let := fromBlocksZero₂₁Invertible A B D
  convert! (rfl : ⅟(fromBlocks A B 0 D) = _)

theorem invOf_fromBlocks_zero₁₂_eq (A : Matrix m m α) (C : Matrix n m α) (D : Matrix n n α)
    [Invertible A] [Invertible D] [Invertible (fromBlocks A 0 C D)] :
    ⅟(fromBlocks A 0 C D) = fromBlocks (⅟A) 0 (-(⅟D * C * ⅟A)) (⅟D) := by
  let := fromBlocksZero₁₂Invertible A C D
  convert! (rfl : ⅟(fromBlocks A 0 C D) = _)

/-- Both diagonal entries of an invertible upper-block-triangular matrix are invertible (by reading
off the diagonal entries of the inverse). -/
def invertibleOfFromBlocksZero₂₁Invertible (A : Matrix m m α) (B : Matrix m n α) (D : Matrix n n α)
    [Invertible (fromBlocks A B 0 D)] : Invertible A × Invertible D where
  fst :=
    invertibleOfLeftInverse _ (⅟(fromBlocks A B 0 D)).toBlocks₁₁ <| by
      have := invOf_mul_self (fromBlocks A B 0 D)
      rw [← fromBlocks_toBlocks (⅟(fromBlocks A B 0 D)), fromBlocks_multiply] at this
      simpa only [Matrix.toBlocks_fromBlocks₁₁, Matrix.mul_zero, add_zero, ← fromBlocks_one] using
        congr_arg Matrix.toBlocks₁₁ this
  snd :=
    invertibleOfRightInverse _ (⅟(fromBlocks A B 0 D)).toBlocks₂₂ <| by
      have := mul_invOf_self (fromBlocks A B 0 D)
      rw [← fromBlocks_toBlocks (⅟(fromBlocks A B 0 D)), fromBlocks_multiply] at this
      simpa only [Matrix.toBlocks_fromBlocks₂₂, Matrix.zero_mul, zero_add, ← fromBlocks_one] using
        congr_arg Matrix.toBlocks₂₂ this

/-- Both diagonal entries of an invertible lower-block-triangular matrix are invertible (by reading
off the diagonal entries of the inverse). -/
def invertibleOfFromBlocksZero₁₂Invertible (A : Matrix m m α) (C : Matrix n m α) (D : Matrix n n α)
    [Invertible (fromBlocks A 0 C D)] : Invertible A × Invertible D where
  fst :=
    invertibleOfRightInverse _ (⅟(fromBlocks A 0 C D)).toBlocks₁₁ <| by
      have := mul_invOf_self (fromBlocks A 0 C D)
      rw [← fromBlocks_toBlocks (⅟(fromBlocks A 0 C D)), fromBlocks_multiply] at this
      replace := congr_arg Matrix.toBlocks₁₁ this
      simpa only [Matrix.toBlocks_fromBlocks₁₁, Matrix.zero_mul, add_zero, ← fromBlocks_one] using
        this
  snd :=
    invertibleOfLeftInverse _ (⅟(fromBlocks A 0 C D)).toBlocks₂₂ <| by
      have := invOf_mul_self (fromBlocks A 0 C D)
      rw [← fromBlocks_toBlocks (⅟(fromBlocks A 0 C D)), fromBlocks_multiply] at this
      replace := congr_arg Matrix.toBlocks₂₂ this
      simpa only [Matrix.toBlocks_fromBlocks₂₂, Matrix.mul_zero, zero_add, ← fromBlocks_one] using
        this

/-- `invertibleOfFromBlocksZero₂₁Invertible` and `Matrix.fromBlocksZero₂₁Invertible` form
an equivalence. -/
def fromBlocksZero₂₁InvertibleEquiv (A : Matrix m m α) (B : Matrix m n α) (D : Matrix n n α) :
    Invertible (fromBlocks A B 0 D) ≃ Invertible A × Invertible D where
  toFun _ := invertibleOfFromBlocksZero₂₁Invertible A B D
  invFun i := by
    letI := i.1
    letI := i.2
    exact fromBlocksZero₂₁Invertible A B D
  left_inv _ := Subsingleton.elim _ _
  right_inv _ := Subsingleton.elim _ _

/-- `invertibleOfFromBlocksZero₁₂Invertible` and `Matrix.fromBlocksZero₁₂Invertible` form
an equivalence. -/
def fromBlocksZero₁₂InvertibleEquiv (A : Matrix m m α) (C : Matrix n m α) (D : Matrix n n α) :
    Invertible (fromBlocks A 0 C D) ≃ Invertible A × Invertible D where
  toFun _ := invertibleOfFromBlocksZero₁₂Invertible A C D
  invFun i := by
    letI := i.1
    letI := i.2
    exact fromBlocksZero₁₂Invertible A C D
  left_inv _ := Subsingleton.elim _ _
  right_inv _ := Subsingleton.elim _ _

/-- An upper block-triangular matrix is invertible iff both elements of its diagonal are.

This is a propositional form of `Matrix.fromBlocksZero₂₁InvertibleEquiv`. -/
@[simp]
theorem isUnit_fromBlocks_zero₂₁ {A : Matrix m m α} {B : Matrix m n α} {D : Matrix n n α} :
    IsUnit (fromBlocks A B 0 D) ↔ IsUnit A ∧ IsUnit D := by
  simp only [← nonempty_invertible_iff_isUnit, ← nonempty_prod,
    (fromBlocksZero₂₁InvertibleEquiv _ _ _).nonempty_congr]

/-- A lower block-triangular matrix is invertible iff both elements of its diagonal are.

This is a propositional form of `Matrix.fromBlocksZero₁₂InvertibleEquiv` forms an `iff`. -/
@[simp]
theorem isUnit_fromBlocks_zero₁₂ {A : Matrix m m α} {C : Matrix n m α} {D : Matrix n n α} :
    IsUnit (fromBlocks A 0 C D) ↔ IsUnit A ∧ IsUnit D := by
  simp only [← nonempty_invertible_iff_isUnit, ← nonempty_prod,
    (fromBlocksZero₁₂InvertibleEquiv _ _ _).nonempty_congr]

/-- An expression for the inverse of an upper block-triangular matrix, when either both elements of
diagonal are invertible, or both are not. -/
theorem inv_fromBlocks_zero₂₁_of_isUnit_iff (A : Matrix m m α) (B : Matrix m n α) (D : Matrix n n α)
    (hAD : IsUnit A ↔ IsUnit D) :
    (fromBlocks A B 0 D)⁻¹ = fromBlocks A⁻¹ (-(A⁻¹ * B * D⁻¹)) 0 D⁻¹ := by
  by_cases hA : IsUnit A
  · have hD := hAD.mp hA
    cases hA.nonempty_invertible
    cases hD.nonempty_invertible
    let := fromBlocksZero₂₁Invertible A B D
    simp_rw [← invOf_eq_nonsing_inv, invOf_fromBlocks_zero₂₁_eq]
  · have hD := hAD.not.mp hA
    have : ¬IsUnit (fromBlocks A B 0 D) :=
      isUnit_fromBlocks_zero₂₁.not.mpr (not_and'.mpr fun _ => hA)
    simp_rw [nonsing_inv_eq_ringInverse, Ring.inverse_non_unit _ hA, Ring.inverse_non_unit _ hD,
      Ring.inverse_non_unit _ this, Matrix.zero_mul, neg_zero, fromBlocks_zero]

/-- An expression for the inverse of a lower block-triangular matrix, when either both elements of
diagonal are invertible, or both are not. -/
theorem inv_fromBlocks_zero₁₂_of_isUnit_iff (A : Matrix m m α) (C : Matrix n m α) (D : Matrix n n α)
    (hAD : IsUnit A ↔ IsUnit D) :
    (fromBlocks A 0 C D)⁻¹ = fromBlocks A⁻¹ 0 (-(D⁻¹ * C * A⁻¹)) D⁻¹ := by
  by_cases hA : IsUnit A
  · have hD := hAD.mp hA
    cases hA.nonempty_invertible
    cases hD.nonempty_invertible
    let := fromBlocksZero₁₂Invertible A C D
    simp_rw [← invOf_eq_nonsing_inv, invOf_fromBlocks_zero₁₂_eq]
  · have hD := hAD.not.mp hA
    have : ¬IsUnit (fromBlocks A 0 C D) :=
      isUnit_fromBlocks_zero₁₂.not.mpr (not_and'.mpr fun _ => hA)
    simp_rw [nonsing_inv_eq_ringInverse, Ring.inverse_non_unit _ hA, Ring.inverse_non_unit _ hD,
      Ring.inverse_non_unit _ this, Matrix.zero_mul, neg_zero, fromBlocks_zero]

end Triangular

/-! ### 2×2 block matrices -/


section Block

/-! #### General 2×2 block matrices -/


/-- A block matrix is invertible if the bottom right corner and the corresponding Schur complement
is. -/
@[instance_reducible]
def fromBlocks₂₂Invertible (A : Matrix m m α) (B : Matrix m n α) (C : Matrix n m α)
    (D : Matrix n n α) [Invertible D] [Invertible (A - B * ⅟D * C)] :
    Invertible (fromBlocks A B C D) := by
  -- factor `fromBlocks` via `fromBlocks_eq_of_invertible₂₂`, and state the inverse we expect
  convert!
    Invertible.copy' _ _
      (fromBlocks (⅟(A - B * ⅟D * C)) (-(⅟(A - B * ⅟D * C) * B * ⅟D))
        (-(⅟D * C * ⅟(A - B * ⅟D * C))) (⅟D + ⅟D * C * ⅟(A - B * ⅟D * C) * B * ⅟D))
      (fromBlocks_eq_of_invertible₂₂ _ _ _ _) _
  · -- the product is invertible because all the factors are
    letI : Invertible (1 : Matrix n n α) := invertibleOne
    letI : Invertible (1 : Matrix m m α) := invertibleOne
    refine Invertible.mul ?_ (fromBlocksZero₁₂Invertible _ _ _)
    exact
      Invertible.mul (fromBlocksZero₂₁Invertible _ _ _)
        (fromBlocksZero₂₁Invertible _ _ _)
  · -- unfold the `Invertible` instances to get the raw factors
    change
      _ =
        fromBlocks 1 0 (-(1 * (⅟D * C) * 1)) 1 *
          (fromBlocks (⅟(A - B * ⅟D * C)) (-(⅟(A - B * ⅟D * C) * 0 * ⅟D)) 0 (⅟D) *
            fromBlocks 1 (-(1 * (B * ⅟D) * 1)) 0 1)
    -- combine into a single block matrix
    simp only [fromBlocks_multiply, Matrix.one_mul, Matrix.mul_one, Matrix.zero_mul,
      Matrix.mul_zero, add_zero, zero_add, neg_zero, Matrix.mul_neg, Matrix.neg_mul, neg_neg, ←
      Matrix.mul_assoc, add_comm (⅟D)]

/-- A block matrix is invertible if the top left corner and the corresponding Schur complement
is. -/
@[instance_reducible]
def fromBlocks₁₁Invertible (A : Matrix m m α) (B : Matrix m n α) (C : Matrix n m α)
    (D : Matrix n n α) [Invertible A] [Invertible (D - C * ⅟A * B)] :
    Invertible (fromBlocks A B C D) := by
  -- we argue by symmetry
  letI := fromBlocks₂₂Invertible D C B A
  letI iDCBA :=
    submatrixEquivInvertible (fromBlocks D C B A) (Equiv.sumComm _ _) (Equiv.sumComm _ _)
  exact
    iDCBA.copy' _
      (fromBlocks (⅟A + ⅟A * B * ⅟(D - C * ⅟A * B) * C * ⅟A) (-(⅟A * B * ⅟(D - C * ⅟A * B)))
        (-(⅟(D - C * ⅟A * B) * C * ⅟A)) (⅟(D - C * ⅟A * B)))
      (fromBlocks_submatrix_sum_swap_sum_swap _ _ _ _).symm
      (fromBlocks_submatrix_sum_swap_sum_swap _ _ _ _).symm

theorem invOf_fromBlocks₂₂_eq (A : Matrix m m α) (B : Matrix m n α) (C : Matrix n m α)
    (D : Matrix n n α) [Invertible D] [Invertible (A - B * ⅟D * C)]
    [Invertible (fromBlocks A B C D)] :
    ⅟(fromBlocks A B C D) =
      fromBlocks (⅟(A - B * ⅟D * C)) (-(⅟(A - B * ⅟D * C) * B * ⅟D))
        (-(⅟D * C * ⅟(A - B * ⅟D * C))) (⅟D + ⅟D * C * ⅟(A - B * ⅟D * C) * B * ⅟D) := by
  let := fromBlocks₂₂Invertible A B C D
  convert! (rfl : ⅟(fromBlocks A B C D) = _)

theorem invOf_fromBlocks₁₁_eq (A : Matrix m m α) (B : Matrix m n α) (C : Matrix n m α)
    (D : Matrix n n α) [Invertible A] [Invertible (D - C * ⅟A * B)]
    [Invertible (fromBlocks A B C D)] :
    ⅟(fromBlocks A B C D) =
      fromBlocks (⅟A + ⅟A * B * ⅟(D - C * ⅟A * B) * C * ⅟A) (-(⅟A * B * ⅟(D - C * ⅟A * B)))
        (-(⅟(D - C * ⅟A * B) * C * ⅟A)) (⅟(D - C * ⅟A * B)) := by
  let := fromBlocks₁₁Invertible A B C D
  convert! (rfl : ⅟(fromBlocks A B C D) = _)

/-- If a block matrix is invertible and so is its bottom left element, then so is the corresponding
Schur complement. -/
@[instance_reducible]
def invertibleOfFromBlocks₂₂Invertible (A : Matrix m m α) (B : Matrix m n α) (C : Matrix n m α)
    (D : Matrix n n α) [Invertible D] [Invertible (fromBlocks A B C D)] :
    Invertible (A - B * ⅟D * C) := by
  suffices Invertible (fromBlocks (A - B * ⅟D * C) 0 0 D) by
    exact (invertibleOfFromBlocksZero₁₂Invertible (A - B * ⅟D * C) 0 D).1
  letI : Invertible (1 : Matrix n n α) := invertibleOne
  letI : Invertible (1 : Matrix m m α) := invertibleOne
  letI iDC : Invertible (fromBlocks 1 0 (⅟D * C) 1 : Matrix (m ⊕ n) (m ⊕ n) α) :=
    fromBlocksZero₁₂Invertible _ _ _
  letI iBD : Invertible (fromBlocks 1 (B * ⅟D) 0 1 : Matrix (m ⊕ n) (m ⊕ n) α) :=
    fromBlocksZero₂₁Invertible _ _ _
  letI iBDC := Invertible.copy ‹_› _ (fromBlocks_eq_of_invertible₂₂ A B C D).symm
  refine (iBD.mulLeft _).symm ?_
  exact (iDC.mulRight _).symm iBDC

/-- If a block matrix is invertible and so is its bottom left element, then so is the corresponding
Schur complement. -/
@[instance_reducible]
def invertibleOfFromBlocks₁₁Invertible (A : Matrix m m α) (B : Matrix m n α) (C : Matrix n m α)
    (D : Matrix n n α) [Invertible A] [Invertible (fromBlocks A B C D)] :
    Invertible (D - C * ⅟A * B) := by
  -- another symmetry argument
  letI iABCD' :=
    submatrixEquivInvertible (fromBlocks A B C D) (Equiv.sumComm _ _) (Equiv.sumComm _ _)
  letI iDCBA := iABCD'.copy _ (fromBlocks_submatrix_sum_swap_sum_swap _ _ _ _).symm
  exact invertibleOfFromBlocks₂₂Invertible D C B A

/-- `Matrix.invertibleOfFromBlocks₂₂Invertible` and `Matrix.fromBlocks₂₂Invertible` as an
equivalence. -/
def invertibleEquivFromBlocks₂₂Invertible (A : Matrix m m α) (B : Matrix m n α) (C : Matrix n m α)
    (D : Matrix n n α) [Invertible D] :
    Invertible (fromBlocks A B C D) ≃ Invertible (A - B * ⅟D * C) where
  toFun _iABCD := invertibleOfFromBlocks₂₂Invertible _ _ _ _
  invFun _i_schur := fromBlocks₂₂Invertible _ _ _ _
  left_inv _iABCD := Subsingleton.elim _ _
  right_inv _i_schur := Subsingleton.elim _ _

/-- `Matrix.invertibleOfFromBlocks₁₁Invertible` and `Matrix.fromBlocks₁₁Invertible` as an
equivalence. -/
def invertibleEquivFromBlocks₁₁Invertible (A : Matrix m m α) (B : Matrix m n α) (C : Matrix n m α)
    (D : Matrix n n α) [Invertible A] :
    Invertible (fromBlocks A B C D) ≃ Invertible (D - C * ⅟A * B) where
  toFun _iABCD := invertibleOfFromBlocks₁₁Invertible _ _ _ _
  invFun _i_schur := fromBlocks₁₁Invertible _ _ _ _
  left_inv _iABCD := Subsingleton.elim _ _
  right_inv _i_schur := Subsingleton.elim _ _

/-- If the bottom-left element of a block matrix is invertible, then the whole matrix is invertible
iff the corresponding Schur complement is. -/
theorem isUnit_fromBlocks_iff_of_invertible₂₂ {A : Matrix m m α} {B : Matrix m n α}
    {C : Matrix n m α} {D : Matrix n n α} [Invertible D] :
    IsUnit (fromBlocks A B C D) ↔ IsUnit (A - B * ⅟D * C) := by
  simp only [← nonempty_invertible_iff_isUnit,
    (invertibleEquivFromBlocks₂₂Invertible A B C D).nonempty_congr]

/-- If the top-right element of a block matrix is invertible, then the whole matrix is invertible
iff the corresponding Schur complement is. -/
theorem isUnit_fromBlocks_iff_of_invertible₁₁ {A : Matrix m m α} {B : Matrix m n α}
    {C : Matrix n m α} {D : Matrix n n α} [Invertible A] :
    IsUnit (fromBlocks A B C D) ↔ IsUnit (D - C * ⅟A * B) := by
  simp only [← nonempty_invertible_iff_isUnit,
    (invertibleEquivFromBlocks₁₁Invertible A B C D).nonempty_congr]

end Block

/-! ### Lemmas about `Matrix.det` -/


section Det

/-- Determinant of a 2×2 block matrix, expanded around an invertible top left element in terms of
the Schur complement. -/
theorem det_fromBlocks₁₁ (A : Matrix m m α) (B : Matrix m n α) (C : Matrix n m α)
    (D : Matrix n n α) [Invertible A] :
    (Matrix.fromBlocks A B C D).det = det A * det (D - C * ⅟A * B) := by
  rw [fromBlocks_eq_of_invertible₁₁ (A := A), det_mul, det_mul, det_fromBlocks_zero₂₁,
    det_fromBlocks_zero₂₁, det_fromBlocks_zero₁₂, det_one, det_one, one_mul, one_mul, mul_one]

@[simp]
theorem det_fromBlocks_one₁₁ (B : Matrix m n α) (C : Matrix n m α) (D : Matrix n n α) :
    (Matrix.fromBlocks 1 B C D).det = det (D - C * B) := by
  have : Invertible (1 : Matrix m m α) := invertibleOne
  rw [det_fromBlocks₁₁, invOf_one, Matrix.mul_one, det_one, one_mul]

/-- Determinant of a 2×2 block matrix, expanded around an invertible bottom right element in terms
of the Schur complement. -/
theorem det_fromBlocks₂₂ (A : Matrix m m α) (B : Matrix m n α) (C : Matrix n m α)
    (D : Matrix n n α) [Invertible D] :
    (Matrix.fromBlocks A B C D).det = det D * det (A - B * ⅟D * C) := by
  have : fromBlocks A B C D =
      (fromBlocks D C B A).submatrix (Equiv.sumComm _ _) (Equiv.sumComm _ _) := by
    ext (i j)
    cases i <;> cases j <;> rfl
  rw [this, det_submatrix_equiv_self, det_fromBlocks₁₁]

@[simp]
theorem det_fromBlocks_one₂₂ (A : Matrix m m α) (B : Matrix m n α) (C : Matrix n m α) :
    (Matrix.fromBlocks A B C 1).det = det (A - B * C) := by
  have : Invertible (1 : Matrix n n α) := invertibleOne
  rw [det_fromBlocks₂₂, invOf_one, Matrix.mul_one, det_one, one_mul]

/-- The **Weinstein–Aronszajn identity**. Note the `1` on the LHS is of shape m×m, while the `1` on
the RHS is of shape n×n. -/
theorem det_one_add_mul_comm (A : Matrix m n α) (B : Matrix n m α) :
    det (1 + A * B) = det (1 + B * A) :=
  calc
    det (1 + A * B) = det (fromBlocks 1 (-A) B 1) := by
      rw [det_fromBlocks_one₂₂, Matrix.neg_mul, sub_neg_eq_add]
    _ = det (1 + B * A) := by rw [det_fromBlocks_one₁₁, Matrix.mul_neg, sub_neg_eq_add]

/-- Alternate statement of the **Weinstein–Aronszajn identity** -/
theorem det_mul_add_one_comm (A : Matrix m n α) (B : Matrix n m α) :
    det (A * B + 1) = det (B * A + 1) := by rw [add_comm, det_one_add_mul_comm, add_comm]

theorem det_one_sub_mul_comm (A : Matrix m n α) (B : Matrix n m α) :
    det (1 - A * B) = det (1 - B * A) := by
  rw [sub_eq_add_neg, ← Matrix.neg_mul, det_one_add_mul_comm, Matrix.mul_neg, ← sub_eq_add_neg]

set_option backward.isDefEq.respectTransparency false in
/-- A special case of the **Matrix determinant lemma** for when `A = I`. -/
theorem det_one_add_replicateCol_mul_replicateRow {ι : Type*} [Unique ι] (u v : m → α) :
    det (1 + replicateCol ι u * replicateRow ι v) = 1 + v ⬝ᵥ u := by
  rw [det_one_add_mul_comm, det_unique, Pi.add_apply, Pi.add_apply, Matrix.one_apply_eq,
    Matrix.replicateRow_mul_replicateCol_apply]

/-- The **Matrix determinant lemma**

TODO: show the more general version without `hA : IsUnit A.det` as
`(A + replicateCol u * replicateRow v).det = A.det + v ⬝ᵥ (adjugate A) *ᵥ u`.
-/
theorem det_add_replicateCol_mul_replicateRow {ι : Type*} [Unique ι]
    {A : Matrix m m α} (hA : IsUnit A.det) (u v : m → α) :
    (A + replicateCol ι u * replicateRow ι v).det =
    A.det * (1 + replicateRow ι v * A⁻¹ * replicateCol ι u).det := by
  nth_rewrite 1 [← Matrix.mul_one A]
  rwa [← Matrix.mul_nonsing_inv_cancel_left A (replicateCol ι u * replicateRow ι v),
    ← Matrix.mul_add, det_mul, ← Matrix.mul_assoc, det_one_add_mul_comm, ← Matrix.mul_assoc]

/-- A generalization of the **Matrix determinant lemma** -/
theorem det_add_mul {A : Matrix m m α} (U : Matrix m n α)
    (V : Matrix n m α) (hA : IsUnit A.det) :
    (A + U * V).det = A.det * (1 + V * A⁻¹ * U).det := by
  nth_rewrite 1 [← Matrix.mul_one A]
  rwa [← Matrix.mul_nonsing_inv_cancel_left A (U * V), ← Matrix.mul_add,
    det_mul, ← Matrix.mul_assoc, det_one_add_mul_comm, ← Matrix.mul_assoc]

end Det

end CommRing

end Matrix

399d42aaf91c1b9f37a1d27743e9ef104e4689db blob 32514
/-
Copyright (c) 2018 Mario Carneiro. All rights reserved.
Released under Apache 2.0 license as described in the file LICENSE.
Authors: Mario Carneiro
-/
module

public import Mathlib.Data.Finset.Fold
public import Mathlib.Data.Finset.Sum
public import Mathlib.Data.Multiset.Lattice
public import Mathlib.Data.Set.BooleanAlgebra
public import Mathlib.Order.Hom.BoundedLattice
public import Mathlib.Order.Nat

/-!
# Lattice operations on finsets

This file is concerned with folding binary lattice operations over finsets.

For the special case of maximum and minimum of a finset, see Max.lean.

See also `Mathlib/Order/CompleteLattice/Finset.lean`, which is instead concerned with how big
lattice or set operations behave when indexed by a finset.
-/

@[expose] public section

open Function Multiset OrderDual

variable {F α β γ ι κ : Type*}

namespace Finset

/-! ### sup and inf -/


section Sup

-- TODO: define with just `[Bot α]` where some lemmas hold without requiring `[OrderBot α]`
variable [SemilatticeSup α] [OrderBot α]

/-- Supremum of a finite set: `sup {a, b, c} f = f a ⊔ f b ⊔ f c` -/
@[to_dual /-- Infimum of a finite set: `inf {a, b, c} f = f a ⊓ f b ⊓ f c` -/]
def sup (s : Finset β) (f : β → α) : α :=
  s.fold (· ⊔ ·) ⊥ f

variable {s s₁ s₂ : Finset β} {f g : β → α} {a : α}

@[to_dual]
theorem sup_def : s.sup f = (s.1.map f).sup :=
  rfl

@[to_dual (attr := simp)]
theorem sup_empty : (∅ : Finset β).sup f = ⊥ :=
  fold_empty

@[to_dual (attr := simp)]
theorem sup_cons {b : β} (h : b ∉ s) : (cons b s h).sup f = f b ⊔ s.sup f :=
  fold_cons h

@[to_dual (attr := simp, grind =)]
theorem sup_insert [DecidableEq β] {b : β} : (insert b s : Finset β).sup f = f b ⊔ s.sup f :=
  fold_insert_idem

@[to_dual (attr := simp)]
theorem sup_image [DecidableEq β] (s : Finset γ) (f : γ → β) (g : β → α) :
    (s.image f).sup g = s.sup (g ∘ f) :=
  fold_image_idem

@[to_dual (attr := simp)]
theorem sup_map (s : Finset γ) (f : γ ↪ β) (g : β → α) : (s.map f).sup g = s.sup (g ∘ f) :=
  fold_map

@[to_dual (attr := simp)]
theorem sup_singleton {b : β} : ({b} : Finset β).sup f = f b :=
  Multiset.sup_singleton

@[to_dual]
theorem sup_sup : s.sup (f ⊔ g) = s.sup f ⊔ s.sup g := by
  induction s using Finset.cons_induction with
  | empty => rw [sup_empty, sup_empty, sup_empty, bot_sup_eq]
  | cons _ _ _ ih =>
    rw [sup_cons, sup_cons, sup_cons, ih]
    exact sup_sup_sup_comm _ _ _ _

@[to_dual]
theorem sup_congr {f g : β → α} (hs : s₁ = s₂) (hfg : ∀ a ∈ s₂, f a = g a) :
    s₁.sup f = s₂.sup g := by
  subst hs
  exact Finset.fold_congr hfg

@[to_dual (attr := simp)]
theorem _root_.map_finset_sup [SemilatticeSup β] [OrderBot β]
    [FunLike F α β] [SupBotHomClass F α β]
    (f : F) (s : Finset ι) (g : ι → α) : f (s.sup g) = s.sup (f ∘ g) :=
  Finset.cons_induction_on s (map_bot f) fun i s _ h => by
    rw [sup_cons, sup_cons, map_sup, h, Function.comp_apply]

@[to_dual (attr := simp) le_inf_iff]
protected theorem sup_le_iff {a : α} : s.sup f ≤ a ↔ ∀ b ∈ s, f b ≤ a := by
  apply Iff.trans Multiset.sup_le
  simp only [Multiset.mem_map, and_imp, exists_imp]
  exact ⟨fun k b hb => k _ _ hb rfl, fun k a' b hb h => h ▸ k _ hb⟩

@[to_dual le_inf] protected alias ⟨_, sup_le⟩ := Finset.sup_le_iff

@[to_dual le_inf_const]
theorem sup_const_le : (s.sup fun _ => a) ≤ a :=
  Finset.sup_le fun _ _ => le_rfl

@[deprecated (since := "2026-03-25")] alias le_inf_const_le := le_inf_const

@[to_dual inf_le]
theorem le_sup {b : β} (hb : b ∈ s) : f b ≤ s.sup f :=
  Finset.sup_le_iff.1 le_rfl _ hb

@[to_dual]
lemma isLUB_sup : IsLUB (f '' s) (s.sup f) := by
  simp +contextual [IsLUB, IsLeast, upperBounds, lowerBounds, le_sup]

@[to_dual]
lemma isLUB_sup_id {s : Finset α} : IsLUB s (s.sup id) := by simpa using isLUB_sup (f := id)

@[to_dual inf_le_of_le]
theorem le_sup_of_le {b : β} (hb : b ∈ s) (h : a ≤ f b) : a ≤ s.sup f := h.trans <| le_sup hb

@[to_dual (attr := grind _=_)]
theorem sup_union [DecidableEq β] : (s₁ ∪ s₂).sup f = s₁.sup f ⊔ s₂.sup f :=
  eq_of_forall_ge_iff fun c => by simp [or_imp, forall_and]

@[to_dual]
theorem sup_const {s : Finset β} (h : s.Nonempty) (c : α) : (s.sup fun _ => c) = c :=
  eq_of_forall_ge_iff (fun _ => Finset.sup_le_iff.trans h.forall_const)

@[to_dual (attr := simp)]
theorem sup_bot (s : Finset β) : (s.sup fun _ => ⊥) = (⊥ : α) := by
  obtain rfl | hs := s.eq_empty_or_nonempty
  · exact sup_empty
  · exact sup_const hs _

@[to_dual]
theorem sup_ite (p : β → Prop) [DecidablePred p] :
    (s.sup fun i => ite (p i) (f i) (g i)) = (s.filter p).sup f ⊔ (s.filter fun i => ¬p i).sup g :=
  fold_ite _

@[to_dual (attr := gcongr, grind ←)]
theorem sup_mono_fun {g : β → α} (h : ∀ b ∈ s, f b ≤ g b) : s.sup f ≤ s.sup g :=
  Finset.sup_le fun b hb => le_trans (h b hb) (le_sup hb)

@[to_dual (attr := gcongr, grind ←)]
theorem sup_mono (h : s₁ ⊆ s₂) : s₁.sup f ≤ s₂.sup f :=
  Finset.sup_le (fun _ hb => le_sup (h hb))

@[to_dual]
protected theorem sup_comm (s : Finset β) (t : Finset γ) (f : β → γ → α) :
    (s.sup fun b => t.sup (f b)) = t.sup fun c => s.sup fun b => f b c :=
  eq_of_forall_ge_iff fun a => by simpa using forall₂_comm

@[to_dual (attr := simp)]
theorem sup_attach (s : Finset β) (f : β → α) : (s.attach.sup fun x => f x) = s.sup f :=
  (s.attach.sup_map (Function.Embedding.subtype _) f).symm.trans <| congr_arg _ attach_map_val

@[to_dual (attr := simp)]
theorem sup_erase_bot [DecidableEq α] (s : Finset α) : (s.erase ⊥).sup id = s.sup id := by
  refine (sup_mono (s.erase_subset _)).antisymm (Finset.sup_le_iff.2 fun a ha => ?_)
  obtain rfl | ha' := eq_or_ne a ⊥
  · exact bot_le
  · exact le_sup (mem_erase.2 ⟨ha', ha⟩)

theorem sup_sdiff_right {α β : Type*} [GeneralizedBooleanAlgebra α] (s : Finset β) (f : β → α)
    (a : α) : (s.sup fun b => f b \ a) = s.sup f \ a := by
  induction s using Finset.cons_induction with
  | empty => rw [sup_empty, sup_empty, bot_sdiff]
  | cons _ _ _ h => rw [sup_cons, sup_cons, h, sup_sdiff]

@[to_dual]
theorem apply_sup_eq_sup_comp [SemilatticeSup γ] [OrderBot γ] {s : Finset β} {f : β → α} (g : α → γ)
    (g_sup : ∀ x y, g (x ⊔ y) = g x ⊔ g y) (bot : g ⊥ = ⊥) : g (s.sup f) = s.sup (g ∘ f) :=
  Finset.cons_induction_on s bot fun c t hc ih => by
    rw [sup_cons, sup_cons, g_sup, ih, Function.comp_apply]

@[deprecated (since := "2026-05-29")]
alias comp_sup_eq_sup_comp := apply_sup_eq_sup_comp

@[deprecated (since := "2026-05-29")]
alias comp_inf_eq_inf_comp := apply_inf_eq_inf_comp

/-- Computing `sup` in a subtype (closed under `sup`) is the same as computing it in `α`. -/
@[to_dual (rename := Pbot → Ptop, Psup → Pinf)
/-- Computing `inf` in a subtype (closed under `inf`) is the same as computing it in `α`. -/]
theorem sup_coe {P : α → Prop} {Pbot : P ⊥} {Psup : ∀ ⦃x y⦄, P x → P y → P (x ⊔ y)} (t : Finset β)
    (f : β → { x : α // P x }) :
    letI := Subtype.semilatticeSup Psup
    letI := Subtype.orderBot Pbot
    (t.sup f).val = t.sup fun x => ↑(f x) := by
  let := Subtype.semilatticeSup Psup
  let := Subtype.orderBot Pbot
  apply apply_sup_eq_sup_comp Subtype.val <;> intros <;> rfl

@[simp]
theorem sup_toFinset {α β} [DecidableEq β] (s : Finset α) (f : α → Multiset β) :
    (s.sup f).toFinset = s.sup fun x => (f x).toFinset :=
  apply_sup_eq_sup_comp Multiset.toFinset toFinset_union rfl

@[to_dual]
theorem _root_.List.foldr_sup_eq_sup_toFinset [DecidableEq α] (l : List α) :
    l.foldr (· ⊔ ·) ⊥ = l.toFinset.sup id := by
  rw [← coe_fold_r, ← Multiset.fold_dedup_idem, sup_def, ← List.toFinset_coe, toFinset_val,
    Multiset.map_id]
  rfl

theorem subset_range_sup_succ (s : Finset ℕ) : s ⊆ range (s.sup id).succ := fun _ hn =>
  mem_range.2 <| Nat.lt_succ_of_le <| @le_sup _ _ _ _ _ id _ hn

@[to_dual]
theorem sup_induction {p : α → Prop} (hb : p ⊥) (hp : ∀ a₁, p a₁ → ∀ a₂, p a₂ → p (a₁ ⊔ a₂))
    (hs : ∀ b ∈ s, p (f b)) : p (s.sup f) := by
  induction s using Finset.cons_induction with
  | empty => exact hb
  | cons _ _ _ ih =>
    simp only [sup_cons, forall_mem_cons] at hs ⊢
    exact hp _ hs.1 _ (ih hs.2)

@[to_dual le_inf_of_directed_le]
theorem sup_le_of_le_directed {α : Type*} [SemilatticeSup α] [OrderBot α] (s : Set α)
    (hs : s.Nonempty) (hdir : DirectedOn (· ≤ ·) s) (t : Finset α) :
    (∀ x ∈ t, ∃ y ∈ s, x ≤ y) → ∃ x ∈ s, t.sup id ≤ x := by
  classical
    induction t using Finset.induction_on with
    | empty =>
      simpa only [forall_prop_of_true, and_true, forall_prop_of_false, bot_le, not_false_iff,
        sup_empty, forall_true_iff, notMem_empty]
    | insert a r _ ih =>
      intro h
      have incs : (r : Set α) ⊆ ↑(insert a r) := by
        rw [Finset.coe_subset]
        apply Finset.subset_insert
      -- x ∈ s is above the sup of r
      obtain ⟨x, ⟨hxs, hsx_sup⟩⟩ := ih fun x hx => h x <| incs hx
      -- y ∈ s is above a
      obtain ⟨y, hys, hay⟩ := h a (Finset.mem_insert_self a r)
      -- z ∈ s is above x and y
      obtain ⟨z, hzs, ⟨hxz, hyz⟩⟩ := hdir x hxs y hys
      use z, hzs
      rw [sup_insert, id, sup_le_iff]
      exact ⟨le_trans hay hyz, le_trans hsx_sup hxz⟩

-- If we acquire sublattices
-- the hypotheses should be reformulated as `s : SubsemilatticeSupBot`
@[to_dual]
theorem sup_mem (s : Set α) (w₁ : ⊥ ∈ s) (w₂ : ∀ᵉ (x ∈ s) (y ∈ s), x ⊔ y ∈ s)
    {ι : Type*} (t : Finset ι) (p : ι → α) (h : ∀ i ∈ t, p i ∈ s) : t.sup p ∈ s :=
  @sup_induction _ _ _ _ _ _ (· ∈ s) w₁ w₂ h

@[to_dual (attr := simp)]
protected theorem sup_eq_bot_iff (f : β → α) (S : Finset β) : S.sup f = ⊥ ↔ ∀ s ∈ S, f s = ⊥ := by
  classical induction S using Finset.induction <;> simp [*]

@[to_additive (attr := simp)]
lemma sup_eq_one [One α] [IsBotOneClass α] : s.sup f = 1 ↔ ∀ i ∈ s, f i = 1 := by
  simp [← bot_eq_one]

@[to_dual (attr := simp)]
lemma sup_disjSum (s : Finset β) (t : Finset γ) (f : β ⊕ γ → α) :
    (s.disjSum t).sup f = (s.sup fun x ↦ f (.inl x)) ⊔ (t.sup fun x ↦ f (.inr x)) :=
  congr(fold _ $(bot_sup_eq _ |>.symm) _ _).trans (fold_disjSum _ _ _ _ _ _)

@[to_dual (attr := simp)]
theorem sup_eq_bot_of_isEmpty [IsEmpty β] (f : β → α) (S : Finset β) : S.sup f = ⊥ := by
  rw [Finset.sup_eq_bot_iff]
  exact fun x _ => False.elim <| IsEmpty.false x

@[to_dual inf_dite_pos_le]
theorem le_sup_dite_pos (p : β → Prop) [DecidablePred p]
    {f : (b : β) → p b → α} {g : (b : β) → ¬p b → α} {b : β} (h₀ : b ∈ s) (h₁ : p b) :
    f b h₁ ≤ s.sup fun i ↦ if h : p i then f i h else g i h := by
  grind [le_sup_of_le]

@[to_dual inf_dite_neg_le]
theorem le_sup_dite_neg (p : β → Prop) [DecidablePred p]
    {f : (b : β) → p b → α} {g : (b : β) → ¬p b → α} {b : β} (h₀ : b ∈ s) (h₁ : ¬p b) :
    g b h₁ ≤ s.sup fun i ↦ if h : p i then f i h else g i h := by
  grind [le_sup_of_le]

end Sup

@[to_dual]
theorem sup_eq_iSup [CompleteLattice β] (s : Finset α) (f : α → β) : s.sup f = ⨆ a ∈ s, f a :=
  le_antisymm
    (Finset.sup_le (fun a ha => le_iSup_of_le a <| le_iSup (fun _ => f a) ha))
    (iSup_le fun _ => iSup_le fun ha => le_sup ha)

@[to_dual]
theorem sup_id_eq_sSup [CompleteLattice α] (s : Finset α) : s.sup id = sSup s := by
  simp [sSup_eq_iSup, sup_eq_iSup]

theorem sup_id_set_eq_sUnion (s : Finset (Set α)) : s.sup id = ⋃₀ ↑s :=
  sup_id_eq_sSup _

theorem inf_id_set_eq_sInter (s : Finset (Set α)) : s.inf id = ⋂₀ ↑s :=
  inf_id_eq_sInf _

@[simp]
theorem sup_set_eq_biUnion (s : Finset α) (f : α → Set β) : s.sup f = ⋃ x ∈ s, f x :=
  sup_eq_iSup _ _

@[simp]
theorem inf_set_eq_iInter (s : Finset α) (f : α → Set β) : s.inf f = ⋂ x ∈ s, f x :=
  inf_eq_iInf _ _

@[to_dual]
theorem sup_eq_sSup_image [CompleteLattice β] (s : Finset α) (f : α → β) :
    s.sup f = sSup (f '' s) := by
  classical rw [← Finset.coe_image, ← sup_id_eq_sSup, sup_image, Function.id_comp]

@[to_dual exists_inf_le]
theorem exists_sup_ge [SemilatticeSup β] [OrderBot β] [WellFoundedGT β] (f : α → β) :
    ∃ t : Finset α, ∀ a, f a ≤ t.sup f := by
  cases isEmpty_or_nonempty α
  · exact ⟨⊥, isEmptyElim⟩
  obtain ⟨_, ⟨t, rfl⟩, ht⟩ := wellFounded_gt.has_min _ (Set.range_nonempty (sup · f))
  refine ⟨t, fun a ↦ ?_⟩
  classical
  have := ht (f a ⊔ t.sup f) ⟨insert a t, by simp⟩
  rwa [right_lt_sup, not_not] at this

@[to_dual]
theorem exists_sup_eq_iSup [CompleteLattice β] [WellFoundedGT β] (f : α → β) :
    ∃ t : Finset α, t.sup f = ⨆ a, f a :=
  have ⟨t, ht⟩ := exists_sup_ge f
  ⟨t, (Finset.sup_le fun _ _ ↦ le_iSup ..).antisymm <| iSup_le ht⟩

@[to_dual (attr := simp)]
theorem toDual_sup [SemilatticeSup α] [OrderBot α] (s : Finset β) (f : β → α) :
    toDual (s.sup f) = s.inf (toDual ∘ f) :=
  rfl

@[to_dual (attr := simp)]
theorem ofDual_sup [SemilatticeInf α] [OrderTop α] (s : Finset β) (f : β → αᵒᵈ) :
    ofDual (s.sup f) = s.inf (ofDual ∘ f) :=
  rfl

section DistribLattice

variable [DistribLattice α]

section OrderBot

variable [OrderBot α] {s : Finset ι} {t : Finset κ} {f : ι → α} {g : κ → α} {a : α}

@[to_dual]
theorem sup_inf_distrib_left (s : Finset ι) (f : ι → α) (a : α) :
    a ⊓ s.sup f = s.sup fun i => a ⊓ f i := by
  induction s using Finset.cons_induction with
  | empty => simp_rw [Finset.sup_empty, inf_bot_eq]
  | cons _ _ _ h => rw [sup_cons, sup_cons, inf_sup_left, h]

@[to_dual]
theorem sup_inf_distrib_right (s : Finset ι) (f : ι → α) (a : α) :
    s.sup f ⊓ a = s.sup fun i => f i ⊓ a := by
  rw [_root_.inf_comm, s.sup_inf_distrib_left]
  simp_rw [_root_.inf_comm]

@[to_dual]
protected theorem disjoint_sup_right : Disjoint a (s.sup f) ↔ ∀ ⦃i⦄, i ∈ s → Disjoint a (f i) := by
  simp only [disjoint_iff, sup_inf_distrib_left, Finset.sup_eq_bot_iff]

@[to_dual]
protected theorem disjoint_sup_left : Disjoint (s.sup f) a ↔ ∀ ⦃i⦄, i ∈ s → Disjoint (f i) a := by
  simp only [disjoint_iff, sup_inf_distrib_right, Finset.sup_eq_bot_iff]

end OrderBot

end DistribLattice

section BooleanAlgebra

variable [BooleanAlgebra α] {s : Finset ι}

theorem sup_sdiff_left (s : Finset ι) (f : ι → α) (a : α) :
    (s.sup fun b => a \ f b) = a \ s.inf f := by
  induction s using Finset.cons_induction with
  | empty => rw [sup_empty, inf_empty, sdiff_top]
  | cons _ _ _ h => rw [sup_cons, inf_cons, h, sdiff_inf]

theorem inf_sdiff_left (hs : s.Nonempty) (f : ι → α) (a : α) :
    (s.inf fun b => a \ f b) = a \ s.sup f := by
  induction hs using Finset.Nonempty.cons_induction with
  | singleton => rw [sup_singleton, inf_singleton]
  | cons _ _ _ _ ih => rw [sup_cons, inf_cons, ih, sdiff_sup]

theorem inf_sdiff_right (hs : s.Nonempty) (f : ι → α) (a : α) :
    (s.inf fun b => f b \ a) = s.inf f \ a := by
  induction hs using Finset.Nonempty.cons_induction with
  | singleton => rw [inf_singleton, inf_singleton]
  | cons _ _ _ _ ih => rw [inf_cons, inf_cons, ih, inf_sdiff]

theorem inf_himp_right (s : Finset ι) (f : ι → α) (a : α) :
    (s.inf fun b => f b ⇨ a) = s.sup f ⇨ a :=
  @sup_sdiff_left αᵒᵈ _ _ _ _ _

theorem sup_himp_right (hs : s.Nonempty) (f : ι → α) (a : α) :
    (s.sup fun b => f b ⇨ a) = s.inf f ⇨ a :=
  @inf_sdiff_left αᵒᵈ _ _ _ hs _ _

theorem sup_himp_left (hs : s.Nonempty) (f : ι → α) (a : α) :
    (s.sup fun b => a ⇨ f b) = a ⇨ s.sup f :=
  @inf_sdiff_right αᵒᵈ _ _ _ hs _ _

@[simp]
protected theorem compl_sup (s : Finset ι) (f : ι → α) : (s.sup f)ᶜ = s.inf fun i => (f i)ᶜ :=
  map_finset_sup (OrderIso.compl α) _ _

@[simp]
protected theorem compl_inf (s : Finset ι) (f : ι → α) : (s.inf f)ᶜ = s.sup fun i => (f i)ᶜ :=
  map_finset_inf (OrderIso.compl α) _ _

end BooleanAlgebra

section LinearOrder

variable [LinearOrder α]

section OrderBot

variable [OrderBot α] {s : Finset ι} {f : ι → α} {a : α}

@[to_dual]
theorem apply_sup_eq_sup_comp_of_linearOrder [SemilatticeSup β] [OrderBot β] (g : α → β)
    (mono_g : Monotone g) (bot : g ⊥ = ⊥) : g (s.sup f) = s.sup (g ∘ f) :=
  apply_sup_eq_sup_comp g mono_g.map_sup bot

@[deprecated (since := "2026-05-29")]
alias comp_sup_eq_sup_comp_of_is_total := apply_sup_eq_sup_comp_of_linearOrder

@[deprecated (since := "2026-05-29")]
alias comp_inf_eq_inf_comp_of_is_total := apply_inf_eq_inf_comp_of_linearOrder

@[to_dual (attr := simp) inf_le_iff]
protected theorem le_sup_iff (ha : ⊥ < a) : a ≤ s.sup f ↔ ∃ b ∈ s, a ≤ f b := by
  apply Iff.intro
  · induction s using cons_induction with
    | empty => exact (absurd · (not_le_of_gt ha))
    | cons c t hc ih =>
      rw [sup_cons, le_sup_iff]
      exact fun
      | Or.inl h => ⟨c, mem_cons.2 (Or.inl rfl), h⟩
      | Or.inr h => let ⟨b, hb, hle⟩ := ih h; ⟨b, mem_cons.2 (Or.inr hb), hle⟩
  · exact fun ⟨b, hb, hle⟩ => le_trans hle (le_sup hb)

@[to_dual]
protected theorem sup_eq_top_iff {α : Type*} [LinearOrder α] [BoundedOrder α] [Nontrivial α]
    {s : Finset ι} {f : ι → α} : s.sup f = ⊤ ↔ ∃ b ∈ s, f b = ⊤ := by
  simp only [← top_le_iff]
  exact Finset.le_sup_iff bot_lt_top

@[to_dual]
protected theorem Nonempty.sup_eq_top_iff {α : Type*} [LinearOrder α] [BoundedOrder α]
    {s : Finset ι} {f : ι → α} (hs : s.Nonempty) : s.sup f = ⊤ ↔ ∃ b ∈ s, f b = ⊤ := by
  cases subsingleton_or_nontrivial α
  · simpa [Subsingleton.elim _ (⊤ : α)]
  · exact Finset.sup_eq_top_iff

@[to_dual (attr := simp) inf_lt_iff]
protected theorem lt_sup_iff : a < s.sup f ↔ ∃ b ∈ s, a < f b := by
  apply Iff.intro
  · induction s using cons_induction with
    | empty => exact (absurd · not_lt_bot)
    | cons c t hc ih =>
      rw [sup_cons, lt_sup_iff]
      exact fun
      | Or.inl h => ⟨c, mem_cons.2 (Or.inl rfl), h⟩
      | Or.inr h => let ⟨b, hb, hlt⟩ := ih h; ⟨b, mem_cons.2 (Or.inr hb), hlt⟩
  · exact fun ⟨b, hb, hlt⟩ => lt_of_lt_of_le hlt (le_sup hb)

@[to_dual (attr := simp) lt_inf_iff]
protected theorem sup_lt_iff (ha : ⊥ < a) : s.sup f < a ↔ ∀ b ∈ s, f b < a :=
  ⟨fun hs _ hb => lt_of_le_of_lt (le_sup hb) hs,
    Finset.cons_induction_on s (fun _ => ha) fun c t hc => by
      simpa only [sup_cons, sup_lt_iff, mem_cons, forall_eq_or_imp] using And.imp_right⟩

@[to_dual]
theorem sup_mem_of_nonempty (hs : s.Nonempty) : s.sup f ∈ f '' s := by
  classical
  induction s using Finset.induction with
  | empty => simp only [Finset.not_nonempty_empty] at hs
  | insert a s _ h =>
    rw [Finset.sup_insert (b := a) (s := s) (f := f)]
    cases s.eq_empty_or_nonempty with
    | inl hs => simp [hs]
    | inr hs =>
      simp only [Finset.coe_insert]
      rcases le_total (f a) (s.sup f) with (ha | ha)
      · rw [sup_eq_right.mpr ha]
        exact Set.image_mono (Set.subset_insert a s) (h hs)
      · rw [sup_eq_left.mpr ha]
        apply Set.mem_image_of_mem _ (Set.mem_insert a ↑s)

end OrderBot

end LinearOrder

section Sup'

variable [SemilatticeSup α]

@[to_dual]
theorem sup_of_mem {s : Finset β} (f : β → α) {b : β} (h : b ∈ s) :
    ∃ a : α, s.sup ((↑) ∘ f : β → WithBot α) = ↑a :=
  (WithBot.le_iff_forall.1 (le_sup (α := WithBot α) h) (f b) rfl).imp fun _ ↦ And.left

/-- Given nonempty finset `s` then `s.sup' H f` is the supremum of its image under `f` in (possibly
unbounded) join-semilattice `α`, where `H` is a proof of nonemptiness. If `α` has a bottom element
you may instead use `Finset.sup` which does not require `s` nonempty. -/
@[to_dual
/-- Given nonempty finset `s` then `s.inf' H f` is the infimum of its image under `f` in (possibly
unbounded) meet-semilattice `α`, where `H` is a proof of nonemptiness. If `α` has a top element you
may instead use `Finset.inf` which does not require `s` nonempty. -/]
def sup' (s : Finset β) (H : s.Nonempty) (f : β → α) : α :=
  WithBot.unbot (s.sup ((↑) ∘ f)) (by simpa using! H)

variable {s : Finset β} (H : s.Nonempty) (f : β → α)

@[to_dual (attr := simp)]
theorem coe_sup' : ((s.sup' H f : α) : WithBot α) = s.sup ((↑) ∘ f) := by
  rw [sup', WithBot.coe_unbot]

@[to_dual (attr := simp)]
theorem sup'_cons {b : β} {hb : b ∉ s} :
    (cons b s hb).sup' (cons_nonempty hb) f = f b ⊔ s.sup' H f := by
  rw [← WithBot.coe_eq_coe]
  simp [WithBot.coe_sup]

@[to_dual (attr := simp)]
theorem sup'_insert [DecidableEq β] {b : β} :
    (insert b s).sup' (insert_nonempty _ _) f = f b ⊔ s.sup' H f := by
  rw [← WithBot.coe_eq_coe]
  simp [WithBot.coe_sup]

@[to_dual (attr := simp)]
theorem sup'_singleton {b : β} : ({b} : Finset β).sup' (singleton_nonempty _) f = f b :=
  rfl

@[to_dual (attr := simp) le_inf'_iff]
theorem sup'_le_iff {a : α} : s.sup' H f ≤ a ↔ ∀ b ∈ s, f b ≤ a := by
  simp_rw [← @WithBot.coe_le_coe α, coe_sup', Finset.sup_le_iff]; rfl

@[to_dual le_inf'] alias ⟨_, sup'_le⟩ := sup'_le_iff

@[to_dual inf'_le]
theorem le_sup' {b : β} (h : b ∈ s) : f b ≤ s.sup' ⟨b, h⟩ f :=
  (sup'_le_iff ⟨b, h⟩ f).1 le_rfl b h

@[to_dual]
theorem isLUB_sup' {s : Finset α} (hs : s.Nonempty) : IsLUB s (sup' s hs id) :=
  ⟨fun x h => id_eq x ▸ le_sup' id h, fun _ h => Finset.sup'_le hs id h⟩

@[to_dual inf'_le_of_le]
theorem le_sup'_of_le {a : α} {b : β} (hb : b ∈ s) (h : a ≤ f b) : a ≤ s.sup' ⟨b, hb⟩ f :=
  h.trans <| le_sup' _ hb

@[to_dual]
lemma sup'_eq_of_forall {a : α} (h : ∀ b ∈ s, f b = a) : s.sup' H f = a :=
  le_antisymm (sup'_le _ _ (fun _ hb ↦ (h _ hb).le))
    (le_sup'_of_le _ H.choose_spec (h _ H.choose_spec).ge)

@[to_dual (attr := simp)]
theorem sup'_const (a : α) : s.sup' H (fun _ => a) = a :=
  sup'_eq_of_forall H (fun _ ↦ a) fun _ ↦ congrFun rfl

@[to_dual]
theorem sup'_union [DecidableEq β] {s₁ s₂ : Finset β} (h₁ : s₁.Nonempty) (h₂ : s₂.Nonempty)
    (f : β → α) :
    (s₁ ∪ s₂).sup' (h₁.mono subset_union_left) f = s₁.sup' h₁ f ⊔ s₂.sup' h₂ f :=
  eq_of_forall_ge_iff fun a => by simp [or_imp, forall_and]

@[to_dual]
protected theorem sup'_comm {t : Finset γ} (hs : s.Nonempty) (ht : t.Nonempty) (f : β → γ → α) :
    (s.sup' hs fun b => t.sup' ht (f b)) = t.sup' ht fun c => s.sup' hs fun b => f b c :=
  eq_of_forall_ge_iff fun a => by simpa using forall₂_comm

@[to_dual]
theorem sup'_induction {p : α → Prop} (hp : ∀ a₁, p a₁ → ∀ a₂, p a₂ → p (a₁ ⊔ a₂))
    (hs : ∀ b ∈ s, p (f b)) : p (s.sup' H f) := by
  change @WithBot.recBotCoe α (fun _ => Prop) True p ↑(s.sup' H f)
  rw [coe_sup']
  refine sup_induction trivial (fun a₁ h₁ a₂ h₂ ↦ ?_) hs
  match a₁, a₂ with
  | ⊥, _ => rwa [bot_sup_eq]
  | (a₁ : α), ⊥ => rwa [sup_bot_eq]
  | (a₁ : α), (a₂ : α) => exact hp a₁ h₁ a₂ h₂

@[to_dual]
theorem sup'_mem (s : Set α) (w : ∀ᵉ (x ∈ s) (y ∈ s), x ⊔ y ∈ s) {ι : Type*}
    (t : Finset ι) (H : t.Nonempty) (p : ι → α) (h : ∀ i ∈ t, p i ∈ s) : t.sup' H p ∈ s :=
  sup'_induction H p w h

@[to_dual (attr := congr)]
theorem sup'_congr {t : Finset β} {f g : β → α} (h₁ : s = t) (h₂ : ∀ x ∈ s, f x = g x) :
    s.sup' H f = t.sup' (h₁ ▸ H) g := by
  subst s
  refine eq_of_forall_ge_iff fun c => ?_
  simp +contextual only [sup'_le_iff, h₂]

@[to_dual]
theorem apply_sup'_eq_sup'_comp [SemilatticeSup γ] {s : Finset β} (H : s.Nonempty) {f : β → α}
    (g : α → γ) (g_sup : ∀ x y, g (x ⊔ y) = g x ⊔ g y) : g (s.sup' H f) = s.sup' H (g ∘ f) := by
  refine H.cons_induction ?_ ?_ <;> intros <;> simp [*]

@[deprecated (since := "2026-05-29")]
alias comp_sup'_eq_sup'_comp := apply_sup'_eq_sup'_comp

@[deprecated (since := "2026-05-29")]
alias comp_inf'_eq_inf'_comp := apply_sup'_eq_sup'_comp

@[to_dual (attr := simp)]
theorem _root_.map_finset_sup' [SemilatticeSup β] [FunLike F α β] [SupHomClass F α β]
    (f : F) {s : Finset ι} (hs) (g : ι → α) :
    f (s.sup' hs g) = s.sup' hs (f ∘ g) := by
  refine hs.cons_induction ?_ ?_ <;> intros <;> simp [*]

/-- To rewrite from right to left, use `Finset.sup'_comp_eq_image`. -/
@[to_dual (attr := simp) /-- To rewrite from right to left, use `Finset.inf'_comp_eq_image`. -/]
theorem sup'_image [DecidableEq β] {s : Finset γ} {f : γ → β} (hs : (s.image f).Nonempty)
    (g : β → α) :
    (s.image f).sup' hs g = s.sup' hs.of_image (g ∘ f) := by
  rw [← WithBot.coe_eq_coe]; simp only [coe_sup', sup_image]; rfl

/-- A version of `Finset.sup'_image` with LHS and RHS reversed.
Also, this lemma assumes that `s` is nonempty instead of assuming that its image is nonempty. -/
@[to_dual /-- A version of `Finset.inf'_image` with LHS and RHS reversed.
Also, this lemma assumes that `s` is nonempty instead of assuming that its image is nonempty. -/]
lemma sup'_comp_eq_image [DecidableEq β] {s : Finset γ} {f : γ → β} (hs : s.Nonempty) (g : β → α) :
    s.sup' hs (g ∘ f) = (s.image f).sup' (hs.image f) g :=
  .symm <| sup'_image _ _

/-- To rewrite from right to left, use `Finset.sup'_comp_eq_map`. -/
@[to_dual (attr := simp) /-- To rewrite from right to left, use `Finset.inf'_comp_eq_map`. -/]
theorem sup'_map {s : Finset γ} {f : γ ↪ β} (g : β → α) (hs : (s.map f).Nonempty) :
    (s.map f).sup' hs g = s.sup' (map_nonempty.1 hs) (g ∘ f) := by
  rw [← WithBot.coe_eq_coe, coe_sup', sup_map, coe_sup']
  rfl

/-- A version of `Finset.sup'_map` with LHS and RHS reversed.
Also, this lemma assumes that `s` is nonempty instead of assuming that its image is nonempty. -/
@[to_dual /-- A version of `Finset.inf'_map` with LHS and RHS reversed.
Also, this lemma assumes that `s` is nonempty instead of assuming that its image is nonempty. -/]
lemma sup'_comp_eq_map {s : Finset γ} {f : γ ↪ β} (g : β → α) (hs : s.Nonempty) :
    s.sup' hs (g ∘ f) = (s.map f).sup' (map_nonempty.2 hs) g :=
  .symm <| sup'_map _ _


@[to_dual (attr := gcongr)]
theorem sup'_mono {s₁ s₂ : Finset β} (h : s₁ ⊆ s₂) (h₁ : s₁.Nonempty) :
    s₁.sup' h₁ f ≤ s₂.sup' (h₁.mono h) f :=
  Finset.sup'_le h₁ _ (fun _ hb => le_sup' _ (h hb))

@[to_dual (attr := gcongr)]
lemma sup'_mono_fun {hs : s.Nonempty} {f g : β → α} (h : ∀ b ∈ s, f b ≤ g b) :
    s.sup' hs f ≤ s.sup' hs g := sup'_le _ _ fun b hb ↦ (h b hb).trans (le_sup' _ hb)

end Sup'

section Sup

variable [SemilatticeSup α] [OrderBot α] {s : Finset β} {f : β → α}

@[to_dual]
theorem sup'_eq_sup (H : s.Nonempty) (f : β → α) : s.sup' H f = s.sup f :=
  le_antisymm (sup'_le H f fun _ => le_sup) (Finset.sup_le fun _ => le_sup' f)

@[to_additive (attr := simp)]
lemma sup'_eq_one [One α] [IsBotOneClass α] (hs) : s.sup' hs f = 1 ↔ ∀ i ∈ s, f i = 1 := by
  simp [sup'_eq_sup]

@[to_dual]
theorem coe_sup_of_nonempty (h : s.Nonempty) (f : β → α) :
    (↑(s.sup f) : WithBot α) = s.sup ((↑) ∘ f) := by simp only [← sup'_eq_sup h, coe_sup' h]

end Sup

@[to_dual (attr := simp)]
protected theorem sup_apply {C : β → Type*} [∀ b : β, SemilatticeSup (C b)]
    [∀ b : β, OrderBot (C b)] (s : Finset α) (f : α → ∀ b : β, C b) (b : β) :
    s.sup f b = s.sup fun a => f a b :=
  apply_sup_eq_sup_comp (fun x : ∀ b : β, C b => x b) (fun _ _ => rfl) rfl

@[to_dual (attr := simp)]
protected theorem sup'_apply {C : β → Type*} [∀ b : β, SemilatticeSup (C b)]
    {s : Finset α} (H : s.Nonempty) (f : α → ∀ b : β, C b) (b : β) :
    s.sup' H f b = s.sup' H fun a => f a b :=
  apply_sup'_eq_sup'_comp H (fun x : ∀ b : β, C b => x b) fun _ _ => rfl

@[to_dual (attr := simp)]
theorem toDual_sup' [SemilatticeSup α] {s : Finset ι} (hs : s.Nonempty) (f : ι → α) :
    toDual (s.sup' hs f) = s.inf' hs (toDual ∘ f) :=
  rfl

@[to_dual (attr := simp)]
theorem ofDual_sup' [SemilatticeInf α] {s : Finset ι} (hs : s.Nonempty) (f : ι → αᵒᵈ) :
    ofDual (s.sup' hs f) = s.inf' hs (ofDual ∘ f) :=
  rfl

section DistribLattice
variable [DistribLattice α] {s : Finset ι} {t : Finset κ} (hs : s.Nonempty) (ht : t.Nonempty)
  {f : ι → α} {g : κ → α} {a : α}

@[to_dual]
theorem sup'_inf_distrib_left (f : ι → α) (a : α) :
    a ⊓ s.sup' hs f = s.sup' hs fun i ↦ a ⊓ f i := by
  induction hs using Finset.Nonempty.cons_induction with
  | singleton => simp
  | cons _ _ _ hs ih => simp_rw [sup'_cons hs, inf_sup_left, ih]

@[to_dual]
theorem sup'_inf_distrib_right (f : ι → α) (a : α) :
    s.sup' hs f ⊓ a = s.sup' hs fun i => f i ⊓ a := by
  rw [inf_comm, sup'_inf_distrib_left]; simp_rw [inf_comm]

end DistribLattice

section LinearOrder

variable [LinearOrder α] {s : Finset ι} (H : s.Nonempty) {f : ι → α} {a : α}

@[to_dual]
theorem apply_sup_eq_sup_comp_of_nonempty [OrderBot α] [SemilatticeSup β] [OrderBot β]
    {g : α → β} (mono_g : Monotone g) (H : s.Nonempty) : g (s.sup f) = s.sup (g ∘ f) := by
  rw [← Finset.sup'_eq_sup H, ← Finset.sup'_eq_sup H]
  exact Finset.apply_sup'_eq_sup'_comp H g (fun x y ↦ Monotone.map_sup mono_g x y)

@[deprecated (since := "2026-03-25")]
alias comp_sup_eq_sup_comp_of_nonempty := apply_sup_eq_sup_comp_of_nonempty

@[to_dual (attr := simp) inf'_le_iff]
theorem le_sup'_iff : a ≤ s.sup' H f ↔ ∃ b ∈ s, a ≤ f b := by
  rw [← WithBot.coe_le_coe, coe_sup', Finset.le_sup_iff (WithBot.bot_lt_coe a)]
  exact exists_congr (fun _ => and_congr_right' WithBot.coe_le_coe)

@[to_dual (attr := simp) inf'_lt_iff]
theorem lt_sup'_iff : a < s.sup' H f ↔ ∃ b ∈ s, a < f b := by
  rw [← WithBot.coe_lt_coe, coe_sup', Finset.lt_sup_iff]
  exact exists_congr (fun _ => and_congr_right' WithBot.coe_lt_coe)

@[to_dual (attr := simp) lt_inf'_iff]
theorem sup'_lt_iff : s.sup' H f < a ↔ ∀ i ∈ s, f i < a := by
  rw [← WithBot.coe_lt_coe, coe_sup', Finset.sup_lt_iff (WithBot.bot_lt_coe a)]
  exact forall₂_congr (fun _ _ => WithBot.coe_lt_coe)

@[to_dual]
theorem exists_mem_eq_sup' (f : ι → α) : ∃ i, i ∈ s ∧ s.sup' H f = f i := by
  induction H using Finset.Nonempty.cons_induction with
  | singleton c => exact ⟨c, mem_singleton_self c, rfl⟩
  | cons c s hcs hs ih =>
    rcases ih with ⟨b, hb, h'⟩
    rw [sup'_cons hs, h']
    cases le_total (f b) (f c) with
    | inl h => exact ⟨c, mem_cons.2 (Or.inl rfl), sup_eq_left.2 h⟩
    | inr h => exact ⟨b, mem_cons.2 (Or.inr hb), sup_eq_right.2 h⟩

@[to_dual]
theorem exists_mem_eq_sup [OrderBot α] (s : Finset ι) (h : s.Nonempty) (f : ι → α) :
    ∃ i, i ∈ s ∧ s.sup f = f i :=
  sup'_eq_sup h f ▸ exists_mem_eq_sup' h f

end LinearOrder

end Finset

namespace Multiset

theorem map_finset_sup [DecidableEq α] [DecidableEq β] (s : Finset γ) (f : γ → Multiset β)
    (g : β → α) (hg : Function.Injective g) : map g (s.sup f) = s.sup (map g ∘ f) :=
  Finset.apply_sup_eq_sup_comp _ (fun _ _ => map_union hg) (map_zero _)

theorem count_finset_sup [DecidableEq β] (s : Finset α) (f : α → Multiset β) (b : β) :
    count b (s.sup f) = s.sup fun a => count b (f a) := by
  let := Classical.decEq α
  refine s.induction ?_ ?_
  · exact count_zero _
  · intro i s _ ih
    rw [Finset.sup_insert, sup_eq_union, count_union, Finset.sup_insert, ih]

theorem mem_sup {α β} [DecidableEq β] {s : Finset α} {f : α → Multiset β} {x : β} :
    x ∈ s.sup f ↔ ∃ v ∈ s, x ∈ f v := by
  induction s using Finset.cons_induction <;> simp [*]

end Multiset

namespace Finset
variable [DecidableEq α] {s : Finset ι} {f : ι → Finset α} {a : α}

@[simp] lemma mem_sup' (hs) : a ∈ s.sup' hs f ↔ ∃ i ∈ s, a ∈ f i := by
  induction hs using Nonempty.cons_induction <;> simp [*]

@[simp] lemma mem_inf' (hs) : a ∈ s.inf' hs f ↔ ∀ i ∈ s, a ∈ f i := by
  induction hs using Nonempty.cons_induction <;> simp [*]

@[simp] lemma mem_sup : a ∈ s.sup f ↔ ∃ i ∈ s, a ∈ f i := by
  induction s using cons_induction <;> simp [*]

@[simp]
theorem sup_singleton_apply (s : Finset β) (f : β → α) :
    (s.sup fun b => {f b}) = s.image f := by
  ext a
  rw [mem_sup, mem_image]
  simp only [mem_singleton, eq_comm]

@[simp]
theorem sup_singleton_eq_self (s : Finset α) : s.sup singleton = s :=
  (s.sup_singleton_apply _).trans image_id

end Finset

f55de6c45230386d380f8b3c7e92819e1870f583 blob 35618
/-
Copyright (c) 2018 Sébastien Gouëzel. All rights reserved.
Released under Apache 2.0 license as described in the file LICENSE.
Authors: Sébastien Gouëzel
-/
module

public import Mathlib.Data.Set.Lattice
public import Mathlib.Order.ConditionallyCompleteLattice.Defs
public import Mathlib.Order.ConditionallyCompletePartialOrder.Basic

/-!
# Theory of conditionally complete lattices

A conditionally complete lattice is a lattice in which every non-empty bounded subset `s`
has a least upper bound and a greatest lower bound, denoted below by `sSup s` and `sInf s`.
Typical examples are `ℝ`, `ℕ`, and `ℤ` with their usual orders.

The theory is very comparable to the theory of complete lattices, except that suitable
boundedness and nonemptiness assumptions have to be added to most statements.
We express these using the `BddAbove` and `BddBelow` predicates, which we use to prove
most useful properties of `sSup` and `sInf` in conditionally complete lattices.

To differentiate the statements between complete lattices and conditionally complete
lattices, we prefix `sInf` and `sSup` in the statements by `c`, giving `csInf` and `csSup`.
For instance, `sInf_le` is a statement in complete lattices ensuring `sInf s ≤ x`,
while `csInf_le` is the same statement in conditionally complete lattices
with an additional assumption that `s` is bounded below.
-/

@[expose] public section

-- Guard against import creep
assert_not_exists Multiset

open Function OrderDual Set

variable {α β γ : Type*} {ι : Sort*}

section LE

namespace WithTop

/-!
Extension of `sSup` and `sInf` from a preorder `α` to `WithTop α` and `WithBot α`
-/

variable [LE α]

open scoped Classical in
@[to_dual]
noncomputable instance [SupSet α] : SupSet (WithTop α) :=
  ⟨fun S =>
    if ⊤ ∈ S then ⊤ else if BddAbove ((fun (a : α) ↦ ↑a) ⁻¹' S : Set α) then
      ↑(sSup ((fun (a : α) ↦ (a : WithTop α)) ⁻¹' S : Set α)) else ⊤⟩

open scoped Classical in
@[to_dual]
noncomputable instance instInfSet [InfSet α] : InfSet (WithTop α) :=
  ⟨fun S => if S ⊆ {⊤} ∨ ¬BddBelow S then ⊤ else ↑(sInf ((fun (a : α) ↦ ↑a) ⁻¹' S : Set α))⟩

@[to_dual]
theorem sSup_eq [SupSet α] {s : Set (WithTop α)} (hs : ⊤ ∉ s)
    (hs' : BddAbove ((↑) ⁻¹' s : Set α)) : sSup s = ↑(sSup ((↑) ⁻¹' s) : α) :=
  (if_neg hs).trans <| if_pos hs'

@[to_dual]
theorem sInf_eq [InfSet α] {s : Set (WithTop α)} (hs : ¬s ⊆ {⊤}) (h's : BddBelow s) :
    sInf s = ↑(sInf ((↑) ⁻¹' s) : α) :=
  if_neg <| by simp [hs, h's]

@[to_dual (attr := simp)]
theorem sInf_empty [InfSet α] : sInf (∅ : Set (WithTop α)) = ⊤ :=
  if_pos <| by simp

@[to_dual (attr := simp)]
theorem sInf_singleton_top [InfSet α] : sInf ({⊤} : Set (WithTop α)) = ⊤ :=
  if_pos <| .inl subset_rfl

@[to_dual (attr := simp)]
theorem sSup_of_top_mem [SupSet α] {s : Set (WithTop α)} (h : ⊤ ∈ s) : sSup s = ⊤ :=
  if_pos h

@[to_dual]
theorem sSup_singleton_top [SupSet α] : sSup ({⊤} : Set (WithTop α)) = ⊤ := by
  simp

@[to_dual]
theorem sSup_of_not_bddAbove [SupSet α] {s : Set (WithTop α)}
    (h : ¬BddAbove ((↑) ⁻¹' s : Set α)) : sSup s = ⊤ := by
  by_cases hmem : ⊤ ∈ s
  · exact sSup_of_top_mem hmem
  · exact if_neg hmem |>.trans <| if_neg h

@[to_dual (attr := simp)]
theorem sInf_of_not_bddBelow [InfSet α] {s : Set (WithTop α)} (h : ¬BddBelow s) :
    sInf s = ⊤ :=
  if_pos <| .inr h

@[to_dual (attr := norm_cast)]
theorem coe_sSup' [SupSet α] {s : Set α} (hs : BddAbove s) :
    ↑(sSup s) = (sSup ((fun (a : α) ↦ ↑a) '' s) : WithTop α) := by
  classical
  change _ = ite _ _ _
  rw [if_neg, preimage_image_eq, if_pos hs]
  · exact Option.some_injective _
  · rintro ⟨x, _, ⟨⟩⟩

@[to_dual]
theorem sSup_empty (α : Type*) [CompleteLattice α] : (sSup ∅ : WithTop α) = ⊥ := by
  rw [sSup_eq (by simp) (OrderTop.bddAbove _), Set.preimage_empty, _root_.sSup_empty, coe_bot]

end WithTop

end LE

section Preorder

variable [Preorder α]

@[to_dual (attr := norm_cast)]
theorem WithTop.coe_sInf' [InfSet α] {s : Set α} (hs : s.Nonempty)
    (h's : BddBelow s) : ↑(sInf s) = (sInf ((fun (a : α) ↦ ↑a) '' s) : WithTop α) := by
  classical
  obtain ⟨x, hx⟩ := hs
  change _ = ite _ _ _
  split_ifs with h
  · rcases h with h1 | h2
    · cases h1 (mem_image_of_mem _ hx)
    · exact (h2 (Monotone.map_bddBelow coe_mono h's)).elim
  · rw [preimage_image_eq]
    exact Option.some_injective _

end Preorder

instance ConditionallyCompleteLinearOrder.toLinearOrder [h : ConditionallyCompleteLinearOrder α] :
    LinearOrder α where
  min_def a b := by
    by_cases hab : a = b
    · simp [hab]
    · rcases ConditionallyCompleteLinearOrder.le_total a b with (h₁ | h₂)
      · simp [h₁]
      · simp [show ¬(a ≤ b) from fun h => hab (le_antisymm h h₂), h₂]
  max_def a b := by
    by_cases hab : a = b
    · simp [hab]
    · rcases ConditionallyCompleteLinearOrder.le_total a b with (h₁ | h₂)
      · simp [h₁]
      · simp [show ¬(a ≤ b) from fun h => hab (le_antisymm h h₂), h₂]
  __ := h

-- see Note [lower instance priority]
attribute [instance 100] ConditionallyCompleteLinearOrderBot.toOrderBot

-- see Note [lower instance priority]
/-- A complete lattice is a conditionally complete lattice, as there are no restrictions
on the properties of sInf and sSup in a complete lattice. -/
instance (priority := 100) CompleteLattice.toConditionallyCompleteLattice [CompleteLattice α] :
    ConditionallyCompleteLattice α where
  isLUB_csSup _ _ _ := isLUB_sSup _
  isGLB_csInf _ _ _ := isGLB_sInf _

-- see Note [lower instance priority]
instance (priority := 100) CompleteLinearOrder.toConditionallyCompleteLinearOrderBot {α : Type*}
    [h : CompleteLinearOrder α] : ConditionallyCompleteLinearOrderBot α where
  csSup_empty := sSup_empty
  csSup_of_not_bddAbove := fun s H ↦ (H (OrderTop.bddAbove s)).elim
  csInf_of_not_bddBelow := fun s H ↦ (H (OrderBot.bddBelow s)).elim
  __ := CompleteLattice.toConditionallyCompleteLattice
  __ := h

namespace OrderDual

instance instConditionallyCompleteLattice (α : Type*) [ConditionallyCompleteLattice α] :
    ConditionallyCompleteLattice αᵒᵈ where
  isLUB_csSup := ConditionallyCompleteLattice.isGLB_csInf (α := α)
  isGLB_csInf := ConditionallyCompleteLattice.isLUB_csSup (α := α)

instance (α : Type*) [ConditionallyCompleteLinearOrder α] :
    ConditionallyCompleteLinearOrder αᵒᵈ where
  csSup_of_not_bddAbove := ConditionallyCompleteLinearOrder.csInf_of_not_bddBelow (α := α)
  csInf_of_not_bddBelow := ConditionallyCompleteLinearOrder.csSup_of_not_bddAbove (α := α)
  __ := OrderDual.instConditionallyCompleteLattice α
  __ := OrderDual.instLinearOrder α

end OrderDual

section ConditionallyCompleteLattice

variable [ConditionallyCompleteLattice α] {s t : Set α} {a b : α}

@[to_dual]
theorem isLUB_csSup (hn : s.Nonempty) (hb : BddAbove s := by bddDefault) : IsLUB s (sSup s) :=
  ConditionallyCompleteLattice.isLUB_csSup _ hn hb

@[to_dual csInf_le]
theorem le_csSup (h₁ : BddAbove s) (h₂ : a ∈ s) : a ≤ sSup s :=
  (isLUB_csSup (nonempty_of_mem h₂) h₁).1 h₂

@[to_dual le_csInf]
theorem csSup_le (h₁ : s.Nonempty) (h₂ : ∀ b ∈ s, b ≤ a) : sSup s ≤ a :=
  (isLUB_csSup h₁ ⟨a, h₂⟩).2 h₂

@[to_dual csInf_le_of_le]
theorem le_csSup_of_le (hs : BddAbove s) (hb : b ∈ s) (h : a ≤ b) : a ≤ sSup s :=
  le_trans h (le_csSup hs hb)

@[to_dual (attr := gcongr low)]
theorem csSup_le_csSup (ht : BddAbove t) (hs : s.Nonempty) (h : s ⊆ t) : sSup s ≤ sSup t :=
  csSup_le hs fun _ ha => le_csSup ht (h ha)

@[to_dual csInf_le_iff]
theorem le_csSup_iff (h : BddAbove s) (hs : s.Nonempty) : a ≤ sSup s ↔ ∀ b ∈ upperBounds s, a ≤ b :=
  ⟨fun h _ hb => le_trans h (csSup_le hs hb), fun hb => hb _ fun _ => le_csSup h⟩

@[to_dual]
theorem IsLUB.csSup_eq (H : IsLUB s a) (ne : s.Nonempty) : sSup s = a :=
  (isLUB_csSup ne ⟨a, H.1⟩).unique H

instance (priority := 100) ConditionallyCompleteLattice.toConditionallyCompletePartialOrder :
    ConditionallyCompletePartialOrder α where
  isGLB_csInf_of_directed _ _ := isGLB_csInf _
  isLUB_csSup_of_directed _ _ := isLUB_csSup _

theorem subset_Icc_csInf_csSup (hb : BddBelow s) (ha : BddAbove s) : s ⊆ Icc (sInf s) (sSup s) :=
  fun _ hx => ⟨csInf_le hb hx, le_csSup ha hx⟩

@[to_dual le_csInf_iff]
theorem csSup_le_iff (hb : BddAbove s) (hs : s.Nonempty) : sSup s ≤ a ↔ ∀ b ∈ s, b ≤ a :=
  isLUB_le_iff (isLUB_csSup hs hb)

@[to_dual]
theorem csSup_lowerBounds_eq_csInf {s : Set α} (h : BddBelow s) (hs : s.Nonempty) :
    sSup (lowerBounds s) = sInf s :=
  (isLUB_csSup h <| hs.mono fun _ hx _ hy => hy hx).unique (isGLB_csInf hs h).isLUB

@[to_dual]
theorem csSup_lowerBounds_range [Nonempty β] {f : β → α} (hf : BddBelow (range f)) :
    sSup (lowerBounds (range f)) = ⨅ i, f i :=
  csSup_lowerBounds_eq_csInf hf <| range_nonempty _

@[to_dual notMem_of_csSup_lt]
theorem notMem_of_lt_csInf {x : α} {s : Set α} (h : x < sInf s) (hs : BddBelow s) : x ∉ s :=
  fun hx => lt_irrefl _ (h.trans_le (csInf_le hs hx))

/-- Introduction rule to prove that `b` is the supremum of `s`: it suffices to check that `b`
is larger than all elements of `s`, and that this is not the case of any `w<b`.
See `sSup_eq_of_forall_le_of_forall_lt_exists_gt` for a version in complete lattices. -/
@[to_dual csInf_eq_of_forall_ge_of_forall_gt_exists_lt
/-- Introduction rule to prove that `b` is the infimum of `s`: it suffices to check that `b`
is smaller than all elements of `s`, and that this is not the case of any `w>b`.
See `sInf_eq_of_forall_ge_of_forall_gt_exists_lt` for a version in complete lattices. -/]
theorem csSup_eq_of_forall_le_of_forall_lt_exists_gt (hs : s.Nonempty) (H : ∀ a ∈ s, a ≤ b)
    (H' : ∀ w, w < b → ∃ a ∈ s, w < a) : sSup s = b :=
  (eq_of_le_of_not_lt (csSup_le hs H)) fun hb =>
    let ⟨_, ha, ha'⟩ := H' _ hb
    lt_irrefl _ <| ha'.trans_le <| le_csSup ⟨b, H⟩ ha

/-- `b < sSup s` when there is an element `a` in `s` with `b < a`, when `s` is bounded above.
This is essentially an iff, except that the assumptions for the two implications are
slightly different (one needs boundedness above for one direction, nonemptiness and linear
order for the other one), so we formulate separately the two implications, contrary to
the `CompleteLattice` case. -/
@[to_dual csInf_lt_of_lt
/-- `sInf s < b` when there is an element `a` in `s` with `a < b`, when `s` is bounded below.
This is essentially an iff, except that the assumptions for the two implications are
slightly different (one needs boundedness below for one direction, nonemptiness and linear
order for the other one), so we formulate separately the two implications, contrary to
the `CompleteLattice` case. -/]
theorem lt_csSup_of_lt (hs : BddAbove s) (ha : a ∈ s) (h : b < a) : b < sSup s :=
  lt_of_lt_of_le h (le_csSup hs ha)

/-- If all elements of a nonempty set `s` are less than or equal to all elements
of a nonempty set `t`, then there exists an element between these sets. -/
@[to_dual none]
theorem exists_between_of_forall_le (sne : s.Nonempty) (tne : t.Nonempty)
    (hst : ∀ x ∈ s, ∀ y ∈ t, x ≤ y) : (upperBounds s ∩ lowerBounds t).Nonempty :=
  ⟨sInf t, fun x hx => le_csInf tne <| hst x hx, fun _ hy => csInf_le (sne.mono hst) hy⟩

@[to_dual]
theorem csSup_pair (a b : α) : sSup {a, b} = a ⊔ b :=
  (@isLUB_pair _ _ a b).csSup_eq (insert_nonempty _ _)

/-- If a set is bounded below and above, and nonempty, its infimum is less than or equal to
its supremum. -/
@[to_dual self (reorder := hb ha)]
theorem csInf_le_csSup (ne : s.Nonempty) (hb : BddBelow s := by bddDefault)
    (ha : BddAbove s := by bddDefault) : sInf s ≤ sSup s :=
  isGLB_le_isLUB (isGLB_csInf ne hb) (isLUB_csSup ne ha) ne

theorem csInf_le_csSup_of_nonempty_inter (h : (s ∩ t).Nonempty) (hs : BddBelow s := by bddDefault)
    (ht : BddAbove t := by bddDefault) : sInf s ≤ sSup t :=
  isGLB_le_isLUB_of_nonempty_inter h (isGLB_csInf h.left hs) (isLUB_csSup h.right ht)

/-- The `sSup` of a union of two sets is the max of the suprema of each subset, under the
assumptions that all sets are bounded above and nonempty. -/
@[to_dual
/-- The `sInf` of a union of two sets is the min of the infima of each subset, under the assumptions
that all sets are bounded below and nonempty. -/]
theorem csSup_union (hs : BddAbove s) (sne : s.Nonempty) (ht : BddAbove t) (tne : t.Nonempty) :
    sSup (s ∪ t) = sSup s ⊔ sSup t :=
  ((isLUB_csSup sne hs).union (isLUB_csSup tne ht)).csSup_eq sne.inl

/-- The supremum of an intersection of two sets is bounded by the minimum of the suprema of each
set, if all sets are bounded above and nonempty. -/
@[to_dual le_csInf_inter
/-- The infimum of an intersection of two sets is bounded below by the maximum of the
infima of each set, if all sets are bounded below and nonempty. -/]
theorem csSup_inter_le (hs : BddAbove s) (ht : BddAbove t) (hst : (s ∩ t).Nonempty) :
    sSup (s ∩ t) ≤ sSup s ⊓ sSup t :=
  (csSup_le hst) fun _ hx => le_inf (le_csSup hs hx.1) (le_csSup ht hx.2)

/-- The supremum of `insert a s` is the maximum of `a` and the supremum of `s`, if `s` is
nonempty and bounded above. -/
@[to_dual (attr := simp)
/-- The infimum of `insert a s` is the minimum of `a` and the infimum of `s`, if `s` is
nonempty and bounded below. -/]
theorem csSup_insert (hs : BddAbove s) (sne : s.Nonempty) : sSup (insert a s) = a ⊔ sSup s :=
  ((isLUB_csSup sne hs).insert a).csSup_eq (insert_nonempty a s)

@[to_dual (attr := simp)]
theorem csSup_Ico [DenselyOrdered α] (h : a < b) : sSup (Ico a b) = b :=
  (isLUB_Ico h).csSup_eq (nonempty_Ico.2 h)

@[to_dual (attr := simp)]
theorem csSup_Iio [NoMinOrder α] [DenselyOrdered α] : sSup (Iio a) = a :=
  csSup_eq_of_forall_le_of_forall_lt_exists_gt nonempty_Iio (fun _ => le_of_lt) fun w hw => by
    simpa [and_comm] using exists_between hw

@[to_dual (attr := simp)]
theorem csSup_Ioo [DenselyOrdered α] (h : a < b) : sSup (Ioo a b) = b :=
  (isLUB_Ioo h).csSup_eq (nonempty_Ioo.2 h)

/-- Introduction rule to prove that `b` is the supremum of `s`: it suffices to check that
1) `b` is an upper bound
2) every other upper bound `b'` satisfies `b ≤ b'`. -/
theorem csSup_eq_of_is_forall_le_of_forall_le_imp_ge (hs : s.Nonempty) (h_is_ub : ∀ a ∈ s, a ≤ b)
    (h_b_le_ub : ∀ ub, (∀ a ∈ s, a ≤ ub) → b ≤ ub) : sSup s = b :=
  (csSup_le hs h_is_ub).antisymm ((h_b_le_ub _) fun _ => le_csSup ⟨b, h_is_ub⟩)

end ConditionallyCompleteLattice

instance Pi.conditionallyCompleteLattice {ι : Type*} {α : ι → Type*}
    [∀ i, ConditionallyCompleteLattice (α i)] : ConditionallyCompleteLattice (∀ i, α i) where
  isLUB_csSup _ hn hb := isLUB_pi.mpr fun _ ↦ by
    rw [sSup_apply_eq_sSup_image]
    exact isLUB_csSup (image_nonempty.mpr hn) ((monotone_eval _).map_bddAbove hb)
  isGLB_csInf _ hn hb := isGLB_pi.mpr fun _ ↦ by
    rw [sInf_apply_eq_sInf_image]
    exact isGLB_csInf (image_nonempty.mpr hn) ((monotone_eval _).map_bddBelow hb)

section ConditionallyCompleteLinearOrder

variable [ConditionallyCompleteLinearOrder α] {f : ι → α} {s : Set α} {a b : α}

/-- When `b < sSup s`, there is an element `a` in `s` with `b < a`, if `s` is nonempty and the order
is a linear order. -/
@[to_dual exists_lt_of_csInf_lt
/-- When `sInf s < b`, there is an element `a` in `s` with `a < b`, if `s` is nonempty and the order
is a linear order. -/]
theorem exists_lt_of_lt_csSup (hs : s.Nonempty) (hb : b < sSup s) : ∃ a ∈ s, b < a := by
  contrapose! hb
  exact csSup_le hs hb

@[to_dual csInf_lt_iff]
theorem lt_csSup_iff (hb : BddAbove s) (hs : s.Nonempty) : a < sSup s ↔ ∃ b ∈ s, a < b :=
  lt_isLUB_iff <| isLUB_csSup hs hb

@[to_dual (attr := simp)]
lemma csSup_of_not_bddAbove (hs : ¬BddAbove s) : sSup s = sSup ∅ :=
  ConditionallyCompleteLinearOrder.csSup_of_not_bddAbove s hs

@[to_dual (attr := simp)]
lemma ciSup_of_not_bddAbove (hf : ¬BddAbove (range f)) : ⨆ i, f i = sSup ∅ :=
  csSup_of_not_bddAbove hf

@[to_dual]
lemma csSup_eq_univ_of_not_bddAbove (hs : ¬BddAbove s) : sSup s = sSup univ := by
  rw [csSup_of_not_bddAbove hs, csSup_of_not_bddAbove (s := univ)]
  contrapose hs
  exact hs.mono (subset_univ _)

@[to_dual]
lemma ciSup_eq_univ_of_not_bddAbove (hf : ¬BddAbove (range f)) : ⨆ i, f i = sSup univ :=
  csSup_eq_univ_of_not_bddAbove hf

/-- When every element of a set `s` is bounded by an element of a set `t`, and conversely, then
`s` and `t` have the same supremum. This holds even when the sets may be empty or unbounded. -/
@[to_dual
/-- When every element of a set `s` is bounded by an element of a set `t`, and conversely, then
`s` and `t` have the same infimum. This holds even when the sets may be empty or unbounded. -/]
theorem csSup_eq_csSup_of_forall_exists_le {s t : Set α}
    (hs : ∀ x ∈ s, ∃ y ∈ t, x ≤ y) (ht : ∀ y ∈ t, ∃ x ∈ s, y ≤ x) :
    sSup s = sSup t := by
  rcases eq_empty_or_nonempty s with rfl | s_ne
  · have : t = ∅ := eq_empty_of_forall_notMem (fun y yt ↦ by simpa using ht y yt)
    rw [this]
  rcases eq_empty_or_nonempty t with rfl | t_ne
  · have : s = ∅ := eq_empty_of_forall_notMem (fun x xs ↦ by simpa using hs x xs)
    rw [this]
  by_cases B : BddAbove s ∨ BddAbove t
  · have Bs : BddAbove s := by
      rcases B with hB | ⟨b, hb⟩
      · exact hB
      · refine ⟨b, fun x hx ↦ ?_⟩
        rcases hs x hx with ⟨y, hy, hxy⟩
        exact hxy.trans (hb hy)
    have Bt : BddAbove t := by
      rcases B with ⟨b, hb⟩ | hB
      · refine ⟨b, fun y hy ↦ ?_⟩
        rcases ht y hy with ⟨x, hx, hyx⟩
        exact hyx.trans (hb hx)
      · exact hB
    apply le_antisymm
    · apply csSup_le s_ne (fun x hx ↦ ?_)
      rcases hs x hx with ⟨y, yt, hxy⟩
      exact hxy.trans (le_csSup Bt yt)
    · apply csSup_le t_ne (fun y hy ↦ ?_)
      rcases ht y hy with ⟨x, xs, hyx⟩
      exact hyx.trans (le_csSup Bs xs)
  · simp [csSup_of_not_bddAbove, (not_or.1 B).1, (not_or.1 B).2]

@[to_dual le_csInf_union]
theorem csSup_union_le (s t : Set α) : sSup (s ∪ t) ≤ sSup s ⊔ sSup t := by
  rcases s.eq_empty_or_nonempty with (rfl | hs)
  · simp
  rcases t.eq_empty_or_nonempty with (rfl | ht)
  · simp
  by_cases BddAbove (s ∪ t) <;>
    grind [csSup_union, bddAbove_union, csSup_of_not_bddAbove]

@[to_dual]
lemma sSup_iUnion_Iic (f : ι → α) : sSup (⋃ (i : ι), Iic (f i)) = ⨆ i, f i := by
  apply csSup_eq_csSup_of_forall_exists_le
  · rintro x ⟨-, ⟨i, rfl⟩, hi⟩
    exact ⟨f i, mem_range_self _, hi⟩
  · rintro x ⟨i, rfl⟩
    exact ⟨f i, mem_iUnion_of_mem i le_rfl, le_rfl⟩

@[to_dual]
theorem csSup_eq_top_of_top_mem [OrderTop α] {s : Set α} (hs : ⊤ ∈ s) : sSup s = ⊤ :=
  eq_top_iff.2 <| le_csSup (OrderTop.bddAbove s) hs

open Function

variable [WellFoundedLT α]

theorem sInf_eq_argmin_on (hs : s.Nonempty) : sInf s = argminOn id s hs :=
  IsLeast.csInf_eq ⟨argminOn_mem _ _ _, fun _ ha => argminOn_le id _ ha⟩

theorem isLeast_csInf (hs : s.Nonempty) : IsLeast s (sInf s) := by
  rw [sInf_eq_argmin_on hs]
  exact ⟨argminOn_mem _ _ _, fun a ha => argminOn_le id _ ha⟩

theorem le_csInf_iff' (hs : s.Nonempty) : b ≤ sInf s ↔ b ∈ lowerBounds s :=
  le_isGLB_iff (isLeast_csInf hs).isGLB

theorem csInf_mem (hs : s.Nonempty) : sInf s ∈ s :=
  (isLeast_csInf hs).1

lemma csInf_eq_iff (hs : s.Nonempty) (n : α) :
     sInf s = n ↔ n ∈ s ∧ ∀ a ∈ s, n ≤ a := by
  have : OrderBot α := WellFoundedLT.toOrderBot α
  constructor
  · intro rfl
    exact ⟨csInf_mem hs, fun _ ↦ csInf_le (OrderBot.bddBelow s)⟩
  · intro ⟨hn, hle⟩
    exact le_antisymm (csInf_le (OrderBot.bddBelow s) hn) (le_csInf hs hle)

theorem MonotoneOn.map_csInf {β : Type*} [ConditionallyCompleteLattice β] {f : α → β}
    (hf : MonotoneOn f s) (hs : s.Nonempty) : f (sInf s) = sInf (f '' s) :=
  (hf.map_isLeast (isLeast_csInf hs)).csInf_eq.symm

theorem Monotone.map_csInf {β : Type*} [ConditionallyCompleteLattice β] {f : α → β}
    (hf : Monotone f) (hs : s.Nonempty) : f (sInf s) = sInf (f '' s) :=
  (hf.map_isLeast (isLeast_csInf hs)).csInf_eq.symm

end ConditionallyCompleteLinearOrder

/-!
### Lemmas about a conditionally complete linear order with bottom element

In this case we have `Sup ∅ = ⊥`, so we can drop some `Nonempty`/`Set.Nonempty` assumptions.
-/


section ConditionallyCompleteLinearOrderBot

@[simp]
theorem csInf_univ [ConditionallyCompleteLattice α] [OrderBot α] : sInf (univ : Set α) = ⊥ :=
  isLeast_univ.csInf_eq

variable [ConditionallyCompleteLinearOrderBot α] {s : Set α} {a : α}

@[simp]
theorem csSup_empty : (sSup ∅ : α) = ⊥ :=
  ConditionallyCompleteLinearOrderBot.csSup_empty

theorem isLUB_csSup' {s : Set α} (hs : BddAbove s) : IsLUB s (sSup s) := by
  rcases eq_empty_or_nonempty s with (rfl | hne)
  · simp only [csSup_empty, isLUB_empty]
  · exact isLUB_csSup hne hs

/-- In conditionally complete orders with a bottom element, the nonempty condition can be omitted
from `csSup_le_iff`. -/
theorem csSup_le_iff' {s : Set α} (hs : BddAbove s) {a : α} : sSup s ≤ a ↔ ∀ x ∈ s, x ≤ a :=
  isLUB_le_iff (isLUB_csSup' hs)

theorem csSup_le' {s : Set α} {a : α} (h : a ∈ upperBounds s) : sSup s ≤ a :=
  (csSup_le_iff' ⟨a, h⟩).2 h

/-- In conditionally complete orders with a bottom element, the nonempty condition can be omitted
from `lt_csSup_iff`. -/
theorem lt_csSup_iff' (hb : BddAbove s) : a < sSup s ↔ ∃ b ∈ s, a < b := by
  simpa only [not_le, not_forall₂, exists_prop] using (csSup_le_iff' hb).not

theorem le_csSup_iff' {s : Set α} {a : α} (h : BddAbove s) :
    a ≤ sSup s ↔ ∀ b, b ∈ upperBounds s → a ≤ b :=
  ⟨fun h _ hb => le_trans h (csSup_le' hb), fun hb => hb _ fun _ => le_csSup h⟩

theorem le_csInf_iff'' {s : Set α} {a : α} (ne : s.Nonempty) :
    a ≤ sInf s ↔ ∀ b : α, b ∈ s → a ≤ b :=
  le_csInf_iff (OrderBot.bddBelow _) ne

theorem csInf_le' (h : a ∈ s) : sInf s ≤ a := csInf_le (OrderBot.bddBelow _) h

theorem exists_lt_of_lt_csSup' {s : Set α} {a : α} (h : a < sSup s) : ∃ b ∈ s, a < b := by
  contrapose! h
  exact csSup_le' h

theorem notMem_of_lt_csInf' {x : α} {s : Set α} (h : x < sInf s) : x ∉ s :=
  notMem_of_lt_csInf h (OrderBot.bddBelow s)

@[gcongr mid]
theorem csInf_le_csInf' {s t : Set α} (h₁ : t.Nonempty) (h₂ : t ⊆ s) : sInf s ≤ sInf t :=
  csInf_le_csInf (OrderBot.bddBelow s) h₁ h₂

@[gcongr mid]
theorem csSup_le_csSup' {s t : Set α} (h₁ : BddAbove t) (h₂ : s ⊆ t) : sSup s ≤ sSup t := by
  rcases eq_empty_or_nonempty s with rfl | h
  · rw [csSup_empty]
    exact bot_le
  · exact csSup_le_csSup h₁ h h₂

variable {t : Set α}

theorem csSup_union' (hs : BddAbove s := by bddDefault) (ht : BddAbove t := by bddDefault) :
    sSup (s ∪ t) = sSup s ⊔ sSup t := by
  rcases s.eq_empty_or_nonempty with (rfl | hne)
  · simp
  exact (isLUB_csSup' hs |>.union <| isLUB_csSup' ht).csSup_eq hne.inl

theorem csSup_inter_le' (hs : BddAbove s := by bddDefault) (ht : BddAbove t := by bddDefault) :
    sSup (s ∩ t) ≤ sSup s ⊓ sSup t :=
  csSup_le' fun _ hx ↦ le_inf (le_csSup hs hx.left) (le_csSup ht hx.right)

theorem csSup_insert' (hs : BddAbove s := by bddDefault) : sSup (insert a s) = a ⊔ sSup s :=
  isLUB_csSup' hs |>.insert a |>.csSup_eq <| insert_nonempty a s

end ConditionallyCompleteLinearOrderBot

namespace WithTop

variable [ConditionallyCompleteLinearOrderBot α]

/-- The `sSup` of a non-empty set is its least upper bound for a conditionally
complete lattice with a top. -/
@[to_dual]
theorem isLUB_sSup' {β : Type*} [ConditionallyCompleteLattice β] {s : Set (WithTop β)}
    (hs : s.Nonempty) : IsLUB s (sSup s) := by
  classical
  constructor
  · change ite _ _ _ ∈ _
    split_ifs with h₁ h₂
    · intro _ _
      exact le_top
    · rintro (⟨⟩ | a) ha
      · contradiction
      apply coe_le_coe.2
      exact le_csSup h₂ ha
    · intro _ _
      exact le_top
  · change ite _ _ _ ∈ _
    split_ifs with h₁ h₂
    · rintro (⟨⟩ | a) ha
      · exact le_rfl
      · exact False.elim (not_top_le_coe a (ha h₁))
    · rintro (⟨⟩ | b) hb
      · exact le_top
      refine coe_le_coe.2 (csSup_le ?_ ?_)
      · rcases hs with ⟨⟨⟩ | b, hb⟩
        · exact absurd hb h₁
        · exact ⟨b, hb⟩
      · intro a ha
        exact coe_le_coe.1 (hb ha)
    · rintro (⟨⟩ | b) hb
      · exact le_rfl
      · exfalso
        apply h₂
        use b
        intro a ha
        exact coe_le_coe.1 (hb ha)

theorem isLUB_sSup (s : Set (WithTop α)) : IsLUB s (sSup s) := by
  rcases s.eq_empty_or_nonempty with rfl | hs
  · simp [sSup]
  · exact isLUB_sSup' hs

/-- The `sInf` of a bounded-below set is its greatest lower bound for a conditionally
complete lattice with a top. -/
@[to_dual]
theorem isGLB_sInf' {β : Type*} [ConditionallyCompleteLattice β] {s : Set (WithTop β)}
    (hs : BddBelow s) : IsGLB s (sInf s) := by
  classical
  constructor
  · change ite _ _ _ ∈ _
    simp only [hs, not_true_eq_false, or_false]
    split_ifs with h
    · intro a ha
      exact top_le_iff.2 (Set.mem_singleton_iff.1 (h ha))
    · rintro (⟨⟩ | a) ha
      · exact le_top
      refine coe_le_coe.2 (csInf_le ?_ ha)
      rcases hs with ⟨⟨⟩ | b, hb⟩
      · exfalso
        apply h
        intro c hc
        rw [mem_singleton_iff, ← top_le_iff]
        exact hb hc
      use b
      intro c hc
      exact coe_le_coe.1 (hb hc)
  · change ite _ _ _ ∈ _
    simp only [hs, not_true_eq_false, or_false]
    split_ifs with h
    · intro _ _
      exact le_top
    · rintro (⟨⟩ | a) ha
      · exfalso
        apply h
        intro b hb
        exact Set.mem_singleton_iff.2 (top_le_iff.1 (ha hb))
      · refine coe_le_coe.2 (le_csInf ?_ ?_)
        · classical
            contrapose! h
            rintro (⟨⟩ | a) ha
            · exact mem_singleton ⊤
            · exact (not_nonempty_iff_eq_empty.2 h ⟨a, ha⟩).elim
        · intro b hb
          rw [← coe_le_coe]
          exact ha hb

theorem isGLB_sInf (s : Set (WithTop α)) : IsGLB s (sInf s) := by
  by_cases hs : BddBelow s
  · exact isGLB_sInf' hs
  · exact isGLB_sInf' (OrderBot.bddBelow _)

noncomputable instance : CompleteLinearOrder (WithTop α) where
  __ := linearOrder
  __ := linearOrder.toBiheytingAlgebra
  isLUB_sSup := isLUB_sSup
  isGLB_sInf := isGLB_sInf

/-- A version of `WithTop.coe_sSup'` with a more convenient but less general statement. -/
@[norm_cast]
theorem coe_sSup {s : Set α} (hb : BddAbove s) : ↑(sSup s) = (⨆ a ∈ s, ↑a : WithTop α) := by
  rw [coe_sSup' hb, sSup_image]

/-- A version of `WithTop.coe_sInf'` with a more convenient but less general statement. -/
@[norm_cast]
theorem coe_sInf {s : Set α} (hs : s.Nonempty) (h's : BddBelow s) :
    ↑(sInf s) = (⨅ a ∈ s, ↑a : WithTop α) := by
  rw [coe_sInf' hs h's, sInf_image]

end WithTop

namespace Monotone

variable [ConditionallyCompleteLattice β]

section Preorder

variable [Preorder α] {f : α → β} (h_mono : Monotone f)
include h_mono

/-! A monotone function into a conditionally complete lattice preserves the ordering properties of
`sSup` and `sInf`. -/

@[to_dual csInf_image_le]
theorem le_csSup_image {s : Set α} {c : α} (hcs : c ∈ s) (h_bdd : BddAbove s) :
    f c ≤ sSup (f '' s) :=
  le_csSup (map_bddAbove h_mono h_bdd) (mem_image_of_mem f hcs)

@[to_dual le_csInf_image]
theorem csSup_image_le {s : Set α} (hs : s.Nonempty) {B : α} (hB : B ∈ upperBounds s) :
    sSup (f '' s) ≤ f B :=
  csSup_le (Nonempty.image f hs) (h_mono.mem_upperBounds_image hB)

end Preorder

section ConditionallyCompleteLattice

variable [ConditionallyCompleteLattice α]
variable {f : α → β} {s : Set α} (hs : s.Nonempty) (hf : Monotone f)
include hs hf

@[to_dual map_csInf_le_csInf_image]
theorem csSup_image_le_map_csSup (hbdd : BddAbove s := by bddDefault) :
    sSup (f '' s) ≤ f (sSup s) :=
  csSup_image_le hf hs <| isLUB_csSup hs hbdd |>.left

end ConditionallyCompleteLattice

end Monotone

@[to_dual]
lemma MonotoneOn.csInf_eq_of_subset_of_forall_exists_le
    [Preorder α] [ConditionallyCompleteLattice β] {f : α → β}
    {s t : Set α} (ht : BddBelow (f '' t)) (hf : MonotoneOn f t)
    (hst : s ⊆ t) (h : ∀ y ∈ t, ∃ x ∈ s, x ≤ y) :
    sInf (f '' s) = sInf (f '' t) := by
  obtain rfl | hs := Set.eq_empty_or_nonempty s
  · obtain rfl : t = ∅ := by simpa [Set.eq_empty_iff_forall_notMem] using h
    rfl
  refine le_antisymm ?_ (by gcongr; exacts [ht, hs.image f])
  refine le_csInf ((hs.mono hst).image f) ?_
  simp only [mem_image, forall_exists_index, and_imp, forall_apply_eq_imp_iff₂]
  intro a ha
  obtain ⟨x, hxs, hxa⟩ := h a ha
  exact csInf_le_of_le (ht.mono (image_mono hst)) ⟨x, hxs, rfl⟩ (hf (hst hxs) ha hxa)

@[to_dual]
theorem MonotoneOn.sInf_image_Icc [Preorder α] [ConditionallyCompleteLattice β]
    {f : α → β} {a b : α} (hab : a ≤ b)
    (h' : MonotoneOn f (Icc a b)) : sInf (f '' Icc a b) = f a := by
  refine IsGLB.csInf_eq ?_ ((nonempty_Icc.mpr hab).image f)
  refine isGLB_iff_le_iff.mpr (fun b' ↦ ⟨?_, ?_⟩)
  · intro hb'
    rintro _ ⟨x, hx, rfl⟩
    exact hb'.trans <| h' (left_mem_Icc.mpr hab) hx hx.1
  · exact fun hb' ↦ hb' ⟨a, by simp [hab]⟩

@[to_dual]
theorem AntitoneOn.sInf_image_Icc [Preorder α] [ConditionallyCompleteLattice β]
    {f : α → β} {a b : α} (hab : a ≤ b)
    (h' : AntitoneOn f (Icc a b)) : sInf (f '' Icc a b) = f b := by
  have : Icc a b = Icc (α := αᵒᵈ) (toDual b) (toDual a) := by rw [Icc_toDual]; rfl
  rw [this] at h' ⊢
  exact h'.dual_left.sInf_image_Icc (α := αᵒᵈ) hab

/-!
### Supremum/infimum of `Set.image2`

A collection of lemmas showing what happens to the suprema/infima of `s` and `t` when mapped under
a binary function whose partial evaluations are lower/upper adjoints of Galois connections.
-/

section

variable [ConditionallyCompleteLattice α] [ConditionallyCompleteLattice β]
  [ConditionallyCompleteLattice γ] {s : Set α} {t : Set β}

variable {l u : α → β → γ} {l₁ u₁ : β → γ → α} {l₂ u₂ : α → γ → β}
to_dual_name_hint L U, L₁ U₁, L₂ U₂

@[to_dual]
theorem csSup_image2_eq_csSup_csSup (h₁ : ∀ b, GaloisConnection (swap l b) (u₁ b))
    (h₂ : ∀ a, GaloisConnection (l a) (u₂ a)) (hs₀ : s.Nonempty) (hs₁ : BddAbove s)
    (ht₀ : t.Nonempty) (ht₁ : BddAbove t) : sSup (image2 l s t) = l (sSup s) (sSup t) :=
  isLUB_image2_of_isLUB_isLUB h₁ h₂ (isLUB_csSup hs₀ hs₁) (isLUB_csSup ht₀ ht₁)
    |>.csSup_eq (hs₀.image2 ht₀)

@[to_dual]
theorem csSup_image2_eq_csSup_csInf (h₁ : ∀ b, GaloisConnection (swap l b) (u₁ b))
    (h₂ : ∀ a, GaloisConnection (l a ∘ ofDual) (toDual ∘ u₂ a)) :
    s.Nonempty → BddAbove s → t.Nonempty → BddBelow t → sSup (image2 l s t) = l (sSup s) (sInf t) :=
  csSup_image2_eq_csSup_csSup (β := βᵒᵈ) h₁ h₂

@[to_dual]
theorem csSup_image2_eq_csInf_csSup (h₁ : ∀ b, GaloisConnection (swap l b ∘ ofDual) (toDual ∘ u₁ b))
    (h₂ : ∀ a, GaloisConnection (l a) (u₂ a)) :
    s.Nonempty → BddBelow s → t.Nonempty → BddAbove t → sSup (image2 l s t) = l (sInf s) (sSup t) :=
  csSup_image2_eq_csSup_csSup (α := αᵒᵈ) h₁ h₂

@[to_dual]
theorem csSup_image2_eq_csInf_csInf (h₁ : ∀ b, GaloisConnection (swap l b ∘ ofDual) (toDual ∘ u₁ b))
    (h₂ : ∀ a, GaloisConnection (l a ∘ ofDual) (toDual ∘ u₂ a)) :
    s.Nonempty → BddBelow s → t.Nonempty → BddBelow t → sSup (image2 l s t) = l (sInf s) (sInf t) :=
  csSup_image2_eq_csSup_csSup (α := αᵒᵈ) (β := βᵒᵈ) h₁ h₂

end

section WithTopBot

/-!
### Complete lattice structure on `WithTop (WithBot α)`

If `α` is a `ConditionallyCompleteLattice`, then we show that `WithTop α` and `WithBot α`
also inherit the structure of conditionally complete lattices. Furthermore, we show
that `WithTop (WithBot α)` and `WithBot (WithTop α)` naturally inherit the structure of a
complete lattice. Note that for `α` a conditionally complete lattice, `sSup` and `sInf` both return
junk values for sets which are empty or unbounded. The extension of `sSup` to `WithTop α` fixes
the unboundedness problem and the extension to `WithBot α` fixes the problem with
the empty set.

This result can be used to show that the extended reals `[-∞, ∞]` are a complete linear order.
-/


/-- Adding a top element to a conditionally complete lattice
gives a conditionally complete lattice -/
@[to_dual
/-- Adding a bottom element to a conditionally complete lattice
gives a conditionally complete lattice -/]
noncomputable instance WithTop.conditionallyCompleteLattice {α : Type*}
    [ConditionallyCompleteLattice α] : ConditionallyCompleteLattice (WithTop α) where
  isLUB_csSup _ hS _ := WithTop.isLUB_sSup' hS
  isGLB_csInf _ _ hS := WithTop.isGLB_sInf' hS

@[to_dual]
noncomputable instance [CompleteLattice α] : CompleteLattice (WithTop α) where
  isLUB_sSup s := ⟨fun _ ↦ le_csSup (OrderTop.bddAbove _), fun _ has ↦
    s.eq_empty_or_nonempty.elim (by simp [·, WithTop.sSup_empty]) (csSup_le · has)⟩
  isGLB_sInf s := ⟨fun _ ↦ csInf_le (OrderBot.bddBelow _), fun _ hsa ↦
    s.eq_empty_or_nonempty.elim (by simp [·]) (le_csInf · hsa)⟩

noncomputable instance [CompleteLinearOrder α] : CompleteLinearOrder (WithBot α) where
  __ := WithBot.linearOrder
  __ := WithBot.linearOrder.toBiheytingAlgebra
  __ := show CompleteLattice (WithBot α) from inferInstance

noncomputable instance [ConditionallyCompleteLinearOrder α] :
    ConditionallyCompleteLinearOrder (WithTop α) where
  le_total
  toDecidableLE := inferInstance
  toDecidableEq := inferInstance
  toDecidableLT := inferInstance
  csSup_of_not_bddAbove s := absurd <| OrderTop.bddAbove s
  csInf_of_not_bddBelow s h := by simp [h]

noncomputable instance [ConditionallyCompleteLinearOrder α] :
    ConditionallyCompleteLinearOrderBot (WithBot α) where
  le_total
  toDecidableLE := inferInstance
  toDecidableEq := inferInstance
  toDecidableLT := inferInstance
  csSup_of_not_bddAbove s h := by simp [h]
  csInf_of_not_bddBelow s := absurd <| OrderBot.bddBelow s
  csSup_empty := WithBot.sSup_empty

open scoped Classical in
@[to_dual WithBot.WithTop.completeLattice]
noncomputable instance WithTop.WithBot.completeLattice {α : Type*}
    [ConditionallyCompleteLattice α] : CompleteLattice (WithTop (WithBot α)) where
  isLUB_sSup S := ⟨fun a haS ↦ (WithTop.isLUB_sSup' ⟨a, haS⟩).1 haS, fun a ha ↦ by
    rcases S.eq_empty_or_nonempty with h | h
    · change ite _ _ _ ≤ a
      simp [h]
    · exact (WithTop.isLUB_sSup' h).2 ha⟩
  isGLB_sInf S := ⟨fun a haS ↦
    show ite _ _ _ ≤ a by
      simp only [OrderBot.bddBelow, not_true_eq_false, or_false]
      split_ifs with h₁
      · cases a
        · exact le_rfl
        cases h₁ haS
      · cases a
        · exact le_top
        · apply WithTop.coe_le_coe.2
          refine csInf_le ?_ haS
          use ⊥
          intro b _
          exact bot_le,
    fun a haS ↦ (WithTop.isGLB_sInf' ⟨a, haS⟩).2 haS⟩

noncomputable instance WithBot.WithTop.completeLinearOrder {α : Type*}
    [ConditionallyCompleteLinearOrder α] : CompleteLinearOrder (WithBot (WithTop α)) where
  __ := completeLattice
  __ := linearOrder
  __ := linearOrder.toBiheytingAlgebra

end WithTopBot

e111a1394cab20b87caedeef62f5bd0f7f072141 blob 18602
/-
Copyright (c) 2020 Mario Carneiro. All rights reserved.
Released under Apache 2.0 license as described in the file LICENSE.
Authors: Mario Carneiro, Floris van Doorn, Yury Kudryashov
-/
module

public import Mathlib.Topology.Instances.NNReal.Lemmas
public import Mathlib.Topology.Order.MonotoneContinuity

/-!
# Square root of a real number

In this file we define

* `NNReal.sqrt` to be the square root of a nonnegative real number.
* `Real.sqrt` to be the square root of a real number, defined to be zero on negative numbers.

Then we prove some basic properties of these functions.

## Implementation notes

We define `NNReal.sqrt` as the noncomputable inverse to the function `x ↦ x * x`. We use general
theory of inverses of strictly monotone functions to prove that `NNReal.sqrt x` exists. As a side
effect, `NNReal.sqrt` is a bundled `OrderIso`, so for `NNReal` numbers we get continuity as well as
theorems like `NNReal.sqrt x ≤ y ↔ x ≤ y * y` for free.

Then we define `Real.sqrt x` to be `NNReal.sqrt (Real.toNNReal x)`.

## Tags

square root
-/

@[expose] public section

open Set Filter
open scoped Filter NNReal Topology

namespace NNReal

variable {x y : ℝ≥0}

/-- Square root of a nonnegative real number. -/
@[pp_nodot]
noncomputable def sqrt : ℝ≥0 ≃o ℝ≥0 :=
  OrderIso.symm <| powOrderIso 2 two_ne_zero

@[simp] lemma sq_sqrt (x : ℝ≥0) : sqrt x ^ 2 = x := sqrt.symm_apply_apply _

@[simp] lemma sqrt_sq (x : ℝ≥0) : sqrt (x ^ 2) = x := sqrt.apply_symm_apply _

@[simp] lemma mul_self_sqrt (x : ℝ≥0) : sqrt x * sqrt x = x := by rw [← sq, sq_sqrt]

@[simp] lemma sqrt_mul_self (x : ℝ≥0) : sqrt (x * x) = x := by rw [← sq, sqrt_sq]

lemma sqrt_le_sqrt : sqrt x ≤ sqrt y ↔ x ≤ y := sqrt.le_iff_le

lemma sqrt_lt_sqrt : sqrt x < sqrt y ↔ x < y := sqrt.lt_iff_lt

lemma sqrt_eq_iff_eq_sq : sqrt x = y ↔ x = y ^ 2 := sqrt.toEquiv.eq_symm_apply.symm

lemma sqrt_le_iff_le_sq : sqrt x ≤ y ↔ x ≤ y ^ 2 := sqrt.to_galoisConnection _ _

lemma le_sqrt_iff_sq_le : x ≤ sqrt y ↔ x ^ 2 ≤ y := (sqrt.symm.to_galoisConnection _ _).symm

@[simp] lemma sqrt_eq_zero : sqrt x = 0 ↔ x = 0 := by simp [sqrt_eq_iff_eq_sq]

@[simp] lemma sqrt_eq_one : sqrt x = 1 ↔ x = 1 := by simp [sqrt_eq_iff_eq_sq]

@[simp] lemma sqrt_zero : sqrt 0 = 0 := by simp

@[simp] lemma sqrt_one : sqrt 1 = 1 := by simp

@[simp] lemma sqrt_le_one : sqrt x ≤ 1 ↔ x ≤ 1 := by rw [← sqrt_one, sqrt_le_sqrt, sqrt_one]
@[simp] lemma one_le_sqrt : 1 ≤ sqrt x ↔ 1 ≤ x := by rw [← sqrt_one, sqrt_le_sqrt, sqrt_one]

lemma sqrt_mul_le_max : sqrt (x * y) ≤ max x y := by
  rw [sqrt_le_iff_le_sq, sq]; gcongr <;> simp

theorem sqrt_mul (x y : ℝ≥0) : sqrt (x * y) = sqrt x * sqrt y := by
  rw [sqrt_eq_iff_eq_sq, mul_pow, sq_sqrt, sq_sqrt]

/-- `NNReal.sqrt` as a `MonoidWithZeroHom`. -/
noncomputable def sqrtHom : ℝ≥0 →*₀ ℝ≥0 :=
  ⟨⟨sqrt, sqrt_zero⟩, sqrt_one, sqrt_mul⟩

theorem sqrt_inv (x : ℝ≥0) : sqrt x⁻¹ = (sqrt x)⁻¹ :=
  map_inv₀ sqrtHom x

theorem sqrt_div (x y : ℝ≥0) : sqrt (x / y) = sqrt x / sqrt y :=
  map_div₀ sqrtHom x y

@[continuity, fun_prop]
theorem continuous_sqrt : Continuous sqrt := sqrt.continuous

@[simp] theorem sqrt_pos : 0 < sqrt x ↔ 0 < x := by simp [pos_iff_ne_zero]

alias ⟨_, sqrt_pos_of_pos⟩ := sqrt_pos

attribute [bound] sqrt_pos_of_pos

@[simp] theorem isSquare (x : ℝ≥0) : IsSquare x := ⟨_, mul_self_sqrt _ |>.symm⟩

end NNReal

namespace Real

/-- The square root of a real number. This returns 0 for negative inputs.

This has notation `√x`. Note that `√x⁻¹` is parsed as `√(x⁻¹)`. -/
@[irreducible] noncomputable def sqrt (x : ℝ) : ℝ :=
  NNReal.sqrt (Real.toNNReal x)

-- TODO: replace this with a typeclass
@[inherit_doc]
prefix:max "√" => Real.sqrt

variable {x y : ℝ}

@[simp, norm_cast]
theorem coe_sqrt {x : ℝ≥0} : (NNReal.sqrt x : ℝ) = √(x : ℝ) := by
  rw [Real.sqrt, Real.toNNReal_coe]

@[continuity, fun_prop]
theorem continuous_sqrt : Continuous (√· : ℝ → ℝ) := by unfold sqrt; fun_prop

@[simp]
lemma map_sqrt_atTop : map (√·) atTop = atTop := by
  unfold sqrt
  simp_rw [← Function.comp_def]
  simp [← map_map]

@[simp]
lemma comap_sqrt_atTop : comap (√·) atTop = atTop := by
  unfold sqrt
  simp_rw [← Function.comp_def]
  simp [← comap_comap]

lemma tendsto_sqrt_atTop : Tendsto (√·) atTop atTop := map_sqrt_atTop.le

theorem sqrt_eq_zero_of_nonpos (h : x ≤ 0) : √x = 0 := by simp [sqrt, Real.toNNReal_eq_zero.2 h]

@[simp] theorem sqrt_nonneg (x : ℝ) : 0 ≤ √x := by
  unfold sqrt
  exact NNReal.coe_nonneg _

@[simp]
theorem mul_self_sqrt (h : 0 ≤ x) : √x * √x = x := by
  rw [Real.sqrt, ← NNReal.coe_mul, NNReal.mul_self_sqrt, Real.coe_toNNReal _ h]

@[simp]
theorem sqrt_mul_self (h : 0 ≤ x) : √(x * x) = x :=
  (mul_self_inj_of_nonneg (sqrt_nonneg _) h).1 (mul_self_sqrt (mul_self_nonneg _))

theorem sqrt_eq_cases : √x = y ↔ y * y = x ∧ 0 ≤ y ∨ x < 0 ∧ y = 0 := by
  constructor
  · rintro rfl
    rcases le_or_gt 0 x with hle | hlt
    · exact Or.inl ⟨mul_self_sqrt hle, sqrt_nonneg x⟩
    · exact Or.inr ⟨hlt, sqrt_eq_zero_of_nonpos hlt.le⟩
  · rintro (⟨rfl, hy⟩ | ⟨hx, rfl⟩)
    exacts [sqrt_mul_self hy, sqrt_eq_zero_of_nonpos hx.le]

theorem sqrt_eq_iff_mul_self_eq (hx : 0 ≤ x) (hy : 0 ≤ y) : √x = y ↔ x = y * y :=
  ⟨fun h => by rw [← h, mul_self_sqrt hx], fun h => by rw [h, sqrt_mul_self hy]⟩

theorem sqrt_eq_iff_mul_self_eq_of_pos (h : 0 < y) : √x = y ↔ y * y = x := by
  simp [sqrt_eq_cases, h.ne', h.le]

@[simp]
theorem sqrt_eq_one : √x = 1 ↔ x = 1 :=
  calc
    √x = 1 ↔ 1 * 1 = x := sqrt_eq_iff_mul_self_eq_of_pos zero_lt_one
    _ ↔ x = 1 := by rw [eq_comm, mul_one]

@[simp]
theorem sq_sqrt (h : 0 ≤ x) : √x ^ 2 = x := by rw [sq, mul_self_sqrt h]

@[simp]
theorem sqrt_sq (h : 0 ≤ x) : √(x ^ 2) = x := by rw [sq, sqrt_mul_self h]

theorem sqrt_eq_iff_eq_sq (hx : 0 ≤ x) (hy : 0 ≤ y) : √x = y ↔ x = y ^ 2 := by
  rw [sq, sqrt_eq_iff_mul_self_eq hx hy]

theorem sqrt_mul_self_eq_abs (x : ℝ) : √(x * x) = |x| := by
  rw [← abs_mul_abs_self x, sqrt_mul_self (abs_nonneg _)]

theorem sqrt_sq_eq_abs (x : ℝ) : √(x ^ 2) = |x| := by rw [sq, sqrt_mul_self_eq_abs]

@[simp, grind =]
theorem sqrt_zero : √0 = 0 := by simp [Real.sqrt]

@[simp, grind =]
theorem sqrt_one : √1 = 1 := by simp [Real.sqrt]

@[simp]
theorem sqrt_le_sqrt_iff (hy : 0 ≤ y) : √x ≤ √y ↔ x ≤ y := by
  rw [Real.sqrt, Real.sqrt, NNReal.coe_le_coe, NNReal.sqrt_le_sqrt, toNNReal_le_toNNReal_iff hy]

@[simp]
theorem sqrt_lt_sqrt_iff (hx : 0 ≤ x) : √x < √y ↔ x < y :=
  lt_iff_lt_of_le_iff_le (sqrt_le_sqrt_iff hx)

theorem sqrt_lt_sqrt_iff_of_pos (hy : 0 < y) : √x < √y ↔ x < y := by
  rw [Real.sqrt, Real.sqrt, NNReal.coe_lt_coe, NNReal.sqrt_lt_sqrt, toNNReal_lt_toNNReal_iff hy]

@[bound]
theorem sqrt_le_sqrt (h : x ≤ y) : √x ≤ √y := by
  rw [Real.sqrt, Real.sqrt, NNReal.coe_le_coe, NNReal.sqrt_le_sqrt]
  exact toNNReal_le_toNNReal h

@[gcongr]
theorem sqrt_monotone : Monotone Real.sqrt :=
  fun _ _ ↦ sqrt_le_sqrt

theorem strictMonoOn_sqrt : StrictMonoOn sqrt (Ici 0) :=
  fun _ ha _ _ h => (sqrt_lt_sqrt_iff ha).mpr h

@[gcongr, bound]
theorem sqrt_lt_sqrt (hx : 0 ≤ x) (h : x < y) : √x < √y :=
  (sqrt_lt_sqrt_iff hx).2 h

theorem sqrt_le_left (hy : 0 ≤ y) : √x ≤ y ↔ x ≤ y ^ 2 := by
  rw [sqrt, ← Real.le_toNNReal_iff_coe_le hy, NNReal.sqrt_le_iff_le_sq, sq, ← Real.toNNReal_mul hy,
    Real.toNNReal_le_toNNReal_iff (mul_self_nonneg y), sq]

theorem sqrt_le_iff : √x ≤ y ↔ 0 ≤ y ∧ x ≤ y ^ 2 := by
  rw [← and_iff_right_of_imp fun h => (sqrt_nonneg x).trans h, and_congr_right_iff]
  exact sqrt_le_left

theorem sqrt_lt (hx : 0 ≤ x) (hy : 0 ≤ y) : √x < y ↔ x < y ^ 2 := by
  rw [← sqrt_lt_sqrt_iff hx, sqrt_sq hy]

theorem sqrt_lt' (hy : 0 < y) : √x < y ↔ x < y ^ 2 := by
  rw [← sqrt_lt_sqrt_iff_of_pos (pow_pos hy _), sqrt_sq hy.le]

/-- Note: if you want to conclude `x ≤ √y`, then use `Real.le_sqrt_of_sq_le`.
If you have `x > 0`, consider using `Real.le_sqrt'` -/
theorem le_sqrt (hx : 0 ≤ x) (hy : 0 ≤ y) : x ≤ √y ↔ x ^ 2 ≤ y :=
  le_iff_le_iff_lt_iff_lt.2 <| sqrt_lt hy hx

theorem le_sqrt' (hx : 0 < x) : x ≤ √y ↔ x ^ 2 ≤ y :=
  le_iff_le_iff_lt_iff_lt.2 <| sqrt_lt' hx

theorem abs_le_sqrt (h : x ^ 2 ≤ y) : |x| ≤ √y := by
  rw [← sqrt_sq_eq_abs]; exact sqrt_le_sqrt h

theorem sq_le (h : 0 ≤ y) : x ^ 2 ≤ y ↔ -√y ≤ x ∧ x ≤ √y := by
  constructor
  · simpa only [abs_le] using abs_le_sqrt
  · rw [← abs_le, ← sq_abs]
    exact (le_sqrt (abs_nonneg x) h).mp

theorem neg_sqrt_le_of_sq_le (h : x ^ 2 ≤ y) : -√y ≤ x :=
  ((sq_le ((sq_nonneg x).trans h)).mp h).1

theorem le_sqrt_of_sq_le (h : x ^ 2 ≤ y) : x ≤ √y :=
  ((sq_le ((sq_nonneg x).trans h)).mp h).2

@[simp]
theorem sqrt_inj (hx : 0 ≤ x) (hy : 0 ≤ y) : √x = √y ↔ x = y := by
  simp [le_antisymm_iff, hx, hy]

@[simp]
theorem sqrt_eq_zero (h : 0 ≤ x) : √x = 0 ↔ x = 0 := by simpa using sqrt_inj h le_rfl

theorem sqrt_eq_zero' : √x = 0 ↔ x ≤ 0 := by
  rw [sqrt, NNReal.coe_eq_zero, NNReal.sqrt_eq_zero, Real.toNNReal_eq_zero]

theorem sqrt_ne_zero (h : 0 ≤ x) : √x ≠ 0 ↔ x ≠ 0 := by rw [not_iff_not, sqrt_eq_zero h]

theorem sqrt_ne_zero' : √x ≠ 0 ↔ 0 < x := by rw [← not_le, not_iff_not, sqrt_eq_zero']

/-- Variant of `sq_sqrt` without a non-negativity assumption on `x`. -/
theorem sq_sqrt' : √x ^ 2 = max x 0 := by
  rcases lt_trichotomy x 0 with _ | _ | _ <;> grind [sqrt_eq_zero', sq_sqrt]

-- Add the rule for `√x ^ 2` to the grind whiteboard whenever we see a real square root.
grind_pattern sq_sqrt' => √x

-- Check that `grind` can discharge non-zero goals for square roots of positive numerals.
example : √7 ≠ 0 := by grind

@[simp]
theorem sqrt_pos : 0 < √x ↔ 0 < x :=
  lt_iff_lt_of_le_iff_le (Iff.trans (by simp [le_antisymm_iff, sqrt_nonneg]) sqrt_eq_zero')

alias ⟨_, sqrt_pos_of_pos⟩ := sqrt_pos

lemma sqrt_le_sqrt_iff' (hx : 0 < x) : √x ≤ √y ↔ x ≤ y := by
  obtain hy | hy := le_total y 0
  · exact iff_of_false ((sqrt_eq_zero_of_nonpos hy).trans_lt <| sqrt_pos.2 hx).not_ge
      (hy.trans_lt hx).not_ge
  · exact sqrt_le_sqrt_iff hy

@[simp] lemma one_le_sqrt : 1 ≤ √x ↔ 1 ≤ x := by
  rw [← sqrt_one, sqrt_le_sqrt_iff' zero_lt_one, sqrt_one]

@[simp] lemma sqrt_le_one : √x ≤ 1 ↔ x ≤ 1 := by
  rw [← sqrt_one, sqrt_le_sqrt_iff zero_le_one, sqrt_one]

@[simp] lemma isSquare_iff : IsSquare x ↔ 0 ≤ x :=
  ⟨(·.nonneg), (⟨√x, mul_self_sqrt · |>.symm⟩)⟩

@[simp] lemma sqrt_le_self_iff : √x ≤ x ↔ x = 0 ∨ 1 ≤ x := by
  rw [sqrt_le_iff, ← sub_nonneg (a := x ^ 2), sq, ← mul_sub_one]
  grind [mul_nonneg_iff]

@[simp] lemma le_sqrt_self_iff : x ≤ √x ↔ x ≤ 1 := by
  obtain hx | hx := le_or_gt x 0
  · simp [hx.trans]
  · rw [le_sqrt' hx, sq, mul_le_iff_le_one_left hx]

@[simp] lemma sqrt_lt_self_iff : √x < x ↔ 1 < x := by simp [← not_le]
@[simp] lemma lt_sqrt_self_iff : x < √x ↔ x ≠ 0 ∧ x < 1 := by simp [← not_le]

end Real

namespace Mathlib.Meta.Positivity

open Lean Meta Qq Function

/-- Extension for the `positivity` tactic: a square root of a strictly positive nonnegative real is
positive. -/
@[positivity NNReal.sqrt _]
meta def evalNNRealSqrt : PositivityExt where eval {u α} _zα pα? e :=
  match pα? with | none => pure .none | some _ => do
  match u, α, e with
  | 0, ~q(NNReal), ~q(NNReal.sqrt $a) =>
    assertInstancesCommute
    let ra ← core q(inferInstance) (some q(inferInstance)) a
    match ra with
    | .positive pa => pure (.positive q(NNReal.sqrt_pos_of_pos $pa))
    | _ => failure -- this case is dealt with by generic nonnegativity of nnreals
  | _, _, _ => throwError "not NNReal.sqrt"

/-- Extension for the `positivity` tactic: a square root is nonnegative, and is strictly positive if
its input is. -/
@[positivity √_]
meta def evalSqrt : PositivityExt where eval {u α} _zα pα? e :=
  match pα? with | none => pure .none | some _ => do
  match u, α, e with
  | 0, ~q(ℝ), ~q(√$a) =>
    assertInstancesCommute
    let ra ← catchNone <| core q(inferInstance) (some q(inferInstance)) a
    match ra with
    | .positive pa => pure (.positive q(Real.sqrt_pos_of_pos $pa))
    | _ => pure (.nonnegative q(Real.sqrt_nonneg $a))
  | _, _, _ => throwError "not Real.sqrt"

end Mathlib.Meta.Positivity

namespace Real

lemma one_lt_sqrt_two : 1 < √2 := by rw [← Real.sqrt_one]; gcongr; simp

lemma sqrt_two_lt_three_halves : √2 < 3 / 2 := by
  rw [← sq_lt_sq₀ (by positivity) (by positivity)]
  grind

lemma inv_sqrt_two_sub_one : (√2 - 1)⁻¹ = √2 + 1 := by
  grind

@[simp]
theorem sqrt_mul {x : ℝ} (hx : 0 ≤ x) (y : ℝ) : √(x * y) = √x * √y := by
  simp_rw [Real.sqrt, ← NNReal.coe_mul, NNReal.coe_inj, Real.toNNReal_mul hx, NNReal.sqrt_mul]

@[simp]
theorem sqrt_mul' (x) {y : ℝ} (hy : 0 ≤ y) : √(x * y) = √x * √y := by
  rw [mul_comm, sqrt_mul hy, mul_comm]

@[simp]
theorem sqrt_inv (x : ℝ) : √x⁻¹ = (√x)⁻¹ := by
  rw [Real.sqrt, Real.toNNReal_inv, NNReal.sqrt_inv, NNReal.coe_inv, Real.sqrt]

@[simp]
theorem sqrt_div {x : ℝ} (hx : 0 ≤ x) (y : ℝ) : √(x / y) = √x / √y := by
  rw [division_def, sqrt_mul hx, sqrt_inv, division_def]

@[simp]
theorem sqrt_div' (x) {y : ℝ} (hy : 0 ≤ y) : √(x / y) = √x / √y := by
  rw [division_def, sqrt_mul' x (inv_nonneg.2 hy), sqrt_inv, division_def]

variable {x y : ℝ}

@[simp]
theorem div_sqrt : x / √x = √x := by
  grind

theorem sqrt_div_self' : √x / x = 1 / √x := by rw [← div_sqrt, one_div_div, div_sqrt]

theorem sqrt_div_self : √x / x = (√x)⁻¹ := by rw [sqrt_div_self', one_div]

theorem lt_sqrt (hx : 0 ≤ x) : x < √y ↔ x ^ 2 < y := by
  rw [← sqrt_lt_sqrt_iff (sq_nonneg _), sqrt_sq hx]

theorem sq_lt : x ^ 2 < y ↔ -√y < x ∧ x < √y := by
  rw [← abs_lt, ← sq_abs, lt_sqrt (abs_nonneg _)]

theorem neg_sqrt_lt_of_sq_lt (h : x ^ 2 < y) : -√y < x :=
  (sq_lt.mp h).1

theorem lt_sqrt_of_sq_lt (h : x ^ 2 < y) : x < √y :=
  (sq_lt.mp h).2

theorem lt_sq_of_sqrt_lt (h : √x < y) : x < y ^ 2 := by
  have hy := x.sqrt_nonneg.trans_lt h
  rwa [← sqrt_lt_sqrt_iff_of_pos (sq_pos_of_pos hy), sqrt_sq hy.le]

/-- The natural square root is at most the real square root -/
theorem nat_sqrt_le_real_sqrt {a : ℕ} : ↑(Nat.sqrt a) ≤ √(a : ℝ) := by
  rw [Real.le_sqrt (Nat.cast_nonneg _) (Nat.cast_nonneg _)]
  norm_cast
  exact Nat.sqrt_le' a

/-- The real square root is less than the natural square root plus one -/
theorem real_sqrt_lt_nat_sqrt_succ {a : ℕ} : √(a : ℝ) < Nat.sqrt a + 1 := by
  rw [sqrt_lt (by simp)] <;> norm_cast
  · exact Nat.lt_succ_sqrt' a
  · exact Nat.le_add_left 0 (Nat.sqrt a + 1)

/-- The real square root is at most the natural square root plus one -/
theorem real_sqrt_le_nat_sqrt_succ {a : ℕ} : √(a : ℝ) ≤ Nat.sqrt a + 1 :=
  real_sqrt_lt_nat_sqrt_succ.le

/-- The floor of the real square root is the same as the natural square root. -/
@[simp]
theorem floor_real_sqrt_eq_nat_sqrt {a : ℕ} : ⌊√(a : ℝ)⌋ = Nat.sqrt a := by
  rw [Int.floor_eq_iff]
  exact ⟨nat_sqrt_le_real_sqrt, real_sqrt_lt_nat_sqrt_succ⟩

/-- The natural floor of the real square root is the same as the natural square root. -/
@[simp]
theorem nat_floor_real_sqrt_eq_nat_sqrt {a : ℕ} : ⌊√(a : ℝ)⌋₊ = Nat.sqrt a := by
  rw [Nat.floor_eq_iff (sqrt_nonneg a)]
  exact ⟨nat_sqrt_le_real_sqrt, real_sqrt_lt_nat_sqrt_succ⟩

/-- Bernoulli's inequality for exponent `1 / 2`, stated using `sqrt`. -/
theorem sqrt_one_add_le (h : -1 ≤ x) : √(1 + x) ≤ 1 + x / 2 := by
  refine sqrt_le_iff.mpr ⟨by linarith, ?_⟩
  calc 1 + x
    _ ≤ 1 + x + (x / 2) ^ 2 := le_add_of_nonneg_right <| sq_nonneg _
    _ = _ := by ring

theorem sqrt_prod {ι : Type*} (s : Finset ι) {x : ι → ℝ} (hx : ∀ i ∈ s, 0 ≤ x i) :
    √(∏ i ∈ s, x i) = ∏ i ∈ s, √(x i) := by
  convert! congr_arg NNReal.toReal <| map_prod NNReal.sqrtHom (Real.toNNReal ∘ x) s <;>
    simp +contextual [-map_prod, NNReal.sqrtHom, hx]

end Real

open Real

variable {α : Type*}

theorem Filter.Tendsto.sqrt {f : α → ℝ} {l : Filter α} {x : ℝ} (h : Tendsto f l (𝓝 x)) :
    Tendsto (fun x => √(f x)) l (𝓝 (√x)) :=
  (continuous_sqrt.tendsto _).comp h

variable [TopologicalSpace α] {f : α → ℝ} {s : Set α} {x : α}

nonrec theorem ContinuousWithinAt.sqrt (h : ContinuousWithinAt f s x) :
    ContinuousWithinAt (fun x => √(f x)) s x :=
  h.sqrt

@[fun_prop]
nonrec theorem ContinuousAt.sqrt (h : ContinuousAt f x) : ContinuousAt (fun x => √(f x)) x :=
  h.sqrt

@[fun_prop]
theorem ContinuousOn.sqrt (h : ContinuousOn f s) : ContinuousOn (fun x => √(f x)) s :=
  fun x hx => (h x hx).sqrt

@[continuity, fun_prop]
theorem Continuous.sqrt (h : Continuous f) : Continuous fun x => √(f x) :=
  continuous_sqrt.comp h

namespace NNReal
variable {ι : Type*}
open Finset

/-- **Cauchy-Schwarz inequality** for finsets using square roots in `ℝ≥0`. -/
lemma sum_mul_le_sqrt_mul_sqrt (s : Finset ι) (f g : ι → ℝ≥0) :
    ∑ i ∈ s, f i * g i ≤ sqrt (∑ i ∈ s, f i ^ 2) * sqrt (∑ i ∈ s, g i ^ 2) :=
  (le_sqrt_iff_sq_le.2 <| sum_mul_sq_le_sq_mul_sq _ _ _).trans_eq <| sqrt_mul _ _

/-- **Cauchy-Schwarz inequality** for finsets using square roots in `ℝ≥0`. -/
lemma sum_sqrt_mul_sqrt_le (s : Finset ι) (f g : ι → ℝ≥0) :
    ∑ i ∈ s, sqrt (f i) * sqrt (g i) ≤ sqrt (∑ i ∈ s, f i) * sqrt (∑ i ∈ s, g i) := by
  simpa [*] using sum_mul_le_sqrt_mul_sqrt _ (fun x ↦ sqrt (f x)) (fun x ↦ sqrt (g x))

end NNReal

namespace Real
variable {ι : Type*} {f g : ι → ℝ}
open Finset

/-- **Cauchy-Schwarz inequality** for finsets using square roots in `ℝ`. -/
lemma sum_mul_le_sqrt_mul_sqrt (s : Finset ι) (f g : ι → ℝ) :
    ∑ i ∈ s, f i * g i ≤ √(∑ i ∈ s, f i ^ 2) * √(∑ i ∈ s, g i ^ 2) :=
  (le_sqrt_of_sq_le <| sum_mul_sq_le_sq_mul_sq _ _ _).trans_eq <| sqrt_mul
    (sum_nonneg fun _ _ ↦ by positivity) _

/-- **Cauchy-Schwarz inequality** for finsets using square roots in `ℝ`. -/
lemma sum_sqrt_mul_sqrt_le (s : Finset ι) (hf : ∀ i, 0 ≤ f i) (hg : ∀ i, 0 ≤ g i) :
    ∑ i ∈ s, √(f i) * √(g i) ≤ √(∑ i ∈ s, f i) * √(∑ i ∈ s, g i) := by
  simpa [*] using sum_mul_le_sqrt_mul_sqrt _ (fun x ↦ √(f x)) (fun x ↦ √(g x))

end Real

