@[reducible] def NLA.IS02.Mat : Nat → Type :=
fun n => Matrix.{0, 0, 0} (Fin n) (Fin n) Real
'NLA.IS02.Mat' depends on axioms: [propext, Classical.choice.{u}, Quot.sound.{u}]
def NLA.IS02.symmetric : {n : Nat} → NLA.IS02.Mat n → Prop :=
fun {n} A => ∀ (i j : Fin n), @Eq.{1} Real (A i j) (A j i)
'NLA.IS02.symmetric' depends on axioms: [propext, Classical.choice.{u}, Quot.sound.{u}]
def NLA.IS02.entrywiseNonnegative : {n : Nat} → NLA.IS02.Mat n → Prop :=
fun {n} A =>
  ∀ (i j : Fin n),
    @LE.le.{0} Real Real.instLE (@OfNat.ofNat.{0} Real (nat_lit 0) (@Zero.toOfNat0.{0} Real Real.instZero)) (A i j)
'NLA.IS02.entrywiseNonnegative' depends on axioms: [propext, Classical.choice.{u}, Quot.sound.{u}]
def NLA.IS02.stochastic : {n : Nat} → NLA.IS02.Mat n → Prop :=
fun {n} A =>
  ∀ (i : Fin n), @Eq.{1} Real (∑ j, A i j) (@OfNat.ofNat.{0} Real (nat_lit 1) (@One.toOfNat1.{0} Real Real.instOne))
'NLA.IS02.stochastic' depends on axioms: [propext, Classical.choice.{u}, Quot.sound.{u}]
def NLA.IS02.symmetricStochastic : (n : Nat) → Set.{0} (NLA.IS02.Mat n) :=
fun n =>
  @Set.ofPred.{0} (NLA.IS02.Mat n) fun A =>
    And (@NLA.IS02.symmetric n A) (And (@NLA.IS02.entrywiseNonnegative n A) (@NLA.IS02.stochastic n A))
'NLA.IS02.symmetricStochastic' depends on axioms: [propext, Classical.choice.{u}, Quot.sound.{u}]
def NLA.IS02.trace : {n : Nat} → NLA.IS02.Mat n → Real :=
fun {n} A => ∑ i, A i i
'NLA.IS02.trace' depends on axioms: [propext, Classical.choice.{u}, Quot.sound.{u}]
def NLA.IS02.permute : {n : Nat} → Equiv.Perm.{1} (Fin n) → NLA.IS02.Mat n → NLA.IS02.Mat n :=
fun {n} σ A i j =>
  A
    (@DFunLike.coe.{1, 1, 1} (Equiv.Perm.{1} (Fin n)) (Fin n) (fun x => Fin n)
      (@EquivLike.toFunLike.{1, 1, 1} (Equiv.Perm.{1} (Fin n)) (Fin n) (Fin n)
        (@Equiv.instEquivLike.{1, 1} (Fin n) (Fin n)))
      σ i)
    (@DFunLike.coe.{1, 1, 1} (Equiv.Perm.{1} (Fin n)) (Fin n) (fun x => Fin n)
      (@EquivLike.toFunLike.{1, 1, 1} (Equiv.Perm.{1} (Fin n)) (Fin n) (Fin n)
        (@Equiv.instEquivLike.{1, 1} (Fin n) (Fin n)))
      σ j)
'NLA.IS02.permute' depends on axioms: [propext, Classical.choice.{u}, Quot.sound.{u}]
def NLA.IS02.permutationSimilar : {n : Nat} → NLA.IS02.Mat n → NLA.IS02.Mat n → Prop :=
fun {n} A B => ∃ σ, @Eq.{1} (NLA.IS02.Mat n) B (@NLA.IS02.permute n σ A)
'NLA.IS02.permutationSimilar' depends on axioms: [propext, Classical.choice.{u}, Quot.sound.{u}]
def NLA.IS02.sameSpectrum : {n : Nat} → NLA.IS02.Mat n → NLA.IS02.Mat n → Prop :=
fun {n} A B =>
  @Eq.{1} (@Polynomial.{0} Real (@CommSemiring.toSemiring.{0} Real (@CommRing.toCommSemiring.{0} Real Real.commRing)))
    (@Matrix.charpoly.{0, 0} Real Real.commRing (Fin n) (instDecidableEqFin n) (Fin.fintype n) A)
    (@Matrix.charpoly.{0, 0} Real Real.commRing (Fin n) (instDecidableEqFin n) (Fin.fintype n) B)
'NLA.IS02.sameSpectrum' depends on axioms: [propext, Classical.choice.{u}, Quot.sound.{u}]
def NLA.IS02.realEigenvalueMultiset : {n : Nat} → NLA.IS02.Mat n → Multiset.{0} Real :=
fun {n} A =>
  @Polynomial.roots.{0} Real Real.commRing Real.instIsDomain
    (@Matrix.charpoly.{0, 0} Real Real.commRing (Fin n) (instDecidableEqFin n) (Fin.fintype n) A)
'NLA.IS02.realEigenvalueMultiset' depends on axioms: [propext, Classical.choice.{u}, Quot.sound.{u}]
def NLA.IS02.spectrallyUnique : {n : Nat} → NLA.IS02.Mat n → Prop :=
fun {n} A =>
  ∀ (B : NLA.IS02.Mat n),
    @Membership.mem.{0, 0} (NLA.IS02.Mat n) (Set.{0} (NLA.IS02.Mat n)) (@Set.instMembership.{0} (NLA.IS02.Mat n))
        (NLA.IS02.symmetricStochastic n) B →
      @NLA.IS02.sameSpectrum n A B → @NLA.IS02.permutationSimilar n A B
'NLA.IS02.spectrallyUnique' depends on axioms: [propext, Classical.choice.{u}, Quot.sound.{u}]
def NLA.IS02.segment : {n : Nat} → NLA.IS02.Mat n → NLA.IS02.Mat n → Set.{0} (NLA.IS02.Mat n) :=
fun {n} X Y =>
  @Set.ofPred.{0} (NLA.IS02.Mat n) fun Z =>
    ∃ t,
      And (@LE.le.{0} Real Real.instLE (@OfNat.ofNat.{0} Real (nat_lit 0) (@Zero.toOfNat0.{0} Real Real.instZero)) t)
        (And (@LE.le.{0} Real Real.instLE t (@OfNat.ofNat.{0} Real (nat_lit 1) (@One.toOfNat1.{0} Real Real.instOne)))
          (@Eq.{1} (NLA.IS02.Mat n) Z
            (@HAdd.hAdd.{0, 0, 0} (NLA.IS02.Mat n) (NLA.IS02.Mat n) (NLA.IS02.Mat n)
              (@instHAdd.{0} (NLA.IS02.Mat n) (@Matrix.add.{0, 0, 0} (Fin n) (Fin n) Real Real.instAdd))
              (@HSMul.hSMul.{0, 0, 0} Real (NLA.IS02.Mat n) (NLA.IS02.Mat n)
                (@instHSMul.{0, 0} Real (NLA.IS02.Mat n)
                  (@Matrix.smul.{0, 0, 0, 0} (Fin n) (Fin n) Real Real (@instSMulOfMul.{0} Real Real.instMul)))
                (@HSub.hSub.{0, 0, 0} Real Real Real (@instHSub.{0} Real Real.instSub)
                  (@OfNat.ofNat.{0} Real (nat_lit 1) (@One.toOfNat1.{0} Real Real.instOne)) t)
                X)
              (@HSMul.hSMul.{0, 0, 0} Real (NLA.IS02.Mat n) (NLA.IS02.Mat n)
                (@instHSMul.{0, 0} Real (NLA.IS02.Mat n)
                  (@Matrix.smul.{0, 0, 0, 0} (Fin n) (Fin n) Real Real (@instSMulOfMul.{0} Real Real.instMul)))
                t Y))))
'NLA.IS02.segment' depends on axioms: [propext, Classical.choice.{u}, Quot.sound.{u}]
def NLA.IS02.vertex : (n : Nat) → NLA.IS02.Mat n → Prop :=
fun n V =>
  And
    (@Membership.mem.{0, 0} (NLA.IS02.Mat n) (Set.{0} (NLA.IS02.Mat n)) (@Set.instMembership.{0} (NLA.IS02.Mat n))
      (NLA.IS02.symmetricStochastic n) V)
    (∀ (U W : NLA.IS02.Mat n),
      @Membership.mem.{0, 0} (NLA.IS02.Mat n) (Set.{0} (NLA.IS02.Mat n)) (@Set.instMembership.{0} (NLA.IS02.Mat n))
          (NLA.IS02.symmetricStochastic n) U →
        @Membership.mem.{0, 0} (NLA.IS02.Mat n) (Set.{0} (NLA.IS02.Mat n)) (@Set.instMembership.{0} (NLA.IS02.Mat n))
            (NLA.IS02.symmetricStochastic n) W →
          ∀ (t : Real),
            @LE.le.{0} Real Real.instLE (@OfNat.ofNat.{0} Real (nat_lit 0) (@Zero.toOfNat0.{0} Real Real.instZero)) t →
              @LE.le.{0} Real Real.instLE t (@OfNat.ofNat.{0} Real (nat_lit 1) (@One.toOfNat1.{0} Real Real.instOne)) →
                @Eq.{1} (NLA.IS02.Mat n) V
                    (@HAdd.hAdd.{0, 0, 0} (NLA.IS02.Mat n) (NLA.IS02.Mat n) (NLA.IS02.Mat n)
                      (@instHAdd.{0} (NLA.IS02.Mat n) (@Matrix.add.{0, 0, 0} (Fin n) (Fin n) Real Real.instAdd))
                      (@HSMul.hSMul.{0, 0, 0} Real (NLA.IS02.Mat n) (NLA.IS02.Mat n)
                        (@instHSMul.{0, 0} Real (NLA.IS02.Mat n)
                          (@Matrix.smul.{0, 0, 0, 0} (Fin n) (Fin n) Real Real (@instSMulOfMul.{0} Real Real.instMul)))
                        (@HSub.hSub.{0, 0, 0} Real Real Real (@instHSub.{0} Real Real.instSub)
                          (@OfNat.ofNat.{0} Real (nat_lit 1) (@One.toOfNat1.{0} Real Real.instOne)) t)
                        U)
                      (@HSMul.hSMul.{0, 0, 0} Real (NLA.IS02.Mat n) (NLA.IS02.Mat n)
                        (@instHSMul.{0, 0} Real (NLA.IS02.Mat n)
                          (@Matrix.smul.{0, 0, 0, 0} (Fin n) (Fin n) Real Real (@instSMulOfMul.{0} Real Real.instMul)))
                        t W)) →
                  Or (@Eq.{1} Real t (@OfNat.ofNat.{0} Real (nat_lit 0) (@Zero.toOfNat0.{0} Real Real.instZero)))
                    (Or (@Eq.{1} Real t (@OfNat.ofNat.{0} Real (nat_lit 1) (@One.toOfNat1.{0} Real Real.instOne)))
                      (@Eq.{1} (NLA.IS02.Mat n) U W)))
'NLA.IS02.vertex' depends on axioms: [propext, Classical.choice.{u}, Quot.sound.{u}]
def NLA.IS02.flatMatrix : (n : Nat) → NLA.IS02.Mat n :=
fun n i j =>
  @ite.{1} Real (@Eq.{1} (Fin n) i j) (instDecidableEqFin n i j)
    (@OfNat.ofNat.{0} Real (nat_lit 0) (@Zero.toOfNat0.{0} Real Real.instZero))
    (@HDiv.hDiv.{0, 0, 0} Real Real Real (@instHDiv.{0} Real (@DivInvMonoid.toDiv.{0} Real Real.instDivInvMonoid))
      (@OfNat.ofNat.{0} Real (nat_lit 1) (@One.toOfNat1.{0} Real Real.instOne))
      (@Nat.cast.{0} Real Real.instNatCast
        (@HSub.hSub.{0, 0, 0} Nat Nat Nat (@instHSub.{0} Nat instSubNat) n
          (@OfNat.ofNat.{0} Nat (nat_lit 1) (instOfNatNat (nat_lit 1))))))
'NLA.IS02.flatMatrix' depends on axioms: [propext, Classical.choice.{u}, Quot.sound.{u}]
def NLA.IS02.assertedLocus : (n : Nat) → Set.{0} (NLA.IS02.Mat n) :=
fun n =>
  @Union.union.{0} (Set.{0} (NLA.IS02.Mat n)) (@Set.instUnion.{0} (NLA.IS02.Mat n))
    (@NLA.IS02.segment n
      (@OfNat.ofNat.{0} (NLA.IS02.Mat n) (nat_lit 1)
        (@One.toOfNat1.{0} (NLA.IS02.Mat n)
          (@Matrix.one.{0, 0} (Fin n) Real (instDecidableEqFin n) Real.instZero Real.instOne)))
      (NLA.IS02.flatMatrix n))
    (@Set.ofPred.{0} (NLA.IS02.Mat n) fun A =>
      ∃ V,
        And (NLA.IS02.vertex n V)
          (Or
            (@Membership.mem.{0, 0} (NLA.IS02.Mat n) (Set.{0} (NLA.IS02.Mat n))
              (@Set.instMembership.{0} (NLA.IS02.Mat n))
              (@NLA.IS02.segment n
                (@OfNat.ofNat.{0} (NLA.IS02.Mat n) (nat_lit 1)
                  (@One.toOfNat1.{0} (NLA.IS02.Mat n)
                    (@Matrix.one.{0, 0} (Fin n) Real (instDecidableEqFin n) Real.instZero Real.instOne)))
                V)
              A)
            (@Membership.mem.{0, 0} (NLA.IS02.Mat n) (Set.{0} (NLA.IS02.Mat n))
              (@Set.instMembership.{0} (NLA.IS02.Mat n)) (@NLA.IS02.segment n (NLA.IS02.flatMatrix n) V) A)))
'NLA.IS02.assertedLocus' depends on axioms: [propext, Classical.choice.{u}, Quot.sound.{u}]
def NLA.IS02.counterexample : NLA.IS02.Mat (@OfNat.ofNat.{0} Nat (nat_lit 4) (instOfNatNat (nat_lit 4))) :=
@DFunLike.coe.{1, 1, 1}
  (Equiv.{1, 1}
    (Fin (@OfNat.ofNat.{0} Nat (nat_lit 4) (instOfNatNat (nat_lit 4))) →
      Fin (@OfNat.ofNat.{0} Nat (nat_lit 4) (instOfNatNat (nat_lit 4))) → Real)
    (Matrix.{0, 0, 0} (Fin (@OfNat.ofNat.{0} Nat (nat_lit 4) (instOfNatNat (nat_lit 4))))
      (Fin (@OfNat.ofNat.{0} Nat (nat_lit 4) (instOfNatNat (nat_lit 4)))) Real))
  (Fin (@OfNat.ofNat.{0} Nat (nat_lit 4) (instOfNatNat (nat_lit 4))) →
    Fin (@OfNat.ofNat.{0} Nat (nat_lit 4) (instOfNatNat (nat_lit 4))) → Real)
  (fun x =>
    Matrix.{0, 0, 0} (Fin (@OfNat.ofNat.{0} Nat (nat_lit 4) (instOfNatNat (nat_lit 4))))
      (Fin (@OfNat.ofNat.{0} Nat (nat_lit 4) (instOfNatNat (nat_lit 4)))) Real)
  (@EquivLike.toFunLike.{1, 1, 1}
    (Equiv.{1, 1}
      (Fin (@OfNat.ofNat.{0} Nat (nat_lit 4) (instOfNatNat (nat_lit 4))) →
        Fin (@OfNat.ofNat.{0} Nat (nat_lit 4) (instOfNatNat (nat_lit 4))) → Real)
      (Matrix.{0, 0, 0} (Fin (@OfNat.ofNat.{0} Nat (nat_lit 4) (instOfNatNat (nat_lit 4))))
        (Fin (@OfNat.ofNat.{0} Nat (nat_lit 4) (instOfNatNat (nat_lit 4)))) Real))
    (Fin (@OfNat.ofNat.{0} Nat (nat_lit 4) (instOfNatNat (nat_lit 4))) →
      Fin (@OfNat.ofNat.{0} Nat (nat_lit 4) (instOfNatNat (nat_lit 4))) → Real)
    (Matrix.{0, 0, 0} (Fin (@OfNat.ofNat.{0} Nat (nat_lit 4) (instOfNatNat (nat_lit 4))))
      (Fin (@OfNat.ofNat.{0} Nat (nat_lit 4) (instOfNatNat (nat_lit 4)))) Real)
    (@Equiv.instEquivLike.{1, 1}
      (Fin (@OfNat.ofNat.{0} Nat (nat_lit 4) (instOfNatNat (nat_lit 4))) →
        Fin (@OfNat.ofNat.{0} Nat (nat_lit 4) (instOfNatNat (nat_lit 4))) → Real)
      (Matrix.{0, 0, 0} (Fin (@OfNat.ofNat.{0} Nat (nat_lit 4) (instOfNatNat (nat_lit 4))))
        (Fin (@OfNat.ofNat.{0} Nat (nat_lit 4) (instOfNatNat (nat_lit 4)))) Real)))
  (@Matrix.of.{0, 0, 0} (Fin (@OfNat.ofNat.{0} Nat (nat_lit 4) (instOfNatNat (nat_lit 4))))
    (Fin (@OfNat.ofNat.{0} Nat (nat_lit 4) (instOfNatNat (nat_lit 4)))) Real)
  (@Matrix.vecCons.{0} (Fin (@OfNat.ofNat.{0} Nat (nat_lit 4) (instOfNatNat (nat_lit 4))) → Real)
    (@OfNat.ofNat.{0} Nat (nat_lit 3) (instOfNatNat (nat_lit 3)))
    (@Matrix.vecCons.{0} Real (@OfNat.ofNat.{0} Nat (nat_lit 3) (instOfNatNat (nat_lit 3)))
      (@OfNat.ofNat.{0} Real (nat_lit 0) (@Zero.toOfNat0.{0} Real Real.instZero))
      (@Matrix.vecCons.{0} Real (@OfNat.ofNat.{0} Nat (nat_lit 2) (instOfNatNat (nat_lit 2)))
        (@OfNat.ofNat.{0} Real (nat_lit 1) (@One.toOfNat1.{0} Real Real.instOne))
        (@Matrix.vecCons.{0} Real (@OfNat.ofNat.{0} Nat (nat_lit 1) (instOfNatNat (nat_lit 1)))
          (@OfNat.ofNat.{0} Real (nat_lit 0) (@Zero.toOfNat0.{0} Real Real.instZero))
          (@Matrix.vecCons.{0} Real (@OfNat.ofNat.{0} Nat (nat_lit 0) (instOfNatNat (nat_lit 0)))
            (@OfNat.ofNat.{0} Real (nat_lit 0) (@Zero.toOfNat0.{0} Real Real.instZero)) (@Matrix.vecEmpty.{0} Real)))))
    (@Matrix.vecCons.{0} (Fin (@OfNat.ofNat.{0} Nat (nat_lit 4) (instOfNatNat (nat_lit 4))) → Real)
      (@OfNat.ofNat.{0} Nat (nat_lit 2) (instOfNatNat (nat_lit 2)))
      (@Matrix.vecCons.{0} Real (@OfNat.ofNat.{0} Nat (nat_lit 3) (instOfNatNat (nat_lit 3)))
        (@OfNat.ofNat.{0} Real (nat_lit 1) (@One.toOfNat1.{0} Real Real.instOne))
        (@Matrix.vecCons.{0} Real (@OfNat.ofNat.{0} Nat (nat_lit 2) (instOfNatNat (nat_lit 2)))
          (@OfNat.ofNat.{0} Real (nat_lit 0) (@Zero.toOfNat0.{0} Real Real.instZero))
          (@Matrix.vecCons.{0} Real (@OfNat.ofNat.{0} Nat (nat_lit 1) (instOfNatNat (nat_lit 1)))
            (@OfNat.ofNat.{0} Real (nat_lit 0) (@Zero.toOfNat0.{0} Real Real.instZero))
            (@Matrix.vecCons.{0} Real (@OfNat.ofNat.{0} Nat (nat_lit 0) (instOfNatNat (nat_lit 0)))
              (@OfNat.ofNat.{0} Real (nat_lit 0) (@Zero.toOfNat0.{0} Real Real.instZero))
              (@Matrix.vecEmpty.{0} Real)))))
      (@Matrix.vecCons.{0} (Fin (@OfNat.ofNat.{0} Nat (nat_lit 4) (instOfNatNat (nat_lit 4))) → Real)
        (@OfNat.ofNat.{0} Nat (nat_lit 1) (instOfNatNat (nat_lit 1)))
        (@Matrix.vecCons.{0} Real (@OfNat.ofNat.{0} Nat (nat_lit 3) (instOfNatNat (nat_lit 3)))
          (@OfNat.ofNat.{0} Real (nat_lit 0) (@Zero.toOfNat0.{0} Real Real.instZero))
          (@Matrix.vecCons.{0} Real (@OfNat.ofNat.{0} Nat (nat_lit 2) (instOfNatNat (nat_lit 2)))
            (@OfNat.ofNat.{0} Real (nat_lit 0) (@Zero.toOfNat0.{0} Real Real.instZero))
            (@Matrix.vecCons.{0} Real (@OfNat.ofNat.{0} Nat (nat_lit 1) (instOfNatNat (nat_lit 1)))
              (@HDiv.hDiv.{0, 0, 0} Real Real Real
                (@instHDiv.{0} Real (@DivInvMonoid.toDiv.{0} Real Real.instDivInvMonoid))
                (@OfNat.ofNat.{0} Real (nat_lit 1) (@One.toOfNat1.{0} Real Real.instOne))
                (@OfNat.ofNat.{0} Real (nat_lit 2)
                  (@instOfNatAtLeastTwo.{0} Real (nat_lit 2) Real.instNatCast NLA.IS02.counterexample._proof_1)))
              (@Matrix.vecCons.{0} Real (@OfNat.ofNat.{0} Nat (nat_lit 0) (instOfNatNat (nat_lit 0)))
                (@HDiv.hDiv.{0, 0, 0} Real Real Real
                  (@instHDiv.{0} Real (@DivInvMonoid.toDiv.{0} Real Real.instDivInvMonoid))
                  (@OfNat.ofNat.{0} Real (nat_lit 1) (@One.toOfNat1.{0} Real Real.instOne))
                  (@OfNat.ofNat.{0} Real (nat_lit 2)
                    (@instOfNatAtLeastTwo.{0} Real (nat_lit 2) Real.instNatCast NLA.IS02.counterexample._proof_1)))
                (@Matrix.vecEmpty.{0} Real)))))
        (@Matrix.vecCons.{0} (Fin (@OfNat.ofNat.{0} Nat (nat_lit 4) (instOfNatNat (nat_lit 4))) → Real)
          (@OfNat.ofNat.{0} Nat (nat_lit 0) (instOfNatNat (nat_lit 0)))
          (@Matrix.vecCons.{0} Real (@OfNat.ofNat.{0} Nat (nat_lit 3) (instOfNatNat (nat_lit 3)))
            (@OfNat.ofNat.{0} Real (nat_lit 0) (@Zero.toOfNat0.{0} Real Real.instZero))
            (@Matrix.vecCons.{0} Real (@OfNat.ofNat.{0} Nat (nat_lit 2) (instOfNatNat (nat_lit 2)))
              (@OfNat.ofNat.{0} Real (nat_lit 0) (@Zero.toOfNat0.{0} Real Real.instZero))
              (@Matrix.vecCons.{0} Real (@OfNat.ofNat.{0} Nat (nat_lit 1) (instOfNatNat (nat_lit 1)))
                (@HDiv.hDiv.{0, 0, 0} Real Real Real
                  (@instHDiv.{0} Real (@DivInvMonoid.toDiv.{0} Real Real.instDivInvMonoid))
                  (@OfNat.ofNat.{0} Real (nat_lit 1) (@One.toOfNat1.{0} Real Real.instOne))
                  (@OfNat.ofNat.{0} Real (nat_lit 2)
                    (@instOfNatAtLeastTwo.{0} Real (nat_lit 2) Real.instNatCast NLA.IS02.counterexample._proof_1)))
                (@Matrix.vecCons.{0} Real (@OfNat.ofNat.{0} Nat (nat_lit 0) (instOfNatNat (nat_lit 0)))
                  (@HDiv.hDiv.{0, 0, 0} Real Real Real
                    (@instHDiv.{0} Real (@DivInvMonoid.toDiv.{0} Real Real.instDivInvMonoid))
                    (@OfNat.ofNat.{0} Real (nat_lit 1) (@One.toOfNat1.{0} Real Real.instOne))
                    (@OfNat.ofNat.{0} Real (nat_lit 2)
                      (@instOfNatAtLeastTwo.{0} Real (nat_lit 2) Real.instNatCast NLA.IS02.counterexample._proof_1)))
                  (@Matrix.vecEmpty.{0} Real)))))
          (@Matrix.vecEmpty.{0} (Fin (@OfNat.ofNat.{0} Nat (nat_lit 4) (instOfNatNat (nat_lit 4))) → Real))))))
'NLA.IS02.counterexample' depends on axioms: [propext, Classical.choice.{u}, Quot.sound.{u}]
def NLA.IS02.targetNecessaryCondition : Prop :=
∀ (n : Nat),
  @LE.le.{0} Nat instLENat (@OfNat.ofNat.{0} Nat (nat_lit 4) (instOfNatNat (nat_lit 4))) n →
    ∀ (A : NLA.IS02.Mat n),
      @Membership.mem.{0, 0} (NLA.IS02.Mat n) (Set.{0} (NLA.IS02.Mat n)) (@Set.instMembership.{0} (NLA.IS02.Mat n))
          (NLA.IS02.symmetricStochastic n) A →
        @LT.lt.{0} Real Real.instLT (@OfNat.ofNat.{0} Real (nat_lit 0) (@Zero.toOfNat0.{0} Real Real.instZero))
            (@NLA.IS02.trace n A) →
          @NLA.IS02.spectrallyUnique n A →
            @Membership.mem.{0, 0} (NLA.IS02.Mat n) (Set.{0} (NLA.IS02.Mat n))
              (@Set.instMembership.{0} (NLA.IS02.Mat n)) (NLA.IS02.assertedLocus n) A
'NLA.IS02.targetNecessaryCondition' depends on axioms: [propext, Classical.choice.{u}, Quot.sound.{u}]
def NLA.IS02.counterexampleClaim : Prop :=
And
  (@Membership.mem.{0, 0} (NLA.IS02.Mat (@OfNat.ofNat.{0} Nat (nat_lit 4) (instOfNatNat (nat_lit 4))))
    (Set.{0} (NLA.IS02.Mat (@OfNat.ofNat.{0} Nat (nat_lit 4) (instOfNatNat (nat_lit 4)))))
    (@Set.instMembership.{0} (NLA.IS02.Mat (@OfNat.ofNat.{0} Nat (nat_lit 4) (instOfNatNat (nat_lit 4)))))
    (NLA.IS02.symmetricStochastic (@OfNat.ofNat.{0} Nat (nat_lit 4) (instOfNatNat (nat_lit 4))))
    NLA.IS02.counterexample)
  (And
    (@LT.lt.{0} Real Real.instLT (@OfNat.ofNat.{0} Real (nat_lit 0) (@Zero.toOfNat0.{0} Real Real.instZero))
      (@NLA.IS02.trace (@OfNat.ofNat.{0} Nat (nat_lit 4) (instOfNatNat (nat_lit 4))) NLA.IS02.counterexample))
    (And
      (@NLA.IS02.sameSpectrum (@OfNat.ofNat.{0} Nat (nat_lit 4) (instOfNatNat (nat_lit 4))) NLA.IS02.counterexample
        (@DFunLike.coe.{1, 1, 1}
          (Equiv.{1, 1}
            (Fin (@OfNat.ofNat.{0} Nat (nat_lit 4) (instOfNatNat (nat_lit 4))) →
              Fin (@OfNat.ofNat.{0} Nat (nat_lit 4) (instOfNatNat (nat_lit 4))) → Real)
            (Matrix.{0, 0, 0} (Fin (@OfNat.ofNat.{0} Nat (nat_lit 4) (instOfNatNat (nat_lit 4))))
              (Fin (@OfNat.ofNat.{0} Nat (nat_lit 4) (instOfNatNat (nat_lit 4)))) Real))
          (Fin (@OfNat.ofNat.{0} Nat (nat_lit 4) (instOfNatNat (nat_lit 4))) →
            Fin (@OfNat.ofNat.{0} Nat (nat_lit 4) (instOfNatNat (nat_lit 4))) → Real)
          (fun x =>
            Matrix.{0, 0, 0} (Fin (@OfNat.ofNat.{0} Nat (nat_lit 4) (instOfNatNat (nat_lit 4))))
              (Fin (@OfNat.ofNat.{0} Nat (nat_lit 4) (instOfNatNat (nat_lit 4)))) Real)
          (@EquivLike.toFunLike.{1, 1, 1}
            (Equiv.{1, 1}
              (Fin (@OfNat.ofNat.{0} Nat (nat_lit 4) (instOfNatNat (nat_lit 4))) →
                Fin (@OfNat.ofNat.{0} Nat (nat_lit 4) (instOfNatNat (nat_lit 4))) → Real)
              (Matrix.{0, 0, 0} (Fin (@OfNat.ofNat.{0} Nat (nat_lit 4) (instOfNatNat (nat_lit 4))))
                (Fin (@OfNat.ofNat.{0} Nat (nat_lit 4) (instOfNatNat (nat_lit 4)))) Real))
            (Fin (@OfNat.ofNat.{0} Nat (nat_lit 4) (instOfNatNat (nat_lit 4))) →
              Fin (@OfNat.ofNat.{0} Nat (nat_lit 4) (instOfNatNat (nat_lit 4))) → Real)
            (Matrix.{0, 0, 0} (Fin (@OfNat.ofNat.{0} Nat (nat_lit 4) (instOfNatNat (nat_lit 4))))
              (Fin (@OfNat.ofNat.{0} Nat (nat_lit 4) (instOfNatNat (nat_lit 4)))) Real)
            (@Equiv.instEquivLike.{1, 1}
              (Fin (@OfNat.ofNat.{0} Nat (nat_lit 4) (instOfNatNat (nat_lit 4))) →
                Fin (@OfNat.ofNat.{0} Nat (nat_lit 4) (instOfNatNat (nat_lit 4))) → Real)
              (Matrix.{0, 0, 0} (Fin (@OfNat.ofNat.{0} Nat (nat_lit 4) (instOfNatNat (nat_lit 4))))
                (Fin (@OfNat.ofNat.{0} Nat (nat_lit 4) (instOfNatNat (nat_lit 4)))) Real)))
          (@Matrix.of.{0, 0, 0} (Fin (@OfNat.ofNat.{0} Nat (nat_lit 4) (instOfNatNat (nat_lit 4))))
            (Fin (@OfNat.ofNat.{0} Nat (nat_lit 4) (instOfNatNat (nat_lit 4)))) Real)
          (@Matrix.vecCons.{0} (Fin (@OfNat.ofNat.{0} Nat (nat_lit 4) (instOfNatNat (nat_lit 4))) → Real)
            (@OfNat.ofNat.{0} Nat (nat_lit 3) (instOfNatNat (nat_lit 3)))
            (@Matrix.vecCons.{0} Real (@OfNat.ofNat.{0} Nat (nat_lit 3) (instOfNatNat (nat_lit 3)))
              (@OfNat.ofNat.{0} Real (nat_lit 1) (@One.toOfNat1.{0} Real Real.instOne))
              (@Matrix.vecCons.{0} Real (@OfNat.ofNat.{0} Nat (nat_lit 2) (instOfNatNat (nat_lit 2)))
                (@OfNat.ofNat.{0} Real (nat_lit 0) (@Zero.toOfNat0.{0} Real Real.instZero))
                (@Matrix.vecCons.{0} Real (@OfNat.ofNat.{0} Nat (nat_lit 1) (instOfNatNat (nat_lit 1)))
                  (@OfNat.ofNat.{0} Real (nat_lit 0) (@Zero.toOfNat0.{0} Real Real.instZero))
                  (@Matrix.vecCons.{0} Real (@OfNat.ofNat.{0} Nat (nat_lit 0) (instOfNatNat (nat_lit 0)))
                    (@OfNat.ofNat.{0} Real (nat_lit 0) (@Zero.toOfNat0.{0} Real Real.instZero))
                    (@Matrix.vecEmpty.{0} Real)))))
            (@Matrix.vecCons.{0} (Fin (@OfNat.ofNat.{0} Nat (nat_lit 4) (instOfNatNat (nat_lit 4))) → Real)
              (@OfNat.ofNat.{0} Nat (nat_lit 2) (instOfNatNat (nat_lit 2)))
              (@Matrix.vecCons.{0} Real (@OfNat.ofNat.{0} Nat (nat_lit 3) (instOfNatNat (nat_lit 3)))
                (@OfNat.ofNat.{0} Real (nat_lit 0) (@Zero.toOfNat0.{0} Real Real.instZero))
                (@Matrix.vecCons.{0} Real (@OfNat.ofNat.{0} Nat (nat_lit 2) (instOfNatNat (nat_lit 2)))
                  (@OfNat.ofNat.{0} Real (nat_lit 1) (@One.toOfNat1.{0} Real Real.instOne))
                  (@Matrix.vecCons.{0} Real (@OfNat.ofNat.{0} Nat (nat_lit 1) (instOfNatNat (nat_lit 1)))
                    (@OfNat.ofNat.{0} Real (nat_lit 0) (@Zero.toOfNat0.{0} Real Real.instZero))
                    (@Matrix.vecCons.{0} Real (@OfNat.ofNat.{0} Nat (nat_lit 0) (instOfNatNat (nat_lit 0)))
                      (@OfNat.ofNat.{0} Real (nat_lit 0) (@Zero.toOfNat0.{0} Real Real.instZero))
                      (@Matrix.vecEmpty.{0} Real)))))
              (@Matrix.vecCons.{0} (Fin (@OfNat.ofNat.{0} Nat (nat_lit 4) (instOfNatNat (nat_lit 4))) → Real)
                (@OfNat.ofNat.{0} Nat (nat_lit 1) (instOfNatNat (nat_lit 1)))
                (@Matrix.vecCons.{0} Real (@OfNat.ofNat.{0} Nat (nat_lit 3) (instOfNatNat (nat_lit 3)))
                  (@OfNat.ofNat.{0} Real (nat_lit 0) (@Zero.toOfNat0.{0} Real Real.instZero))
                  (@Matrix.vecCons.{0} Real (@OfNat.ofNat.{0} Nat (nat_lit 2) (instOfNatNat (nat_lit 2)))
                    (@OfNat.ofNat.{0} Real (nat_lit 0) (@Zero.toOfNat0.{0} Real Real.instZero))
                    (@Matrix.vecCons.{0} Real (@OfNat.ofNat.{0} Nat (nat_lit 1) (instOfNatNat (nat_lit 1)))
                      (@OfNat.ofNat.{0} Real (nat_lit 0) (@Zero.toOfNat0.{0} Real Real.instZero))
                      (@Matrix.vecCons.{0} Real (@OfNat.ofNat.{0} Nat (nat_lit 0) (instOfNatNat (nat_lit 0)))
                        (@OfNat.ofNat.{0} Real (nat_lit 0) (@Zero.toOfNat0.{0} Real Real.instZero))
                        (@Matrix.vecEmpty.{0} Real)))))
                (@Matrix.vecCons.{0} (Fin (@OfNat.ofNat.{0} Nat (nat_lit 4) (instOfNatNat (nat_lit 4))) → Real)
                  (@OfNat.ofNat.{0} Nat (nat_lit 0) (instOfNatNat (nat_lit 0)))
                  (@Matrix.vecCons.{0} Real (@OfNat.ofNat.{0} Nat (nat_lit 3) (instOfNatNat (nat_lit 3)))
                    (@OfNat.ofNat.{0} Real (nat_lit 0) (@Zero.toOfNat0.{0} Real Real.instZero))
                    (@Matrix.vecCons.{0} Real (@OfNat.ofNat.{0} Nat (nat_lit 2) (instOfNatNat (nat_lit 2)))
                      (@OfNat.ofNat.{0} Real (nat_lit 0) (@Zero.toOfNat0.{0} Real Real.instZero))
                      (@Matrix.vecCons.{0} Real (@OfNat.ofNat.{0} Nat (nat_lit 1) (instOfNatNat (nat_lit 1)))
                        (@OfNat.ofNat.{0} Real (nat_lit 0) (@Zero.toOfNat0.{0} Real Real.instZero))
                        (@Matrix.vecCons.{0} Real (@OfNat.ofNat.{0} Nat (nat_lit 0) (instOfNatNat (nat_lit 0)))
                          (@Neg.neg.{0} Real Real.instNeg
                            (@OfNat.ofNat.{0} Real (nat_lit 1) (@One.toOfNat1.{0} Real Real.instOne)))
                          (@Matrix.vecEmpty.{0} Real)))))
                  (@Matrix.vecEmpty.{0}
                    (Fin (@OfNat.ofNat.{0} Nat (nat_lit 4) (instOfNatNat (nat_lit 4))) → Real))))))))
      (And
        (@NLA.IS02.spectrallyUnique (@OfNat.ofNat.{0} Nat (nat_lit 4) (instOfNatNat (nat_lit 4)))
          NLA.IS02.counterexample)
        (NLA.IS02.counterexample ∉
          NLA.IS02.assertedLocus (@OfNat.ofNat.{0} Nat (nat_lit 4) (instOfNatNat (nat_lit 4)))))))
'NLA.IS02.counterexampleClaim' depends on axioms: [propext, Classical.choice.{u}, Quot.sound.{u}]
NLA.IS02.test_membership :
  @Membership.mem.{0, 0} (NLA.IS02.Mat (@OfNat.ofNat.{0} Nat (nat_lit 4) (instOfNatNat (nat_lit 4))))
    (Set.{0} (NLA.IS02.Mat (@OfNat.ofNat.{0} Nat (nat_lit 4) (instOfNatNat (nat_lit 4)))))
    (@Set.instMembership.{0} (NLA.IS02.Mat (@OfNat.ofNat.{0} Nat (nat_lit 4) (instOfNatNat (nat_lit 4)))))
    (NLA.IS02.symmetricStochastic (@OfNat.ofNat.{0} Nat (nat_lit 4) (instOfNatNat (nat_lit 4)))) NLA.IS02.counterexample
'NLA.IS02.test_membership' depends on axioms: [propext, Classical.choice.{u}, Quot.sound.{u}]
NLA.IS02.test_trace :
  @Eq.{1} Real (@NLA.IS02.trace (@OfNat.ofNat.{0} Nat (nat_lit 4) (instOfNatNat (nat_lit 4))) NLA.IS02.counterexample)
    (@OfNat.ofNat.{0} Real (nat_lit 1) (@One.toOfNat1.{0} Real Real.instOne))
'NLA.IS02.test_trace' depends on axioms: [propext, Classical.choice.{u}, Quot.sound.{u}]
NLA.IS02.test_positive_trace :
  @LT.lt.{0} Real Real.instLT (@OfNat.ofNat.{0} Real (nat_lit 0) (@Zero.toOfNat0.{0} Real Real.instZero))
    (@NLA.IS02.trace (@OfNat.ofNat.{0} Nat (nat_lit 4) (instOfNatNat (nat_lit 4))) NLA.IS02.counterexample)
'NLA.IS02.test_positive_trace' depends on axioms: [propext, Classical.choice.{u}, Quot.sound.{u}]
NLA.IS02.test_spectrum :
  @NLA.IS02.sameSpectrum (@OfNat.ofNat.{0} Nat (nat_lit 4) (instOfNatNat (nat_lit 4))) NLA.IS02.counterexample
    (@DFunLike.coe.{1, 1, 1}
      (Equiv.{1, 1}
        (Fin (@OfNat.ofNat.{0} Nat (nat_lit 4) (instOfNatNat (nat_lit 4))) →
          Fin (@OfNat.ofNat.{0} Nat (nat_lit 4) (instOfNatNat (nat_lit 4))) → Real)
        (Matrix.{0, 0, 0} (Fin (@OfNat.ofNat.{0} Nat (nat_lit 4) (instOfNatNat (nat_lit 4))))
          (Fin (@OfNat.ofNat.{0} Nat (nat_lit 4) (instOfNatNat (nat_lit 4)))) Real))
      (Fin (@OfNat.ofNat.{0} Nat (nat_lit 4) (instOfNatNat (nat_lit 4))) →
        Fin (@OfNat.ofNat.{0} Nat (nat_lit 4) (instOfNatNat (nat_lit 4))) → Real)
      (fun x =>
        Matrix.{0, 0, 0} (Fin (@OfNat.ofNat.{0} Nat (nat_lit 4) (instOfNatNat (nat_lit 4))))
          (Fin (@OfNat.ofNat.{0} Nat (nat_lit 4) (instOfNatNat (nat_lit 4)))) Real)
      (@EquivLike.toFunLike.{1, 1, 1}
        (Equiv.{1, 1}
          (Fin (@OfNat.ofNat.{0} Nat (nat_lit 4) (instOfNatNat (nat_lit 4))) →
            Fin (@OfNat.ofNat.{0} Nat (nat_lit 4) (instOfNatNat (nat_lit 4))) → Real)
          (Matrix.{0, 0, 0} (Fin (@OfNat.ofNat.{0} Nat (nat_lit 4) (instOfNatNat (nat_lit 4))))
            (Fin (@OfNat.ofNat.{0} Nat (nat_lit 4) (instOfNatNat (nat_lit 4)))) Real))
        (Fin (@OfNat.ofNat.{0} Nat (nat_lit 4) (instOfNatNat (nat_lit 4))) →
          Fin (@OfNat.ofNat.{0} Nat (nat_lit 4) (instOfNatNat (nat_lit 4))) → Real)
        (Matrix.{0, 0, 0} (Fin (@OfNat.ofNat.{0} Nat (nat_lit 4) (instOfNatNat (nat_lit 4))))
          (Fin (@OfNat.ofNat.{0} Nat (nat_lit 4) (instOfNatNat (nat_lit 4)))) Real)
        (@Equiv.instEquivLike.{1, 1}
          (Fin (@OfNat.ofNat.{0} Nat (nat_lit 4) (instOfNatNat (nat_lit 4))) →
            Fin (@OfNat.ofNat.{0} Nat (nat_lit 4) (instOfNatNat (nat_lit 4))) → Real)
          (Matrix.{0, 0, 0} (Fin (@OfNat.ofNat.{0} Nat (nat_lit 4) (instOfNatNat (nat_lit 4))))
            (Fin (@OfNat.ofNat.{0} Nat (nat_lit 4) (instOfNatNat (nat_lit 4)))) Real)))
      (@Matrix.of.{0, 0, 0} (Fin (@OfNat.ofNat.{0} Nat (nat_lit 4) (instOfNatNat (nat_lit 4))))
        (Fin (@OfNat.ofNat.{0} Nat (nat_lit 4) (instOfNatNat (nat_lit 4)))) Real)
      (@Matrix.vecCons.{0} (Fin (@OfNat.ofNat.{0} Nat (nat_lit 4) (instOfNatNat (nat_lit 4))) → Real)
        (@OfNat.ofNat.{0} Nat (nat_lit 3) (instOfNatNat (nat_lit 3)))
        (@Matrix.vecCons.{0} Real (@OfNat.ofNat.{0} Nat (nat_lit 3) (instOfNatNat (nat_lit 3)))
          (@OfNat.ofNat.{0} Real (nat_lit 1) (@One.toOfNat1.{0} Real Real.instOne))
          (@Matrix.vecCons.{0} Real (@OfNat.ofNat.{0} Nat (nat_lit 2) (instOfNatNat (nat_lit 2)))
            (@OfNat.ofNat.{0} Real (nat_lit 0) (@Zero.toOfNat0.{0} Real Real.instZero))
            (@Matrix.vecCons.{0} Real (@OfNat.ofNat.{0} Nat (nat_lit 1) (instOfNatNat (nat_lit 1)))
              (@OfNat.ofNat.{0} Real (nat_lit 0) (@Zero.toOfNat0.{0} Real Real.instZero))
              (@Matrix.vecCons.{0} Real (@OfNat.ofNat.{0} Nat (nat_lit 0) (instOfNatNat (nat_lit 0)))
                (@OfNat.ofNat.{0} Real (nat_lit 0) (@Zero.toOfNat0.{0} Real Real.instZero))
                (@Matrix.vecEmpty.{0} Real)))))
        (@Matrix.vecCons.{0} (Fin (@OfNat.ofNat.{0} Nat (nat_lit 4) (instOfNatNat (nat_lit 4))) → Real)
          (@OfNat.ofNat.{0} Nat (nat_lit 2) (instOfNatNat (nat_lit 2)))
          (@Matrix.vecCons.{0} Real (@OfNat.ofNat.{0} Nat (nat_lit 3) (instOfNatNat (nat_lit 3)))
            (@OfNat.ofNat.{0} Real (nat_lit 0) (@Zero.toOfNat0.{0} Real Real.instZero))
            (@Matrix.vecCons.{0} Real (@OfNat.ofNat.{0} Nat (nat_lit 2) (instOfNatNat (nat_lit 2)))
              (@OfNat.ofNat.{0} Real (nat_lit 1) (@One.toOfNat1.{0} Real Real.instOne))
              (@Matrix.vecCons.{0} Real (@OfNat.ofNat.{0} Nat (nat_lit 1) (instOfNatNat (nat_lit 1)))
                (@OfNat.ofNat.{0} Real (nat_lit 0) (@Zero.toOfNat0.{0} Real Real.instZero))
                (@Matrix.vecCons.{0} Real (@OfNat.ofNat.{0} Nat (nat_lit 0) (instOfNatNat (nat_lit 0)))
                  (@OfNat.ofNat.{0} Real (nat_lit 0) (@Zero.toOfNat0.{0} Real Real.instZero))
                  (@Matrix.vecEmpty.{0} Real)))))
          (@Matrix.vecCons.{0} (Fin (@OfNat.ofNat.{0} Nat (nat_lit 4) (instOfNatNat (nat_lit 4))) → Real)
            (@OfNat.ofNat.{0} Nat (nat_lit 1) (instOfNatNat (nat_lit 1)))
            (@Matrix.vecCons.{0} Real (@OfNat.ofNat.{0} Nat (nat_lit 3) (instOfNatNat (nat_lit 3)))
              (@OfNat.ofNat.{0} Real (nat_lit 0) (@Zero.toOfNat0.{0} Real Real.instZero))
              (@Matrix.vecCons.{0} Real (@OfNat.ofNat.{0} Nat (nat_lit 2) (instOfNatNat (nat_lit 2)))
                (@OfNat.ofNat.{0} Real (nat_lit 0) (@Zero.toOfNat0.{0} Real Real.instZero))
                (@Matrix.vecCons.{0} Real (@OfNat.ofNat.{0} Nat (nat_lit 1) (instOfNatNat (nat_lit 1)))
                  (@OfNat.ofNat.{0} Real (nat_lit 0) (@Zero.toOfNat0.{0} Real Real.instZero))
                  (@Matrix.vecCons.{0} Real (@OfNat.ofNat.{0} Nat (nat_lit 0) (instOfNatNat (nat_lit 0)))
                    (@OfNat.ofNat.{0} Real (nat_lit 0) (@Zero.toOfNat0.{0} Real Real.instZero))
                    (@Matrix.vecEmpty.{0} Real)))))
            (@Matrix.vecCons.{0} (Fin (@OfNat.ofNat.{0} Nat (nat_lit 4) (instOfNatNat (nat_lit 4))) → Real)
              (@OfNat.ofNat.{0} Nat (nat_lit 0) (instOfNatNat (nat_lit 0)))
              (@Matrix.vecCons.{0} Real (@OfNat.ofNat.{0} Nat (nat_lit 3) (instOfNatNat (nat_lit 3)))
                (@OfNat.ofNat.{0} Real (nat_lit 0) (@Zero.toOfNat0.{0} Real Real.instZero))
                (@Matrix.vecCons.{0} Real (@OfNat.ofNat.{0} Nat (nat_lit 2) (instOfNatNat (nat_lit 2)))
                  (@OfNat.ofNat.{0} Real (nat_lit 0) (@Zero.toOfNat0.{0} Real Real.instZero))
                  (@Matrix.vecCons.{0} Real (@OfNat.ofNat.{0} Nat (nat_lit 1) (instOfNatNat (nat_lit 1)))
                    (@OfNat.ofNat.{0} Real (nat_lit 0) (@Zero.toOfNat0.{0} Real Real.instZero))
                    (@Matrix.vecCons.{0} Real (@OfNat.ofNat.{0} Nat (nat_lit 0) (instOfNatNat (nat_lit 0)))
                      (@Neg.neg.{0} Real Real.instNeg
                        (@OfNat.ofNat.{0} Real (nat_lit 1) (@One.toOfNat1.{0} Real Real.instOne)))
                      (@Matrix.vecEmpty.{0} Real)))))
              (@Matrix.vecEmpty.{0} (Fin (@OfNat.ofNat.{0} Nat (nat_lit 4) (instOfNatNat (nat_lit 4))) → Real)))))))
'NLA.IS02.test_spectrum' depends on axioms: [propext, Classical.choice.{u}, Quot.sound.{u}]
NLA.IS02.custom_to_hermitian {n : Nat} {A : NLA.IS02.Mat n} (hA : @NLA.IS02.symmetric n A) :
  @Matrix.IsHermitian.{0, 0} Real (Fin n)
    (@InvolutiveStar.toStar.{0} Real
      (@StarAddMonoid.toInvolutiveStar.{0} Real
        (@AddCommMonoid.toAddMonoid.{0} Real
          (@NonUnitalNonAssocSemiring.toAddCommMonoid.{0} Real
            (@NonUnitalNonAssocRing.toNonUnitalNonAssocSemiring.{0} Real
              (@NonUnitalNonAssocCommRing.toNonUnitalNonAssocRing.{0} Real
                (@NonUnitalCommRing.toNonUnitalNonAssocCommRing.{0} Real
                  (@CommRing.toNonUnitalCommRing.{0} Real Real.commRing))))))
        (@StarRing.toStarAddMonoid.{0} Real
          (@NonUnitalNonAssocRing.toNonUnitalNonAssocSemiring.{0} Real
            (@NonUnitalNonAssocCommRing.toNonUnitalNonAssocRing.{0} Real
              (@NonUnitalCommRing.toNonUnitalNonAssocCommRing.{0} Real
                (@CommRing.toNonUnitalCommRing.{0} Real Real.commRing))))
          instStarRingReal)))
    A
'NLA.IS02.custom_to_hermitian' depends on axioms: [propext, Classical.choice.{u}, Quot.sound.{u}]
NLA.IS02.test_spectrum_bridge {n : Nat} {A B : NLA.IS02.Mat n} (hA : @NLA.IS02.symmetric n A)
  (hB : @NLA.IS02.symmetric n B) :
  Iff (@NLA.IS02.sameSpectrum n A B)
    (@Eq.{1} (Multiset.{0} Real) (@NLA.IS02.realEigenvalueMultiset n A) (@NLA.IS02.realEigenvalueMultiset n B))
'NLA.IS02.test_spectrum_bridge' depends on axioms: [propext, Classical.choice.{u}, Quot.sound.{u}]
NLA.IS02.test_trace_from_spectrum {B : NLA.IS02.Mat (@OfNat.ofNat.{0} Nat (nat_lit 4) (instOfNatNat (nat_lit 4)))}
  (hspec :
    @NLA.IS02.sameSpectrum (@OfNat.ofNat.{0} Nat (nat_lit 4) (instOfNatNat (nat_lit 4))) NLA.IS02.counterexample B) :
  @Eq.{1} Real (@NLA.IS02.trace (@OfNat.ofNat.{0} Nat (nat_lit 4) (instOfNatNat (nat_lit 4))) B)
    (@OfNat.ofNat.{0} Real (nat_lit 1) (@One.toOfNat1.{0} Real Real.instOne))
'NLA.IS02.test_trace_from_spectrum' depends on axioms: [propext, Classical.choice.{u}, Quot.sound.{u}]
NLA.IS02.test_minus_one_root :
  @Polynomial.IsRoot.{0} Real (@CommSemiring.toSemiring.{0} Real (@CommRing.toCommSemiring.{0} Real Real.commRing))
    (@Matrix.charpoly.{0, 0} Real Real.commRing (Fin (@OfNat.ofNat.{0} Nat (nat_lit 4) (instOfNatNat (nat_lit 4))))
      (instDecidableEqFin (@OfNat.ofNat.{0} Nat (nat_lit 4) (instOfNatNat (nat_lit 4))))
      (Fin.fintype (@OfNat.ofNat.{0} Nat (nat_lit 4) (instOfNatNat (nat_lit 4)))) NLA.IS02.counterexample)
    (@Neg.neg.{0} Real Real.instNeg (@OfNat.ofNat.{0} Real (nat_lit 1) (@One.toOfNat1.{0} Real Real.instOne)))
'NLA.IS02.test_minus_one_root' depends on axioms: [propext, Classical.choice.{u}, Quot.sound.{u}]
NLA.IS02.test_minus_one_eigenvector {B : NLA.IS02.Mat (@OfNat.ofNat.{0} Nat (nat_lit 4) (instOfNatNat (nat_lit 4)))}
  (hspec :
    @NLA.IS02.sameSpectrum (@OfNat.ofNat.{0} Nat (nat_lit 4) (instOfNatNat (nat_lit 4))) NLA.IS02.counterexample B) :
  ∃ z,
    And
      (@Ne.{1} (Fin (@OfNat.ofNat.{0} Nat (nat_lit 4) (instOfNatNat (nat_lit 4))) → Real) z
        (@OfNat.ofNat.{0} (Fin (@OfNat.ofNat.{0} Nat (nat_lit 4) (instOfNatNat (nat_lit 4))) → Real) (nat_lit 0)
          (@Zero.toOfNat0.{0} (Fin (@OfNat.ofNat.{0} Nat (nat_lit 4) (instOfNatNat (nat_lit 4))) → Real)
            (@Pi.instZero.{0, 0} (Fin (@OfNat.ofNat.{0} Nat (nat_lit 4) (instOfNatNat (nat_lit 4)))) (fun a => Real)
              fun i => Real.instZero))))
      (@Eq.{1} (Fin (@OfNat.ofNat.{0} Nat (nat_lit 4) (instOfNatNat (nat_lit 4))) → Real)
        (@Matrix.mulVec.{0, 0, 0} (Fin (@OfNat.ofNat.{0} Nat (nat_lit 4) (instOfNatNat (nat_lit 4))))
          (Fin (@OfNat.ofNat.{0} Nat (nat_lit 4) (instOfNatNat (nat_lit 4)))) Real
          (@NonUnitalNonAssocRing.toNonUnitalNonAssocSemiring.{0} Real
            (@NonUnitalNonAssocCommRing.toNonUnitalNonAssocRing.{0} Real
              (@NonUnitalCommRing.toNonUnitalNonAssocCommRing.{0} Real
                (@CommRing.toNonUnitalCommRing.{0} Real Real.commRing))))
          (Fin.fintype (@OfNat.ofNat.{0} Nat (nat_lit 4) (instOfNatNat (nat_lit 4)))) B z)
        (@Neg.neg.{0} (Fin (@OfNat.ofNat.{0} Nat (nat_lit 4) (instOfNatNat (nat_lit 4))) → Real)
          (@Pi.instNeg.{0, 0} (Fin (@OfNat.ofNat.{0} Nat (nat_lit 4) (instOfNatNat (nat_lit 4)))) (fun a => Real)
            fun i => Real.instNeg)
          z))
'NLA.IS02.test_minus_one_eigenvector' depends on axioms: [propext, Classical.choice.{u}, Quot.sound.{u}]
NLA.IS02.test_quad_zero {B : NLA.IS02.Mat (@OfNat.ofNat.{0} Nat (nat_lit 4) (instOfNatNat (nat_lit 4)))}
  {z : Fin (@OfNat.ofNat.{0} Nat (nat_lit 4) (instOfNatNat (nat_lit 4))) → Real}
  (hm :
    @Membership.mem.{0, 0} (NLA.IS02.Mat (@OfNat.ofNat.{0} Nat (nat_lit 4) (instOfNatNat (nat_lit 4))))
      (Set.{0} (NLA.IS02.Mat (@OfNat.ofNat.{0} Nat (nat_lit 4) (instOfNatNat (nat_lit 4)))))
      (@Set.instMembership.{0} (NLA.IS02.Mat (@OfNat.ofNat.{0} Nat (nat_lit 4) (instOfNatNat (nat_lit 4)))))
      (NLA.IS02.symmetricStochastic (@OfNat.ofNat.{0} Nat (nat_lit 4) (instOfNatNat (nat_lit 4)))) B)
  (hz :
    @Eq.{1} (Fin (@OfNat.ofNat.{0} Nat (nat_lit 4) (instOfNatNat (nat_lit 4))) → Real)
      (@Matrix.mulVec.{0, 0, 0} (Fin (@OfNat.ofNat.{0} Nat (nat_lit 4) (instOfNatNat (nat_lit 4))))
        (Fin (@OfNat.ofNat.{0} Nat (nat_lit 4) (instOfNatNat (nat_lit 4)))) Real
        (@NonUnitalNonAssocRing.toNonUnitalNonAssocSemiring.{0} Real
          (@NonUnitalNonAssocCommRing.toNonUnitalNonAssocRing.{0} Real
            (@NonUnitalCommRing.toNonUnitalNonAssocCommRing.{0} Real
              (@CommRing.toNonUnitalCommRing.{0} Real Real.commRing))))
        (Fin.fintype (@OfNat.ofNat.{0} Nat (nat_lit 4) (instOfNatNat (nat_lit 4)))) B z)
      (@Neg.neg.{0} (Fin (@OfNat.ofNat.{0} Nat (nat_lit 4) (instOfNatNat (nat_lit 4))) → Real)
        (@Pi.instNeg.{0, 0} (Fin (@OfNat.ofNat.{0} Nat (nat_lit 4) (instOfNatNat (nat_lit 4)))) (fun a => Real) fun i =>
          Real.instNeg)
        z))
  (i j : Fin (@OfNat.ofNat.{0} Nat (nat_lit 4) (instOfNatNat (nat_lit 4)))) :
  @Eq.{1} Real
    (@HMul.hMul.{0, 0, 0} Real Real Real (@instHMul.{0} Real Real.instMul) (B i j)
      (@HPow.hPow.{0, 0, 0} Real Nat Real
        (@instHPow.{0, 0} Real Nat (@NPow.toPow.{0} Real (@Monoid.toNPow.{0} Real Real.instMonoid)))
        (@HAdd.hAdd.{0, 0, 0} Real Real Real (@instHAdd.{0} Real Real.instAdd) (z i) (z j))
        (@OfNat.ofNat.{0} Nat (nat_lit 2) (instOfNatNat (nat_lit 2)))))
    (@OfNat.ofNat.{0} Real (nat_lit 0) (@Zero.toOfNat0.{0} Real Real.instZero))
'NLA.IS02.test_quad_zero' depends on axioms: [propext, Classical.choice.{u}, Quot.sound.{u}]
NLA.IS02.test_pair01 {B : NLA.IS02.Mat (@OfNat.ofNat.{0} Nat (nat_lit 4) (instOfNatNat (nat_lit 4)))}
  {z : Fin (@OfNat.ofNat.{0} Nat (nat_lit 4) (instOfNatNat (nat_lit 4))) → Real}
  (hm :
    @Membership.mem.{0, 0} (NLA.IS02.Mat (@OfNat.ofNat.{0} Nat (nat_lit 4) (instOfNatNat (nat_lit 4))))
      (Set.{0} (NLA.IS02.Mat (@OfNat.ofNat.{0} Nat (nat_lit 4) (instOfNatNat (nat_lit 4)))))
      (@Set.instMembership.{0} (NLA.IS02.Mat (@OfNat.ofNat.{0} Nat (nat_lit 4) (instOfNatNat (nat_lit 4)))))
      (NLA.IS02.symmetricStochastic (@OfNat.ofNat.{0} Nat (nat_lit 4) (instOfNatNat (nat_lit 4)))) B)
  (hquad :
    ∀ (i j : Fin (@OfNat.ofNat.{0} Nat (nat_lit 4) (instOfNatNat (nat_lit 4)))),
      @Eq.{1} Real
        (@HMul.hMul.{0, 0, 0} Real Real Real (@instHMul.{0} Real Real.instMul) (B i j)
          (@HPow.hPow.{0, 0, 0} Real Nat Real
            (@instHPow.{0, 0} Real Nat (@NPow.toPow.{0} Real (@Monoid.toNPow.{0} Real Real.instMonoid)))
            (@HAdd.hAdd.{0, 0, 0} Real Real Real (@instHAdd.{0} Real Real.instAdd) (z i) (z j))
            (@OfNat.ofNat.{0} Nat (nat_lit 2) (instOfNatNat (nat_lit 2)))))
        (@OfNat.ofNat.{0} Real (nat_lit 0) (@Zero.toOfNat0.{0} Real Real.instZero)))
  (htrace :
    @Eq.{1} Real (@NLA.IS02.trace (@OfNat.ofNat.{0} Nat (nat_lit 4) (instOfNatNat (nat_lit 4))) B)
      (@OfNat.ofNat.{0} Real (nat_lit 1) (@One.toOfNat1.{0} Real Real.instOne)))
  (hza :
    @Ne.{1} Real
      (z
        (@OfNat.ofNat.{0} (Fin (@OfNat.ofNat.{0} Nat (nat_lit 4) (instOfNatNat (nat_lit 4)))) (nat_lit 0)
          (@Fin.instOfNat (@OfNat.ofNat.{0} Nat (nat_lit 4) (instOfNatNat (nat_lit 4))) ⋯ (nat_lit 0))))
      (@OfNat.ofNat.{0} Real (nat_lit 0) (@Zero.toOfNat0.{0} Real Real.instZero)))
  (hzb :
    @Ne.{1} Real
      (z
        (@OfNat.ofNat.{0} (Fin (@OfNat.ofNat.{0} Nat (nat_lit 4) (instOfNatNat (nat_lit 4)))) (nat_lit 1)
          (@Fin.instOfNat (@OfNat.ofNat.{0} Nat (nat_lit 4) (instOfNatNat (nat_lit 4))) ⋯ (nat_lit 1))))
      (@OfNat.ofNat.{0} Real (nat_lit 0) (@Zero.toOfNat0.{0} Real Real.instZero)))
  (hzc :
    @Eq.{1} Real
      (z
        (@OfNat.ofNat.{0} (Fin (@OfNat.ofNat.{0} Nat (nat_lit 4) (instOfNatNat (nat_lit 4)))) (nat_lit 2)
          (@Fin.instOfNat (@OfNat.ofNat.{0} Nat (nat_lit 4) (instOfNatNat (nat_lit 4))) ⋯ (nat_lit 2))))
      (@OfNat.ofNat.{0} Real (nat_lit 0) (@Zero.toOfNat0.{0} Real Real.instZero)))
  (hzd :
    @Eq.{1} Real
      (z
        (@OfNat.ofNat.{0} (Fin (@OfNat.ofNat.{0} Nat (nat_lit 4) (instOfNatNat (nat_lit 4)))) (nat_lit 3)
          (@Fin.instOfNat (@OfNat.ofNat.{0} Nat (nat_lit 4) (instOfNatNat (nat_lit 4))) ⋯ (nat_lit 3))))
      (@OfNat.ofNat.{0} Real (nat_lit 0) (@Zero.toOfNat0.{0} Real Real.instZero))) :
  @Eq.{1} (NLA.IS02.Mat (@OfNat.ofNat.{0} Nat (nat_lit 4) (instOfNatNat (nat_lit 4)))) B
    (@NLA.IS02.permute (@OfNat.ofNat.{0} Nat (nat_lit 4) (instOfNatNat (nat_lit 4)))
      (@OfNat.ofNat.{0} (Equiv.Perm.{1} (Fin (@OfNat.ofNat.{0} Nat (nat_lit 4) (instOfNatNat (nat_lit 4))))) (nat_lit 1)
        (@One.toOfNat1.{0} (Equiv.Perm.{1} (Fin (@OfNat.ofNat.{0} Nat (nat_lit 4) (instOfNatNat (nat_lit 4)))))
          (@Equiv.Perm.instOne.{0} (Fin (@OfNat.ofNat.{0} Nat (nat_lit 4) (instOfNatNat (nat_lit 4)))))))
      NLA.IS02.counterexample)
'NLA.IS02.test_pair01' depends on axioms: [propext, Classical.choice.{u}, Quot.sound.{u}]
NLA.IS02.test_pair02 {B : NLA.IS02.Mat (@OfNat.ofNat.{0} Nat (nat_lit 4) (instOfNatNat (nat_lit 4)))}
  {z : Fin (@OfNat.ofNat.{0} Nat (nat_lit 4) (instOfNatNat (nat_lit 4))) → Real}
  (hm :
    @Membership.mem.{0, 0} (NLA.IS02.Mat (@OfNat.ofNat.{0} Nat (nat_lit 4) (instOfNatNat (nat_lit 4))))
      (Set.{0} (NLA.IS02.Mat (@OfNat.ofNat.{0} Nat (nat_lit 4) (instOfNatNat (nat_lit 4)))))
      (@Set.instMembership.{0} (NLA.IS02.Mat (@OfNat.ofNat.{0} Nat (nat_lit 4) (instOfNatNat (nat_lit 4)))))
      (NLA.IS02.symmetricStochastic (@OfNat.ofNat.{0} Nat (nat_lit 4) (instOfNatNat (nat_lit 4)))) B)
  (hquad :
    ∀ (i j : Fin (@OfNat.ofNat.{0} Nat (nat_lit 4) (instOfNatNat (nat_lit 4)))),
      @Eq.{1} Real
        (@HMul.hMul.{0, 0, 0} Real Real Real (@instHMul.{0} Real Real.instMul) (B i j)
          (@HPow.hPow.{0, 0, 0} Real Nat Real
            (@instHPow.{0, 0} Real Nat (@NPow.toPow.{0} Real (@Monoid.toNPow.{0} Real Real.instMonoid)))
            (@HAdd.hAdd.{0, 0, 0} Real Real Real (@instHAdd.{0} Real Real.instAdd) (z i) (z j))
            (@OfNat.ofNat.{0} Nat (nat_lit 2) (instOfNatNat (nat_lit 2)))))
        (@OfNat.ofNat.{0} Real (nat_lit 0) (@Zero.toOfNat0.{0} Real Real.instZero)))
  (htrace :
    @Eq.{1} Real (@NLA.IS02.trace (@OfNat.ofNat.{0} Nat (nat_lit 4) (instOfNatNat (nat_lit 4))) B)
      (@OfNat.ofNat.{0} Real (nat_lit 1) (@One.toOfNat1.{0} Real Real.instOne)))
  (hza :
    @Ne.{1} Real
      (z
        (@OfNat.ofNat.{0} (Fin (@OfNat.ofNat.{0} Nat (nat_lit 4) (instOfNatNat (nat_lit 4)))) (nat_lit 0)
          (@Fin.instOfNat (@OfNat.ofNat.{0} Nat (nat_lit 4) (instOfNatNat (nat_lit 4))) ⋯ (nat_lit 0))))
      (@OfNat.ofNat.{0} Real (nat_lit 0) (@Zero.toOfNat0.{0} Real Real.instZero)))
  (hzb :
    @Ne.{1} Real
      (z
        (@OfNat.ofNat.{0} (Fin (@OfNat.ofNat.{0} Nat (nat_lit 4) (instOfNatNat (nat_lit 4)))) (nat_lit 2)
          (@Fin.instOfNat (@OfNat.ofNat.{0} Nat (nat_lit 4) (instOfNatNat (nat_lit 4))) ⋯ (nat_lit 2))))
      (@OfNat.ofNat.{0} Real (nat_lit 0) (@Zero.toOfNat0.{0} Real Real.instZero)))
  (hzc :
    @Eq.{1} Real
      (z
        (@OfNat.ofNat.{0} (Fin (@OfNat.ofNat.{0} Nat (nat_lit 4) (instOfNatNat (nat_lit 4)))) (nat_lit 1)
          (@Fin.instOfNat (@OfNat.ofNat.{0} Nat (nat_lit 4) (instOfNatNat (nat_lit 4))) ⋯ (nat_lit 1))))
      (@OfNat.ofNat.{0} Real (nat_lit 0) (@Zero.toOfNat0.{0} Real Real.instZero)))
  (hzd :
    @Eq.{1} Real
      (z
        (@OfNat.ofNat.{0} (Fin (@OfNat.ofNat.{0} Nat (nat_lit 4) (instOfNatNat (nat_lit 4)))) (nat_lit 3)
          (@Fin.instOfNat (@OfNat.ofNat.{0} Nat (nat_lit 4) (instOfNatNat (nat_lit 4))) ⋯ (nat_lit 3))))
      (@OfNat.ofNat.{0} Real (nat_lit 0) (@Zero.toOfNat0.{0} Real Real.instZero))) :
  @Eq.{1} (NLA.IS02.Mat (@OfNat.ofNat.{0} Nat (nat_lit 4) (instOfNatNat (nat_lit 4)))) B
    (@NLA.IS02.permute (@OfNat.ofNat.{0} Nat (nat_lit 4) (instOfNatNat (nat_lit 4)))
      (@Equiv.swap.{1} (Fin (@OfNat.ofNat.{0} Nat (nat_lit 4) (instOfNatNat (nat_lit 4))))
        (instDecidableEqFin (@OfNat.ofNat.{0} Nat (nat_lit 4) (instOfNatNat (nat_lit 4))))
        (@OfNat.ofNat.{0} (Fin (@OfNat.ofNat.{0} Nat (nat_lit 4) (instOfNatNat (nat_lit 4)))) (nat_lit 1)
          (@Fin.instOfNat (@OfNat.ofNat.{0} Nat (nat_lit 4) (instOfNatNat (nat_lit 4))) ⋯ (nat_lit 1)))
        (@OfNat.ofNat.{0} (Fin (@OfNat.ofNat.{0} Nat (nat_lit 4) (instOfNatNat (nat_lit 4)))) (nat_lit 2)
          (@Fin.instOfNat (@OfNat.ofNat.{0} Nat (nat_lit 4) (instOfNatNat (nat_lit 4))) ⋯ (nat_lit 2))))
      NLA.IS02.counterexample)
'NLA.IS02.test_pair02' depends on axioms: [propext, Classical.choice.{u}, Quot.sound.{u}]
NLA.IS02.test_pair03 {B : NLA.IS02.Mat (@OfNat.ofNat.{0} Nat (nat_lit 4) (instOfNatNat (nat_lit 4)))}
  {z : Fin (@OfNat.ofNat.{0} Nat (nat_lit 4) (instOfNatNat (nat_lit 4))) → Real}
  (hm :
    @Membership.mem.{0, 0} (NLA.IS02.Mat (@OfNat.ofNat.{0} Nat (nat_lit 4) (instOfNatNat (nat_lit 4))))
      (Set.{0} (NLA.IS02.Mat (@OfNat.ofNat.{0} Nat (nat_lit 4) (instOfNatNat (nat_lit 4)))))
      (@Set.instMembership.{0} (NLA.IS02.Mat (@OfNat.ofNat.{0} Nat (nat_lit 4) (instOfNatNat (nat_lit 4)))))
      (NLA.IS02.symmetricStochastic (@OfNat.ofNat.{0} Nat (nat_lit 4) (instOfNatNat (nat_lit 4)))) B)
  (hquad :
    ∀ (i j : Fin (@OfNat.ofNat.{0} Nat (nat_lit 4) (instOfNatNat (nat_lit 4)))),
      @Eq.{1} Real
        (@HMul.hMul.{0, 0, 0} Real Real Real (@instHMul.{0} Real Real.instMul) (B i j)
          (@HPow.hPow.{0, 0, 0} Real Nat Real
            (@instHPow.{0, 0} Real Nat (@NPow.toPow.{0} Real (@Monoid.toNPow.{0} Real Real.instMonoid)))
            (@HAdd.hAdd.{0, 0, 0} Real Real Real (@instHAdd.{0} Real Real.instAdd) (z i) (z j))
            (@OfNat.ofNat.{0} Nat (nat_lit 2) (instOfNatNat (nat_lit 2)))))
        (@OfNat.ofNat.{0} Real (nat_lit 0) (@Zero.toOfNat0.{0} Real Real.instZero)))
  (htrace :
    @Eq.{1} Real (@NLA.IS02.trace (@OfNat.ofNat.{0} Nat (nat_lit 4) (instOfNatNat (nat_lit 4))) B)
      (@OfNat.ofNat.{0} Real (nat_lit 1) (@One.toOfNat1.{0} Real Real.instOne)))
  (hza :
    @Ne.{1} Real
      (z
        (@OfNat.ofNat.{0} (Fin (@OfNat.ofNat.{0} Nat (nat_lit 4) (instOfNatNat (nat_lit 4)))) (nat_lit 0)
          (@Fin.instOfNat (@OfNat.ofNat.{0} Nat (nat_lit 4) (instOfNatNat (nat_lit 4))) ⋯ (nat_lit 0))))
      (@OfNat.ofNat.{0} Real (nat_lit 0) (@Zero.toOfNat0.{0} Real Real.instZero)))
  (hzb :
    @Ne.{1} Real
      (z
        (@OfNat.ofNat.{0} (Fin (@OfNat.ofNat.{0} Nat (nat_lit 4) (instOfNatNat (nat_lit 4)))) (nat_lit 3)
          (@Fin.instOfNat (@OfNat.ofNat.{0} Nat (nat_lit 4) (instOfNatNat (nat_lit 4))) ⋯ (nat_lit 3))))
      (@OfNat.ofNat.{0} Real (nat_lit 0) (@Zero.toOfNat0.{0} Real Real.instZero)))
  (hzc :
    @Eq.{1} Real
      (z
        (@OfNat.ofNat.{0} (Fin (@OfNat.ofNat.{0} Nat (nat_lit 4) (instOfNatNat (nat_lit 4)))) (nat_lit 1)
          (@Fin.instOfNat (@OfNat.ofNat.{0} Nat (nat_lit 4) (instOfNatNat (nat_lit 4))) ⋯ (nat_lit 1))))
      (@OfNat.ofNat.{0} Real (nat_lit 0) (@Zero.toOfNat0.{0} Real Real.instZero)))
  (hzd :
    @Eq.{1} Real
      (z
        (@OfNat.ofNat.{0} (Fin (@OfNat.ofNat.{0} Nat (nat_lit 4) (instOfNatNat (nat_lit 4)))) (nat_lit 2)
          (@Fin.instOfNat (@OfNat.ofNat.{0} Nat (nat_lit 4) (instOfNatNat (nat_lit 4))) ⋯ (nat_lit 2))))
      (@OfNat.ofNat.{0} Real (nat_lit 0) (@Zero.toOfNat0.{0} Real Real.instZero))) :
  @Eq.{1} (NLA.IS02.Mat (@OfNat.ofNat.{0} Nat (nat_lit 4) (instOfNatNat (nat_lit 4)))) B
    (@NLA.IS02.permute (@OfNat.ofNat.{0} Nat (nat_lit 4) (instOfNatNat (nat_lit 4)))
      (@HMul.hMul.{0, 0, 0} (Equiv.Perm.{1} (Fin (@OfNat.ofNat.{0} Nat (nat_lit 4) (instOfNatNat (nat_lit 4)))))
        (Equiv.Perm.{1} (Fin (@OfNat.ofNat.{0} Nat (nat_lit 4) (instOfNatNat (nat_lit 4)))))
        (Equiv.Perm.{1} (Fin (@OfNat.ofNat.{0} Nat (nat_lit 4) (instOfNatNat (nat_lit 4)))))
        (@instHMul.{0} (Equiv.Perm.{1} (Fin (@OfNat.ofNat.{0} Nat (nat_lit 4) (instOfNatNat (nat_lit 4)))))
          (@Equiv.Perm.instMul.{0} (Fin (@OfNat.ofNat.{0} Nat (nat_lit 4) (instOfNatNat (nat_lit 4))))))
        (@Equiv.swap.{1} (Fin (@OfNat.ofNat.{0} Nat (nat_lit 4) (instOfNatNat (nat_lit 4))))
          (instDecidableEqFin (@OfNat.ofNat.{0} Nat (nat_lit 4) (instOfNatNat (nat_lit 4))))
          (@OfNat.ofNat.{0} (Fin (@OfNat.ofNat.{0} Nat (nat_lit 4) (instOfNatNat (nat_lit 4)))) (nat_lit 1)
            (@Fin.instOfNat (@OfNat.ofNat.{0} Nat (nat_lit 4) (instOfNatNat (nat_lit 4))) ⋯ (nat_lit 1)))
          (@OfNat.ofNat.{0} (Fin (@OfNat.ofNat.{0} Nat (nat_lit 4) (instOfNatNat (nat_lit 4)))) (nat_lit 3)
            (@Fin.instOfNat (@OfNat.ofNat.{0} Nat (nat_lit 4) (instOfNatNat (nat_lit 4))) ⋯ (nat_lit 3))))
        (@Equiv.swap.{1} (Fin (@OfNat.ofNat.{0} Nat (nat_lit 4) (instOfNatNat (nat_lit 4))))
          (instDecidableEqFin (@OfNat.ofNat.{0} Nat (nat_lit 4) (instOfNatNat (nat_lit 4))))
          (@OfNat.ofNat.{0} (Fin (@OfNat.ofNat.{0} Nat (nat_lit 4) (instOfNatNat (nat_lit 4)))) (nat_lit 1)
            (@Fin.instOfNat (@OfNat.ofNat.{0} Nat (nat_lit 4) (instOfNatNat (nat_lit 4))) ⋯ (nat_lit 1)))
          (@OfNat.ofNat.{0} (Fin (@OfNat.ofNat.{0} Nat (nat_lit 4) (instOfNatNat (nat_lit 4)))) (nat_lit 2)
            (@Fin.instOfNat (@OfNat.ofNat.{0} Nat (nat_lit 4) (instOfNatNat (nat_lit 4))) ⋯ (nat_lit 2)))))
      NLA.IS02.counterexample)
'NLA.IS02.test_pair03' depends on axioms: [propext, Classical.choice.{u}, Quot.sound.{u}]
NLA.IS02.test_pair12 {B : NLA.IS02.Mat (@OfNat.ofNat.{0} Nat (nat_lit 4) (instOfNatNat (nat_lit 4)))}
  {z : Fin (@OfNat.ofNat.{0} Nat (nat_lit 4) (instOfNatNat (nat_lit 4))) → Real}
  (hm :
    @Membership.mem.{0, 0} (NLA.IS02.Mat (@OfNat.ofNat.{0} Nat (nat_lit 4) (instOfNatNat (nat_lit 4))))
      (Set.{0} (NLA.IS02.Mat (@OfNat.ofNat.{0} Nat (nat_lit 4) (instOfNatNat (nat_lit 4)))))
      (@Set.instMembership.{0} (NLA.IS02.Mat (@OfNat.ofNat.{0} Nat (nat_lit 4) (instOfNatNat (nat_lit 4)))))
      (NLA.IS02.symmetricStochastic (@OfNat.ofNat.{0} Nat (nat_lit 4) (instOfNatNat (nat_lit 4)))) B)
  (hquad :
    ∀ (i j : Fin (@OfNat.ofNat.{0} Nat (nat_lit 4) (instOfNatNat (nat_lit 4)))),
      @Eq.{1} Real
        (@HMul.hMul.{0, 0, 0} Real Real Real (@instHMul.{0} Real Real.instMul) (B i j)
          (@HPow.hPow.{0, 0, 0} Real Nat Real
            (@instHPow.{0, 0} Real Nat (@NPow.toPow.{0} Real (@Monoid.toNPow.{0} Real Real.instMonoid)))
            (@HAdd.hAdd.{0, 0, 0} Real Real Real (@instHAdd.{0} Real Real.instAdd) (z i) (z j))
            (@OfNat.ofNat.{0} Nat (nat_lit 2) (instOfNatNat (nat_lit 2)))))
        (@OfNat.ofNat.{0} Real (nat_lit 0) (@Zero.toOfNat0.{0} Real Real.instZero)))
  (htrace :
    @Eq.{1} Real (@NLA.IS02.trace (@OfNat.ofNat.{0} Nat (nat_lit 4) (instOfNatNat (nat_lit 4))) B)
      (@OfNat.ofNat.{0} Real (nat_lit 1) (@One.toOfNat1.{0} Real Real.instOne)))
  (hza :
    @Ne.{1} Real
      (z
        (@OfNat.ofNat.{0} (Fin (@OfNat.ofNat.{0} Nat (nat_lit 4) (instOfNatNat (nat_lit 4)))) (nat_lit 1)
          (@Fin.instOfNat (@OfNat.ofNat.{0} Nat (nat_lit 4) (instOfNatNat (nat_lit 4))) ⋯ (nat_lit 1))))
      (@OfNat.ofNat.{0} Real (nat_lit 0) (@Zero.toOfNat0.{0} Real Real.instZero)))
  (hzb :
    @Ne.{1} Real
      (z
        (@OfNat.ofNat.{0} (Fin (@OfNat.ofNat.{0} Nat (nat_lit 4) (instOfNatNat (nat_lit 4)))) (nat_lit 2)
          (@Fin.instOfNat (@OfNat.ofNat.{0} Nat (nat_lit 4) (instOfNatNat (nat_lit 4))) ⋯ (nat_lit 2))))
      (@OfNat.ofNat.{0} Real (nat_lit 0) (@Zero.toOfNat0.{0} Real Real.instZero)))
  (hzc :
    @Eq.{1} Real
      (z
        (@OfNat.ofNat.{0} (Fin (@OfNat.ofNat.{0} Nat (nat_lit 4) (instOfNatNat (nat_lit 4)))) (nat_lit 0)
          (@Fin.instOfNat (@OfNat.ofNat.{0} Nat (nat_lit 4) (instOfNatNat (nat_lit 4))) ⋯ (nat_lit 0))))
      (@OfNat.ofNat.{0} Real (nat_lit 0) (@Zero.toOfNat0.{0} Real Real.instZero)))
  (hzd :
    @Eq.{1} Real
      (z
        (@OfNat.ofNat.{0} (Fin (@OfNat.ofNat.{0} Nat (nat_lit 4) (instOfNatNat (nat_lit 4)))) (nat_lit 3)
          (@Fin.instOfNat (@OfNat.ofNat.{0} Nat (nat_lit 4) (instOfNatNat (nat_lit 4))) ⋯ (nat_lit 3))))
      (@OfNat.ofNat.{0} Real (nat_lit 0) (@Zero.toOfNat0.{0} Real Real.instZero))) :
  @Eq.{1} (NLA.IS02.Mat (@OfNat.ofNat.{0} Nat (nat_lit 4) (instOfNatNat (nat_lit 4)))) B
    (@NLA.IS02.permute (@OfNat.ofNat.{0} Nat (nat_lit 4) (instOfNatNat (nat_lit 4)))
      (@HMul.hMul.{0, 0, 0} (Equiv.Perm.{1} (Fin (@OfNat.ofNat.{0} Nat (nat_lit 4) (instOfNatNat (nat_lit 4)))))
        (Equiv.Perm.{1} (Fin (@OfNat.ofNat.{0} Nat (nat_lit 4) (instOfNatNat (nat_lit 4)))))
        (Equiv.Perm.{1} (Fin (@OfNat.ofNat.{0} Nat (nat_lit 4) (instOfNatNat (nat_lit 4)))))
        (@instHMul.{0} (Equiv.Perm.{1} (Fin (@OfNat.ofNat.{0} Nat (nat_lit 4) (instOfNatNat (nat_lit 4)))))
          (@Equiv.Perm.instMul.{0} (Fin (@OfNat.ofNat.{0} Nat (nat_lit 4) (instOfNatNat (nat_lit 4))))))
        (@Equiv.swap.{1} (Fin (@OfNat.ofNat.{0} Nat (nat_lit 4) (instOfNatNat (nat_lit 4))))
          (instDecidableEqFin (@OfNat.ofNat.{0} Nat (nat_lit 4) (instOfNatNat (nat_lit 4))))
          (@OfNat.ofNat.{0} (Fin (@OfNat.ofNat.{0} Nat (nat_lit 4) (instOfNatNat (nat_lit 4)))) (nat_lit 1)
            (@Fin.instOfNat (@OfNat.ofNat.{0} Nat (nat_lit 4) (instOfNatNat (nat_lit 4))) ⋯ (nat_lit 1)))
          (@OfNat.ofNat.{0} (Fin (@OfNat.ofNat.{0} Nat (nat_lit 4) (instOfNatNat (nat_lit 4)))) (nat_lit 2)
            (@Fin.instOfNat (@OfNat.ofNat.{0} Nat (nat_lit 4) (instOfNatNat (nat_lit 4))) ⋯ (nat_lit 2))))
        (@Equiv.swap.{1} (Fin (@OfNat.ofNat.{0} Nat (nat_lit 4) (instOfNatNat (nat_lit 4))))
          (instDecidableEqFin (@OfNat.ofNat.{0} Nat (nat_lit 4) (instOfNatNat (nat_lit 4))))
          (@OfNat.ofNat.{0} (Fin (@OfNat.ofNat.{0} Nat (nat_lit 4) (instOfNatNat (nat_lit 4)))) (nat_lit 0)
            (@Fin.instOfNat (@OfNat.ofNat.{0} Nat (nat_lit 4) (instOfNatNat (nat_lit 4))) ⋯ (nat_lit 0)))
          (@OfNat.ofNat.{0} (Fin (@OfNat.ofNat.{0} Nat (nat_lit 4) (instOfNatNat (nat_lit 4)))) (nat_lit 1)
            (@Fin.instOfNat (@OfNat.ofNat.{0} Nat (nat_lit 4) (instOfNatNat (nat_lit 4))) ⋯ (nat_lit 1)))))
      NLA.IS02.counterexample)
'NLA.IS02.test_pair12' depends on axioms: [propext, Classical.choice.{u}, Quot.sound.{u}]
NLA.IS02.test_pair13 {B : NLA.IS02.Mat (@OfNat.ofNat.{0} Nat (nat_lit 4) (instOfNatNat (nat_lit 4)))}
  {z : Fin (@OfNat.ofNat.{0} Nat (nat_lit 4) (instOfNatNat (nat_lit 4))) → Real}
  (hm :
    @Membership.mem.{0, 0} (NLA.IS02.Mat (@OfNat.ofNat.{0} Nat (nat_lit 4) (instOfNatNat (nat_lit 4))))
      (Set.{0} (NLA.IS02.Mat (@OfNat.ofNat.{0} Nat (nat_lit 4) (instOfNatNat (nat_lit 4)))))
      (@Set.instMembership.{0} (NLA.IS02.Mat (@OfNat.ofNat.{0} Nat (nat_lit 4) (instOfNatNat (nat_lit 4)))))
      (NLA.IS02.symmetricStochastic (@OfNat.ofNat.{0} Nat (nat_lit 4) (instOfNatNat (nat_lit 4)))) B)
  (hquad :
    ∀ (i j : Fin (@OfNat.ofNat.{0} Nat (nat_lit 4) (instOfNatNat (nat_lit 4)))),
      @Eq.{1} Real
        (@HMul.hMul.{0, 0, 0} Real Real Real (@instHMul.{0} Real Real.instMul) (B i j)
          (@HPow.hPow.{0, 0, 0} Real Nat Real
            (@instHPow.{0, 0} Real Nat (@NPow.toPow.{0} Real (@Monoid.toNPow.{0} Real Real.instMonoid)))
            (@HAdd.hAdd.{0, 0, 0} Real Real Real (@instHAdd.{0} Real Real.instAdd) (z i) (z j))
            (@OfNat.ofNat.{0} Nat (nat_lit 2) (instOfNatNat (nat_lit 2)))))
        (@OfNat.ofNat.{0} Real (nat_lit 0) (@Zero.toOfNat0.{0} Real Real.instZero)))
  (htrace :
    @Eq.{1} Real (@NLA.IS02.trace (@OfNat.ofNat.{0} Nat (nat_lit 4) (instOfNatNat (nat_lit 4))) B)
      (@OfNat.ofNat.{0} Real (nat_lit 1) (@One.toOfNat1.{0} Real Real.instOne)))
  (hza :
    @Ne.{1} Real
      (z
        (@OfNat.ofNat.{0} (Fin (@OfNat.ofNat.{0} Nat (nat_lit 4) (instOfNatNat (nat_lit 4)))) (nat_lit 1)
          (@Fin.instOfNat (@OfNat.ofNat.{0} Nat (nat_lit 4) (instOfNatNat (nat_lit 4))) ⋯ (nat_lit 1))))
      (@OfNat.ofNat.{0} Real (nat_lit 0) (@Zero.toOfNat0.{0} Real Real.instZero)))
  (hzb :
    @Ne.{1} Real
      (z
        (@OfNat.ofNat.{0} (Fin (@OfNat.ofNat.{0} Nat (nat_lit 4) (instOfNatNat (nat_lit 4)))) (nat_lit 3)
          (@Fin.instOfNat (@OfNat.ofNat.{0} Nat (nat_lit 4) (instOfNatNat (nat_lit 4))) ⋯ (nat_lit 3))))
      (@OfNat.ofNat.{0} Real (nat_lit 0) (@Zero.toOfNat0.{0} Real Real.instZero)))
  (hzc :
    @Eq.{1} Real
      (z
        (@OfNat.ofNat.{0} (Fin (@OfNat.ofNat.{0} Nat (nat_lit 4) (instOfNatNat (nat_lit 4)))) (nat_lit 0)
          (@Fin.instOfNat (@OfNat.ofNat.{0} Nat (nat_lit 4) (instOfNatNat (nat_lit 4))) ⋯ (nat_lit 0))))
      (@OfNat.ofNat.{0} Real (nat_lit 0) (@Zero.toOfNat0.{0} Real Real.instZero)))
  (hzd :
    @Eq.{1} Real
      (z
        (@OfNat.ofNat.{0} (Fin (@OfNat.ofNat.{0} Nat (nat_lit 4) (instOfNatNat (nat_lit 4)))) (nat_lit 2)
          (@Fin.instOfNat (@OfNat.ofNat.{0} Nat (nat_lit 4) (instOfNatNat (nat_lit 4))) ⋯ (nat_lit 2))))
      (@OfNat.ofNat.{0} Real (nat_lit 0) (@Zero.toOfNat0.{0} Real Real.instZero))) :
  @Eq.{1} (NLA.IS02.Mat (@OfNat.ofNat.{0} Nat (nat_lit 4) (instOfNatNat (nat_lit 4)))) B
    (@NLA.IS02.permute (@OfNat.ofNat.{0} Nat (nat_lit 4) (instOfNatNat (nat_lit 4)))
      (@HMul.hMul.{0, 0, 0} (Equiv.Perm.{1} (Fin (@OfNat.ofNat.{0} Nat (nat_lit 4) (instOfNatNat (nat_lit 4)))))
        (Equiv.Perm.{1} (Fin (@OfNat.ofNat.{0} Nat (nat_lit 4) (instOfNatNat (nat_lit 4)))))
        (Equiv.Perm.{1} (Fin (@OfNat.ofNat.{0} Nat (nat_lit 4) (instOfNatNat (nat_lit 4)))))
        (@instHMul.{0} (Equiv.Perm.{1} (Fin (@OfNat.ofNat.{0} Nat (nat_lit 4) (instOfNatNat (nat_lit 4)))))
          (@Equiv.Perm.instMul.{0} (Fin (@OfNat.ofNat.{0} Nat (nat_lit 4) (instOfNatNat (nat_lit 4))))))
        (@HMul.hMul.{0, 0, 0} (Equiv.Perm.{1} (Fin (@OfNat.ofNat.{0} Nat (nat_lit 4) (instOfNatNat (nat_lit 4)))))
          (Equiv.Perm.{1} (Fin (@OfNat.ofNat.{0} Nat (nat_lit 4) (instOfNatNat (nat_lit 4)))))
          (Equiv.Perm.{1} (Fin (@OfNat.ofNat.{0} Nat (nat_lit 4) (instOfNatNat (nat_lit 4)))))
          (@instHMul.{0} (Equiv.Perm.{1} (Fin (@OfNat.ofNat.{0} Nat (nat_lit 4) (instOfNatNat (nat_lit 4)))))
            (@Equiv.Perm.instMul.{0} (Fin (@OfNat.ofNat.{0} Nat (nat_lit 4) (instOfNatNat (nat_lit 4))))))
          (@Equiv.swap.{1} (Fin (@OfNat.ofNat.{0} Nat (nat_lit 4) (instOfNatNat (nat_lit 4))))
            (instDecidableEqFin (@OfNat.ofNat.{0} Nat (nat_lit 4) (instOfNatNat (nat_lit 4))))
            (@OfNat.ofNat.{0} (Fin (@OfNat.ofNat.{0} Nat (nat_lit 4) (instOfNatNat (nat_lit 4)))) (nat_lit 1)
              (@Fin.instOfNat (@OfNat.ofNat.{0} Nat (nat_lit 4) (instOfNatNat (nat_lit 4))) ⋯ (nat_lit 1)))
            (@OfNat.ofNat.{0} (Fin (@OfNat.ofNat.{0} Nat (nat_lit 4) (instOfNatNat (nat_lit 4)))) (nat_lit 3)
              (@Fin.instOfNat (@OfNat.ofNat.{0} Nat (nat_lit 4) (instOfNatNat (nat_lit 4))) ⋯ (nat_lit 3))))
          (@Equiv.swap.{1} (Fin (@OfNat.ofNat.{0} Nat (nat_lit 4) (instOfNatNat (nat_lit 4))))
            (instDecidableEqFin (@OfNat.ofNat.{0} Nat (nat_lit 4) (instOfNatNat (nat_lit 4))))
            (@OfNat.ofNat.{0} (Fin (@OfNat.ofNat.{0} Nat (nat_lit 4) (instOfNatNat (nat_lit 4)))) (nat_lit 1)
              (@Fin.instOfNat (@OfNat.ofNat.{0} Nat (nat_lit 4) (instOfNatNat (nat_lit 4))) ⋯ (nat_lit 1)))
            (@OfNat.ofNat.{0} (Fin (@OfNat.ofNat.{0} Nat (nat_lit 4) (instOfNatNat (nat_lit 4)))) (nat_lit 2)
              (@Fin.instOfNat (@OfNat.ofNat.{0} Nat (nat_lit 4) (instOfNatNat (nat_lit 4))) ⋯ (nat_lit 2)))))
        (@Equiv.swap.{1} (Fin (@OfNat.ofNat.{0} Nat (nat_lit 4) (instOfNatNat (nat_lit 4))))
          (instDecidableEqFin (@OfNat.ofNat.{0} Nat (nat_lit 4) (instOfNatNat (nat_lit 4))))
          (@OfNat.ofNat.{0} (Fin (@OfNat.ofNat.{0} Nat (nat_lit 4) (instOfNatNat (nat_lit 4)))) (nat_lit 0)
            (@Fin.instOfNat (@OfNat.ofNat.{0} Nat (nat_lit 4) (instOfNatNat (nat_lit 4))) ⋯ (nat_lit 0)))
          (@OfNat.ofNat.{0} (Fin (@OfNat.ofNat.{0} Nat (nat_lit 4) (instOfNatNat (nat_lit 4)))) (nat_lit 1)
            (@Fin.instOfNat (@OfNat.ofNat.{0} Nat (nat_lit 4) (instOfNatNat (nat_lit 4))) ⋯ (nat_lit 1)))))
      NLA.IS02.counterexample)
'NLA.IS02.test_pair13' depends on axioms: [propext, Classical.choice.{u}, Quot.sound.{u}]
NLA.IS02.test_pair23 {B : NLA.IS02.Mat (@OfNat.ofNat.{0} Nat (nat_lit 4) (instOfNatNat (nat_lit 4)))}
  {z : Fin (@OfNat.ofNat.{0} Nat (nat_lit 4) (instOfNatNat (nat_lit 4))) → Real}
  (hm :
    @Membership.mem.{0, 0} (NLA.IS02.Mat (@OfNat.ofNat.{0} Nat (nat_lit 4) (instOfNatNat (nat_lit 4))))
      (Set.{0} (NLA.IS02.Mat (@OfNat.ofNat.{0} Nat (nat_lit 4) (instOfNatNat (nat_lit 4)))))
      (@Set.instMembership.{0} (NLA.IS02.Mat (@OfNat.ofNat.{0} Nat (nat_lit 4) (instOfNatNat (nat_lit 4)))))
      (NLA.IS02.symmetricStochastic (@OfNat.ofNat.{0} Nat (nat_lit 4) (instOfNatNat (nat_lit 4)))) B)
  (hquad :
    ∀ (i j : Fin (@OfNat.ofNat.{0} Nat (nat_lit 4) (instOfNatNat (nat_lit 4)))),
      @Eq.{1} Real
        (@HMul.hMul.{0, 0, 0} Real Real Real (@instHMul.{0} Real Real.instMul) (B i j)
          (@HPow.hPow.{0, 0, 0} Real Nat Real
            (@instHPow.{0, 0} Real Nat (@NPow.toPow.{0} Real (@Monoid.toNPow.{0} Real Real.instMonoid)))
            (@HAdd.hAdd.{0, 0, 0} Real Real Real (@instHAdd.{0} Real Real.instAdd) (z i) (z j))
            (@OfNat.ofNat.{0} Nat (nat_lit 2) (instOfNatNat (nat_lit 2)))))
        (@OfNat.ofNat.{0} Real (nat_lit 0) (@Zero.toOfNat0.{0} Real Real.instZero)))
  (htrace :
    @Eq.{1} Real (@NLA.IS02.trace (@OfNat.ofNat.{0} Nat (nat_lit 4) (instOfNatNat (nat_lit 4))) B)
      (@OfNat.ofNat.{0} Real (nat_lit 1) (@One.toOfNat1.{0} Real Real.instOne)))
  (hza :
    @Ne.{1} Real
      (z
        (@OfNat.ofNat.{0} (Fin (@OfNat.ofNat.{0} Nat (nat_lit 4) (instOfNatNat (nat_lit 4)))) (nat_lit 2)
          (@Fin.instOfNat (@OfNat.ofNat.{0} Nat (nat_lit 4) (instOfNatNat (nat_lit 4))) ⋯ (nat_lit 2))))
      (@OfNat.ofNat.{0} Real (nat_lit 0) (@Zero.toOfNat0.{0} Real Real.instZero)))
  (hzb :
    @Ne.{1} Real
      (z
        (@OfNat.ofNat.{0} (Fin (@OfNat.ofNat.{0} Nat (nat_lit 4) (instOfNatNat (nat_lit 4)))) (nat_lit 3)
          (@Fin.instOfNat (@OfNat.ofNat.{0} Nat (nat_lit 4) (instOfNatNat (nat_lit 4))) ⋯ (nat_lit 3))))
      (@OfNat.ofNat.{0} Real (nat_lit 0) (@Zero.toOfNat0.{0} Real Real.instZero)))
  (hzc :
    @Eq.{1} Real
      (z
        (@OfNat.ofNat.{0} (Fin (@OfNat.ofNat.{0} Nat (nat_lit 4) (instOfNatNat (nat_lit 4)))) (nat_lit 0)
          (@Fin.instOfNat (@OfNat.ofNat.{0} Nat (nat_lit 4) (instOfNatNat (nat_lit 4))) ⋯ (nat_lit 0))))
      (@OfNat.ofNat.{0} Real (nat_lit 0) (@Zero.toOfNat0.{0} Real Real.instZero)))
  (hzd :
    @Eq.{1} Real
      (z
        (@OfNat.ofNat.{0} (Fin (@OfNat.ofNat.{0} Nat (nat_lit 4) (instOfNatNat (nat_lit 4)))) (nat_lit 1)
          (@Fin.instOfNat (@OfNat.ofNat.{0} Nat (nat_lit 4) (instOfNatNat (nat_lit 4))) ⋯ (nat_lit 1))))
      (@OfNat.ofNat.{0} Real (nat_lit 0) (@Zero.toOfNat0.{0} Real Real.instZero))) :
  @Eq.{1} (NLA.IS02.Mat (@OfNat.ofNat.{0} Nat (nat_lit 4) (instOfNatNat (nat_lit 4)))) B
    (@NLA.IS02.permute (@OfNat.ofNat.{0} Nat (nat_lit 4) (instOfNatNat (nat_lit 4)))
      (@HMul.hMul.{0, 0, 0} (Equiv.Perm.{1} (Fin (@OfNat.ofNat.{0} Nat (nat_lit 4) (instOfNatNat (nat_lit 4)))))
        (Equiv.Perm.{1} (Fin (@OfNat.ofNat.{0} Nat (nat_lit 4) (instOfNatNat (nat_lit 4)))))
        (Equiv.Perm.{1} (Fin (@OfNat.ofNat.{0} Nat (nat_lit 4) (instOfNatNat (nat_lit 4)))))
        (@instHMul.{0} (Equiv.Perm.{1} (Fin (@OfNat.ofNat.{0} Nat (nat_lit 4) (instOfNatNat (nat_lit 4)))))
          (@Equiv.Perm.instMul.{0} (Fin (@OfNat.ofNat.{0} Nat (nat_lit 4) (instOfNatNat (nat_lit 4))))))
        (@Equiv.swap.{1} (Fin (@OfNat.ofNat.{0} Nat (nat_lit 4) (instOfNatNat (nat_lit 4))))
          (instDecidableEqFin (@OfNat.ofNat.{0} Nat (nat_lit 4) (instOfNatNat (nat_lit 4))))
          (@OfNat.ofNat.{0} (Fin (@OfNat.ofNat.{0} Nat (nat_lit 4) (instOfNatNat (nat_lit 4)))) (nat_lit 1)
            (@Fin.instOfNat (@OfNat.ofNat.{0} Nat (nat_lit 4) (instOfNatNat (nat_lit 4))) ⋯ (nat_lit 1)))
          (@OfNat.ofNat.{0} (Fin (@OfNat.ofNat.{0} Nat (nat_lit 4) (instOfNatNat (nat_lit 4)))) (nat_lit 3)
            (@Fin.instOfNat (@OfNat.ofNat.{0} Nat (nat_lit 4) (instOfNatNat (nat_lit 4))) ⋯ (nat_lit 3))))
        (@Equiv.swap.{1} (Fin (@OfNat.ofNat.{0} Nat (nat_lit 4) (instOfNatNat (nat_lit 4))))
          (instDecidableEqFin (@OfNat.ofNat.{0} Nat (nat_lit 4) (instOfNatNat (nat_lit 4))))
          (@OfNat.ofNat.{0} (Fin (@OfNat.ofNat.{0} Nat (nat_lit 4) (instOfNatNat (nat_lit 4)))) (nat_lit 0)
            (@Fin.instOfNat (@OfNat.ofNat.{0} Nat (nat_lit 4) (instOfNatNat (nat_lit 4))) ⋯ (nat_lit 0)))
          (@OfNat.ofNat.{0} (Fin (@OfNat.ofNat.{0} Nat (nat_lit 4) (instOfNatNat (nat_lit 4)))) (nat_lit 2)
            (@Fin.instOfNat (@OfNat.ofNat.{0} Nat (nat_lit 4) (instOfNatNat (nat_lit 4))) ⋯ (nat_lit 2)))))
      NLA.IS02.counterexample)
'NLA.IS02.test_pair23' depends on axioms: [propext, Classical.choice.{u}, Quot.sound.{u}]
NLA.IS02.test_single0 {B : NLA.IS02.Mat (@OfNat.ofNat.{0} Nat (nat_lit 4) (instOfNatNat (nat_lit 4)))}
  {z : Fin (@OfNat.ofNat.{0} Nat (nat_lit 4) (instOfNatNat (nat_lit 4))) → Real}
  (hm :
    @Membership.mem.{0, 0} (NLA.IS02.Mat (@OfNat.ofNat.{0} Nat (nat_lit 4) (instOfNatNat (nat_lit 4))))
      (Set.{0} (NLA.IS02.Mat (@OfNat.ofNat.{0} Nat (nat_lit 4) (instOfNatNat (nat_lit 4)))))
      (@Set.instMembership.{0} (NLA.IS02.Mat (@OfNat.ofNat.{0} Nat (nat_lit 4) (instOfNatNat (nat_lit 4)))))
      (NLA.IS02.symmetricStochastic (@OfNat.ofNat.{0} Nat (nat_lit 4) (instOfNatNat (nat_lit 4)))) B)
  (hquad :
    ∀ (i j : Fin (@OfNat.ofNat.{0} Nat (nat_lit 4) (instOfNatNat (nat_lit 4)))),
      @Eq.{1} Real
        (@HMul.hMul.{0, 0, 0} Real Real Real (@instHMul.{0} Real Real.instMul) (B i j)
          (@HPow.hPow.{0, 0, 0} Real Nat Real
            (@instHPow.{0, 0} Real Nat (@NPow.toPow.{0} Real (@Monoid.toNPow.{0} Real Real.instMonoid)))
            (@HAdd.hAdd.{0, 0, 0} Real Real Real (@instHAdd.{0} Real Real.instAdd) (z i) (z j))
            (@OfNat.ofNat.{0} Nat (nat_lit 2) (instOfNatNat (nat_lit 2)))))
        (@OfNat.ofNat.{0} Real (nat_lit 0) (@Zero.toOfNat0.{0} Real Real.instZero)))
  (h0 :
    @Ne.{1} Real
      (z
        (@OfNat.ofNat.{0} (Fin (@OfNat.ofNat.{0} Nat (nat_lit 4) (instOfNatNat (nat_lit 4)))) (nat_lit 0)
          (@Fin.instOfNat (@OfNat.ofNat.{0} Nat (nat_lit 4) (instOfNatNat (nat_lit 4))) ⋯ (nat_lit 0))))
      (@OfNat.ofNat.{0} Real (nat_lit 0) (@Zero.toOfNat0.{0} Real Real.instZero)))
  (h1 :
    @Eq.{1} Real
      (z
        (@OfNat.ofNat.{0} (Fin (@OfNat.ofNat.{0} Nat (nat_lit 4) (instOfNatNat (nat_lit 4)))) (nat_lit 1)
          (@Fin.instOfNat (@OfNat.ofNat.{0} Nat (nat_lit 4) (instOfNatNat (nat_lit 4))) ⋯ (nat_lit 1))))
      (@OfNat.ofNat.{0} Real (nat_lit 0) (@Zero.toOfNat0.{0} Real Real.instZero)))
  (h2 :
    @Eq.{1} Real
      (z
        (@OfNat.ofNat.{0} (Fin (@OfNat.ofNat.{0} Nat (nat_lit 4) (instOfNatNat (nat_lit 4)))) (nat_lit 2)
          (@Fin.instOfNat (@OfNat.ofNat.{0} Nat (nat_lit 4) (instOfNatNat (nat_lit 4))) ⋯ (nat_lit 2))))
      (@OfNat.ofNat.{0} Real (nat_lit 0) (@Zero.toOfNat0.{0} Real Real.instZero)))
  (h3 :
    @Eq.{1} Real
      (z
        (@OfNat.ofNat.{0} (Fin (@OfNat.ofNat.{0} Nat (nat_lit 4) (instOfNatNat (nat_lit 4)))) (nat_lit 3)
          (@Fin.instOfNat (@OfNat.ofNat.{0} Nat (nat_lit 4) (instOfNatNat (nat_lit 4))) ⋯ (nat_lit 3))))
      (@OfNat.ofNat.{0} Real (nat_lit 0) (@Zero.toOfNat0.{0} Real Real.instZero))) :
  False
'NLA.IS02.test_single0' depends on axioms: [propext, Classical.choice.{u}, Quot.sound.{u}]
NLA.IS02.test_single1 {B : NLA.IS02.Mat (@OfNat.ofNat.{0} Nat (nat_lit 4) (instOfNatNat (nat_lit 4)))}
  {z : Fin (@OfNat.ofNat.{0} Nat (nat_lit 4) (instOfNatNat (nat_lit 4))) → Real}
  (hm :
    @Membership.mem.{0, 0} (NLA.IS02.Mat (@OfNat.ofNat.{0} Nat (nat_lit 4) (instOfNatNat (nat_lit 4))))
      (Set.{0} (NLA.IS02.Mat (@OfNat.ofNat.{0} Nat (nat_lit 4) (instOfNatNat (nat_lit 4)))))
      (@Set.instMembership.{0} (NLA.IS02.Mat (@OfNat.ofNat.{0} Nat (nat_lit 4) (instOfNatNat (nat_lit 4)))))
      (NLA.IS02.symmetricStochastic (@OfNat.ofNat.{0} Nat (nat_lit 4) (instOfNatNat (nat_lit 4)))) B)
  (hquad :
    ∀ (i j : Fin (@OfNat.ofNat.{0} Nat (nat_lit 4) (instOfNatNat (nat_lit 4)))),
      @Eq.{1} Real
        (@HMul.hMul.{0, 0, 0} Real Real Real (@instHMul.{0} Real Real.instMul) (B i j)
          (@HPow.hPow.{0, 0, 0} Real Nat Real
            (@instHPow.{0, 0} Real Nat (@NPow.toPow.{0} Real (@Monoid.toNPow.{0} Real Real.instMonoid)))
            (@HAdd.hAdd.{0, 0, 0} Real Real Real (@instHAdd.{0} Real Real.instAdd) (z i) (z j))
            (@OfNat.ofNat.{0} Nat (nat_lit 2) (instOfNatNat (nat_lit 2)))))
        (@OfNat.ofNat.{0} Real (nat_lit 0) (@Zero.toOfNat0.{0} Real Real.instZero)))
  (h0 :
    @Eq.{1} Real
      (z
        (@OfNat.ofNat.{0} (Fin (@OfNat.ofNat.{0} Nat (nat_lit 4) (instOfNatNat (nat_lit 4)))) (nat_lit 0)
          (@Fin.instOfNat (@OfNat.ofNat.{0} Nat (nat_lit 4) (instOfNatNat (nat_lit 4))) ⋯ (nat_lit 0))))
      (@OfNat.ofNat.{0} Real (nat_lit 0) (@Zero.toOfNat0.{0} Real Real.instZero)))
  (h1 :
    @Ne.{1} Real
      (z
        (@OfNat.ofNat.{0} (Fin (@OfNat.ofNat.{0} Nat (nat_lit 4) (instOfNatNat (nat_lit 4)))) (nat_lit 1)
          (@Fin.instOfNat (@OfNat.ofNat.{0} Nat (nat_lit 4) (instOfNatNat (nat_lit 4))) ⋯ (nat_lit 1))))
      (@OfNat.ofNat.{0} Real (nat_lit 0) (@Zero.toOfNat0.{0} Real Real.instZero)))
  (h2 :
    @Eq.{1} Real
      (z
        (@OfNat.ofNat.{0} (Fin (@OfNat.ofNat.{0} Nat (nat_lit 4) (instOfNatNat (nat_lit 4)))) (nat_lit 2)
          (@Fin.instOfNat (@OfNat.ofNat.{0} Nat (nat_lit 4) (instOfNatNat (nat_lit 4))) ⋯ (nat_lit 2))))
      (@OfNat.ofNat.{0} Real (nat_lit 0) (@Zero.toOfNat0.{0} Real Real.instZero)))
  (h3 :
    @Eq.{1} Real
      (z
        (@OfNat.ofNat.{0} (Fin (@OfNat.ofNat.{0} Nat (nat_lit 4) (instOfNatNat (nat_lit 4)))) (nat_lit 3)
          (@Fin.instOfNat (@OfNat.ofNat.{0} Nat (nat_lit 4) (instOfNatNat (nat_lit 4))) ⋯ (nat_lit 3))))
      (@OfNat.ofNat.{0} Real (nat_lit 0) (@Zero.toOfNat0.{0} Real Real.instZero))) :
  False
'NLA.IS02.test_single1' depends on axioms: [propext, Classical.choice.{u}, Quot.sound.{u}]
NLA.IS02.test_single2 {B : NLA.IS02.Mat (@OfNat.ofNat.{0} Nat (nat_lit 4) (instOfNatNat (nat_lit 4)))}
  {z : Fin (@OfNat.ofNat.{0} Nat (nat_lit 4) (instOfNatNat (nat_lit 4))) → Real}
  (hm :
    @Membership.mem.{0, 0} (NLA.IS02.Mat (@OfNat.ofNat.{0} Nat (nat_lit 4) (instOfNatNat (nat_lit 4))))
      (Set.{0} (NLA.IS02.Mat (@OfNat.ofNat.{0} Nat (nat_lit 4) (instOfNatNat (nat_lit 4)))))
      (@Set.instMembership.{0} (NLA.IS02.Mat (@OfNat.ofNat.{0} Nat (nat_lit 4) (instOfNatNat (nat_lit 4)))))
      (NLA.IS02.symmetricStochastic (@OfNat.ofNat.{0} Nat (nat_lit 4) (instOfNatNat (nat_lit 4)))) B)
  (hquad :
    ∀ (i j : Fin (@OfNat.ofNat.{0} Nat (nat_lit 4) (instOfNatNat (nat_lit 4)))),
      @Eq.{1} Real
        (@HMul.hMul.{0, 0, 0} Real Real Real (@instHMul.{0} Real Real.instMul) (B i j)
          (@HPow.hPow.{0, 0, 0} Real Nat Real
            (@instHPow.{0, 0} Real Nat (@NPow.toPow.{0} Real (@Monoid.toNPow.{0} Real Real.instMonoid)))
            (@HAdd.hAdd.{0, 0, 0} Real Real Real (@instHAdd.{0} Real Real.instAdd) (z i) (z j))
            (@OfNat.ofNat.{0} Nat (nat_lit 2) (instOfNatNat (nat_lit 2)))))
        (@OfNat.ofNat.{0} Real (nat_lit 0) (@Zero.toOfNat0.{0} Real Real.instZero)))
  (h0 :
    @Eq.{1} Real
      (z
        (@OfNat.ofNat.{0} (Fin (@OfNat.ofNat.{0} Nat (nat_lit 4) (instOfNatNat (nat_lit 4)))) (nat_lit 0)
          (@Fin.instOfNat (@OfNat.ofNat.{0} Nat (nat_lit 4) (instOfNatNat (nat_lit 4))) ⋯ (nat_lit 0))))
      (@OfNat.ofNat.{0} Real (nat_lit 0) (@Zero.toOfNat0.{0} Real Real.instZero)))
  (h1 :
    @Eq.{1} Real
      (z
        (@OfNat.ofNat.{0} (Fin (@OfNat.ofNat.{0} Nat (nat_lit 4) (instOfNatNat (nat_lit 4)))) (nat_lit 1)
          (@Fin.instOfNat (@OfNat.ofNat.{0} Nat (nat_lit 4) (instOfNatNat (nat_lit 4))) ⋯ (nat_lit 1))))
      (@OfNat.ofNat.{0} Real (nat_lit 0) (@Zero.toOfNat0.{0} Real Real.instZero)))
  (h2 :
    @Ne.{1} Real
      (z
        (@OfNat.ofNat.{0} (Fin (@OfNat.ofNat.{0} Nat (nat_lit 4) (instOfNatNat (nat_lit 4)))) (nat_lit 2)
          (@Fin.instOfNat (@OfNat.ofNat.{0} Nat (nat_lit 4) (instOfNatNat (nat_lit 4))) ⋯ (nat_lit 2))))
      (@OfNat.ofNat.{0} Real (nat_lit 0) (@Zero.toOfNat0.{0} Real Real.instZero)))
  (h3 :
    @Eq.{1} Real
      (z
        (@OfNat.ofNat.{0} (Fin (@OfNat.ofNat.{0} Nat (nat_lit 4) (instOfNatNat (nat_lit 4)))) (nat_lit 3)
          (@Fin.instOfNat (@OfNat.ofNat.{0} Nat (nat_lit 4) (instOfNatNat (nat_lit 4))) ⋯ (nat_lit 3))))
      (@OfNat.ofNat.{0} Real (nat_lit 0) (@Zero.toOfNat0.{0} Real Real.instZero))) :
  False
'NLA.IS02.test_single2' depends on axioms: [propext, Classical.choice.{u}, Quot.sound.{u}]
NLA.IS02.test_single3 {B : NLA.IS02.Mat (@OfNat.ofNat.{0} Nat (nat_lit 4) (instOfNatNat (nat_lit 4)))}
  {z : Fin (@OfNat.ofNat.{0} Nat (nat_lit 4) (instOfNatNat (nat_lit 4))) → Real}
  (hm :
    @Membership.mem.{0, 0} (NLA.IS02.Mat (@OfNat.ofNat.{0} Nat (nat_lit 4) (instOfNatNat (nat_lit 4))))
      (Set.{0} (NLA.IS02.Mat (@OfNat.ofNat.{0} Nat (nat_lit 4) (instOfNatNat (nat_lit 4)))))
      (@Set.instMembership.{0} (NLA.IS02.Mat (@OfNat.ofNat.{0} Nat (nat_lit 4) (instOfNatNat (nat_lit 4)))))
      (NLA.IS02.symmetricStochastic (@OfNat.ofNat.{0} Nat (nat_lit 4) (instOfNatNat (nat_lit 4)))) B)
  (hquad :
    ∀ (i j : Fin (@OfNat.ofNat.{0} Nat (nat_lit 4) (instOfNatNat (nat_lit 4)))),
      @Eq.{1} Real
        (@HMul.hMul.{0, 0, 0} Real Real Real (@instHMul.{0} Real Real.instMul) (B i j)
          (@HPow.hPow.{0, 0, 0} Real Nat Real
            (@instHPow.{0, 0} Real Nat (@NPow.toPow.{0} Real (@Monoid.toNPow.{0} Real Real.instMonoid)))
            (@HAdd.hAdd.{0, 0, 0} Real Real Real (@instHAdd.{0} Real Real.instAdd) (z i) (z j))
            (@OfNat.ofNat.{0} Nat (nat_lit 2) (instOfNatNat (nat_lit 2)))))
        (@OfNat.ofNat.{0} Real (nat_lit 0) (@Zero.toOfNat0.{0} Real Real.instZero)))
  (h0 :
    @Eq.{1} Real
      (z
        (@OfNat.ofNat.{0} (Fin (@OfNat.ofNat.{0} Nat (nat_lit 4) (instOfNatNat (nat_lit 4)))) (nat_lit 0)
          (@Fin.instOfNat (@OfNat.ofNat.{0} Nat (nat_lit 4) (instOfNatNat (nat_lit 4))) ⋯ (nat_lit 0))))
      (@OfNat.ofNat.{0} Real (nat_lit 0) (@Zero.toOfNat0.{0} Real Real.instZero)))
  (h1 :
    @Eq.{1} Real
      (z
        (@OfNat.ofNat.{0} (Fin (@OfNat.ofNat.{0} Nat (nat_lit 4) (instOfNatNat (nat_lit 4)))) (nat_lit 1)
          (@Fin.instOfNat (@OfNat.ofNat.{0} Nat (nat_lit 4) (instOfNatNat (nat_lit 4))) ⋯ (nat_lit 1))))
      (@OfNat.ofNat.{0} Real (nat_lit 0) (@Zero.toOfNat0.{0} Real Real.instZero)))
  (h2 :
    @Eq.{1} Real
      (z
        (@OfNat.ofNat.{0} (Fin (@OfNat.ofNat.{0} Nat (nat_lit 4) (instOfNatNat (nat_lit 4)))) (nat_lit 2)
          (@Fin.instOfNat (@OfNat.ofNat.{0} Nat (nat_lit 4) (instOfNatNat (nat_lit 4))) ⋯ (nat_lit 2))))
      (@OfNat.ofNat.{0} Real (nat_lit 0) (@Zero.toOfNat0.{0} Real Real.instZero)))
  (h3 :
    @Ne.{1} Real
      (z
        (@OfNat.ofNat.{0} (Fin (@OfNat.ofNat.{0} Nat (nat_lit 4) (instOfNatNat (nat_lit 4)))) (nat_lit 3)
          (@Fin.instOfNat (@OfNat.ofNat.{0} Nat (nat_lit 4) (instOfNatNat (nat_lit 4))) ⋯ (nat_lit 3))))
      (@OfNat.ofNat.{0} Real (nat_lit 0) (@Zero.toOfNat0.{0} Real Real.instZero))) :
  False
'NLA.IS02.test_single3' depends on axioms: [propext, Classical.choice.{u}, Quot.sound.{u}]
NLA.IS02.test_three123 {B : NLA.IS02.Mat (@OfNat.ofNat.{0} Nat (nat_lit 4) (instOfNatNat (nat_lit 4)))}
  {z : Fin (@OfNat.ofNat.{0} Nat (nat_lit 4) (instOfNatNat (nat_lit 4))) → Real}
  (hm :
    @Membership.mem.{0, 0} (NLA.IS02.Mat (@OfNat.ofNat.{0} Nat (nat_lit 4) (instOfNatNat (nat_lit 4))))
      (Set.{0} (NLA.IS02.Mat (@OfNat.ofNat.{0} Nat (nat_lit 4) (instOfNatNat (nat_lit 4)))))
      (@Set.instMembership.{0} (NLA.IS02.Mat (@OfNat.ofNat.{0} Nat (nat_lit 4) (instOfNatNat (nat_lit 4)))))
      (NLA.IS02.symmetricStochastic (@OfNat.ofNat.{0} Nat (nat_lit 4) (instOfNatNat (nat_lit 4)))) B)
  (hz :
    @Eq.{1} (Fin (@OfNat.ofNat.{0} Nat (nat_lit 4) (instOfNatNat (nat_lit 4))) → Real)
      (@Matrix.mulVec.{0, 0, 0} (Fin (@OfNat.ofNat.{0} Nat (nat_lit 4) (instOfNatNat (nat_lit 4))))
        (Fin (@OfNat.ofNat.{0} Nat (nat_lit 4) (instOfNatNat (nat_lit 4)))) Real
        (@NonUnitalNonAssocRing.toNonUnitalNonAssocSemiring.{0} Real
          (@NonUnitalNonAssocCommRing.toNonUnitalNonAssocRing.{0} Real
            (@NonUnitalCommRing.toNonUnitalNonAssocCommRing.{0} Real
              (@CommRing.toNonUnitalCommRing.{0} Real Real.commRing))))
        (Fin.fintype (@OfNat.ofNat.{0} Nat (nat_lit 4) (instOfNatNat (nat_lit 4)))) B z)
      (@Neg.neg.{0} (Fin (@OfNat.ofNat.{0} Nat (nat_lit 4) (instOfNatNat (nat_lit 4))) → Real)
        (@Pi.instNeg.{0, 0} (Fin (@OfNat.ofNat.{0} Nat (nat_lit 4) (instOfNatNat (nat_lit 4)))) (fun a => Real) fun i =>
          Real.instNeg)
        z))
  (hquad :
    ∀ (i j : Fin (@OfNat.ofNat.{0} Nat (nat_lit 4) (instOfNatNat (nat_lit 4)))),
      @Eq.{1} Real
        (@HMul.hMul.{0, 0, 0} Real Real Real (@instHMul.{0} Real Real.instMul) (B i j)
          (@HPow.hPow.{0, 0, 0} Real Nat Real
            (@instHPow.{0, 0} Real Nat (@NPow.toPow.{0} Real (@Monoid.toNPow.{0} Real Real.instMonoid)))
            (@HAdd.hAdd.{0, 0, 0} Real Real Real (@instHAdd.{0} Real Real.instAdd) (z i) (z j))
            (@OfNat.ofNat.{0} Nat (nat_lit 2) (instOfNatNat (nat_lit 2)))))
        (@OfNat.ofNat.{0} Real (nat_lit 0) (@Zero.toOfNat0.{0} Real Real.instZero)))
  (h1 :
    @Ne.{1} Real
      (z
        (@OfNat.ofNat.{0} (Fin (@OfNat.ofNat.{0} Nat (nat_lit 4) (instOfNatNat (nat_lit 4)))) (nat_lit 1)
          (@Fin.instOfNat (@OfNat.ofNat.{0} Nat (nat_lit 4) (instOfNatNat (nat_lit 4))) ⋯ (nat_lit 1))))
      (@OfNat.ofNat.{0} Real (nat_lit 0) (@Zero.toOfNat0.{0} Real Real.instZero)))
  (h2 :
    @Ne.{1} Real
      (z
        (@OfNat.ofNat.{0} (Fin (@OfNat.ofNat.{0} Nat (nat_lit 4) (instOfNatNat (nat_lit 4)))) (nat_lit 2)
          (@Fin.instOfNat (@OfNat.ofNat.{0} Nat (nat_lit 4) (instOfNatNat (nat_lit 4))) ⋯ (nat_lit 2))))
      (@OfNat.ofNat.{0} Real (nat_lit 0) (@Zero.toOfNat0.{0} Real Real.instZero)))
  (h3 :
    @Ne.{1} Real
      (z
        (@OfNat.ofNat.{0} (Fin (@OfNat.ofNat.{0} Nat (nat_lit 4) (instOfNatNat (nat_lit 4)))) (nat_lit 3)
          (@Fin.instOfNat (@OfNat.ofNat.{0} Nat (nat_lit 4) (instOfNatNat (nat_lit 4))) ⋯ (nat_lit 3))))
      (@OfNat.ofNat.{0} Real (nat_lit 0) (@Zero.toOfNat0.{0} Real Real.instZero)))
  (h0 :
    @Eq.{1} Real
      (z
        (@OfNat.ofNat.{0} (Fin (@OfNat.ofNat.{0} Nat (nat_lit 4) (instOfNatNat (nat_lit 4)))) (nat_lit 0)
          (@Fin.instOfNat (@OfNat.ofNat.{0} Nat (nat_lit 4) (instOfNatNat (nat_lit 4))) ⋯ (nat_lit 0))))
      (@OfNat.ofNat.{0} Real (nat_lit 0) (@Zero.toOfNat0.{0} Real Real.instZero))) :
  False
'NLA.IS02.test_three123' depends on axioms: [propext, Classical.choice.{u}, Quot.sound.{u}]
NLA.IS02.test_three023 {B : NLA.IS02.Mat (@OfNat.ofNat.{0} Nat (nat_lit 4) (instOfNatNat (nat_lit 4)))}
  {z : Fin (@OfNat.ofNat.{0} Nat (nat_lit 4) (instOfNatNat (nat_lit 4))) → Real}
  (hm :
    @Membership.mem.{0, 0} (NLA.IS02.Mat (@OfNat.ofNat.{0} Nat (nat_lit 4) (instOfNatNat (nat_lit 4))))
      (Set.{0} (NLA.IS02.Mat (@OfNat.ofNat.{0} Nat (nat_lit 4) (instOfNatNat (nat_lit 4)))))
      (@Set.instMembership.{0} (NLA.IS02.Mat (@OfNat.ofNat.{0} Nat (nat_lit 4) (instOfNatNat (nat_lit 4)))))
      (NLA.IS02.symmetricStochastic (@OfNat.ofNat.{0} Nat (nat_lit 4) (instOfNatNat (nat_lit 4)))) B)
  (hz :
    @Eq.{1} (Fin (@OfNat.ofNat.{0} Nat (nat_lit 4) (instOfNatNat (nat_lit 4))) → Real)
      (@Matrix.mulVec.{0, 0, 0} (Fin (@OfNat.ofNat.{0} Nat (nat_lit 4) (instOfNatNat (nat_lit 4))))
        (Fin (@OfNat.ofNat.{0} Nat (nat_lit 4) (instOfNatNat (nat_lit 4)))) Real
        (@NonUnitalNonAssocRing.toNonUnitalNonAssocSemiring.{0} Real
          (@NonUnitalNonAssocCommRing.toNonUnitalNonAssocRing.{0} Real
            (@NonUnitalCommRing.toNonUnitalNonAssocCommRing.{0} Real
              (@CommRing.toNonUnitalCommRing.{0} Real Real.commRing))))
        (Fin.fintype (@OfNat.ofNat.{0} Nat (nat_lit 4) (instOfNatNat (nat_lit 4)))) B z)
      (@Neg.neg.{0} (Fin (@OfNat.ofNat.{0} Nat (nat_lit 4) (instOfNatNat (nat_lit 4))) → Real)
        (@Pi.instNeg.{0, 0} (Fin (@OfNat.ofNat.{0} Nat (nat_lit 4) (instOfNatNat (nat_lit 4)))) (fun a => Real) fun i =>
          Real.instNeg)
        z))
  (hquad :
    ∀ (i j : Fin (@OfNat.ofNat.{0} Nat (nat_lit 4) (instOfNatNat (nat_lit 4)))),
      @Eq.{1} Real
        (@HMul.hMul.{0, 0, 0} Real Real Real (@instHMul.{0} Real Real.instMul) (B i j)
          (@HPow.hPow.{0, 0, 0} Real Nat Real
            (@instHPow.{0, 0} Real Nat (@NPow.toPow.{0} Real (@Monoid.toNPow.{0} Real Real.instMonoid)))
            (@HAdd.hAdd.{0, 0, 0} Real Real Real (@instHAdd.{0} Real Real.instAdd) (z i) (z j))
            (@OfNat.ofNat.{0} Nat (nat_lit 2) (instOfNatNat (nat_lit 2)))))
        (@OfNat.ofNat.{0} Real (nat_lit 0) (@Zero.toOfNat0.{0} Real Real.instZero)))
  (h0 :
    @Ne.{1} Real
      (z
        (@OfNat.ofNat.{0} (Fin (@OfNat.ofNat.{0} Nat (nat_lit 4) (instOfNatNat (nat_lit 4)))) (nat_lit 0)
          (@Fin.instOfNat (@OfNat.ofNat.{0} Nat (nat_lit 4) (instOfNatNat (nat_lit 4))) ⋯ (nat_lit 0))))
      (@OfNat.ofNat.{0} Real (nat_lit 0) (@Zero.toOfNat0.{0} Real Real.instZero)))
  (h2 :
    @Ne.{1} Real
      (z
        (@OfNat.ofNat.{0} (Fin (@OfNat.ofNat.{0} Nat (nat_lit 4) (instOfNatNat (nat_lit 4)))) (nat_lit 2)
          (@Fin.instOfNat (@OfNat.ofNat.{0} Nat (nat_lit 4) (instOfNatNat (nat_lit 4))) ⋯ (nat_lit 2))))
      (@OfNat.ofNat.{0} Real (nat_lit 0) (@Zero.toOfNat0.{0} Real Real.instZero)))
  (h3 :
    @Ne.{1} Real
      (z
        (@OfNat.ofNat.{0} (Fin (@OfNat.ofNat.{0} Nat (nat_lit 4) (instOfNatNat (nat_lit 4)))) (nat_lit 3)
          (@Fin.instOfNat (@OfNat.ofNat.{0} Nat (nat_lit 4) (instOfNatNat (nat_lit 4))) ⋯ (nat_lit 3))))
      (@OfNat.ofNat.{0} Real (nat_lit 0) (@Zero.toOfNat0.{0} Real Real.instZero)))
  (h1 :
    @Eq.{1} Real
      (z
        (@OfNat.ofNat.{0} (Fin (@OfNat.ofNat.{0} Nat (nat_lit 4) (instOfNatNat (nat_lit 4)))) (nat_lit 1)
          (@Fin.instOfNat (@OfNat.ofNat.{0} Nat (nat_lit 4) (instOfNatNat (nat_lit 4))) ⋯ (nat_lit 1))))
      (@OfNat.ofNat.{0} Real (nat_lit 0) (@Zero.toOfNat0.{0} Real Real.instZero))) :
  False
'NLA.IS02.test_three023' depends on axioms: [propext, Classical.choice.{u}, Quot.sound.{u}]
NLA.IS02.test_three013 {B : NLA.IS02.Mat (@OfNat.ofNat.{0} Nat (nat_lit 4) (instOfNatNat (nat_lit 4)))}
  {z : Fin (@OfNat.ofNat.{0} Nat (nat_lit 4) (instOfNatNat (nat_lit 4))) → Real}
  (hm :
    @Membership.mem.{0, 0} (NLA.IS02.Mat (@OfNat.ofNat.{0} Nat (nat_lit 4) (instOfNatNat (nat_lit 4))))
      (Set.{0} (NLA.IS02.Mat (@OfNat.ofNat.{0} Nat (nat_lit 4) (instOfNatNat (nat_lit 4)))))
      (@Set.instMembership.{0} (NLA.IS02.Mat (@OfNat.ofNat.{0} Nat (nat_lit 4) (instOfNatNat (nat_lit 4)))))
      (NLA.IS02.symmetricStochastic (@OfNat.ofNat.{0} Nat (nat_lit 4) (instOfNatNat (nat_lit 4)))) B)
  (hz :
    @Eq.{1} (Fin (@OfNat.ofNat.{0} Nat (nat_lit 4) (instOfNatNat (nat_lit 4))) → Real)
      (@Matrix.mulVec.{0, 0, 0} (Fin (@OfNat.ofNat.{0} Nat (nat_lit 4) (instOfNatNat (nat_lit 4))))
        (Fin (@OfNat.ofNat.{0} Nat (nat_lit 4) (instOfNatNat (nat_lit 4)))) Real
        (@NonUnitalNonAssocRing.toNonUnitalNonAssocSemiring.{0} Real
          (@NonUnitalNonAssocCommRing.toNonUnitalNonAssocRing.{0} Real
            (@NonUnitalCommRing.toNonUnitalNonAssocCommRing.{0} Real
              (@CommRing.toNonUnitalCommRing.{0} Real Real.commRing))))
        (Fin.fintype (@OfNat.ofNat.{0} Nat (nat_lit 4) (instOfNatNat (nat_lit 4)))) B z)
      (@Neg.neg.{0} (Fin (@OfNat.ofNat.{0} Nat (nat_lit 4) (instOfNatNat (nat_lit 4))) → Real)
        (@Pi.instNeg.{0, 0} (Fin (@OfNat.ofNat.{0} Nat (nat_lit 4) (instOfNatNat (nat_lit 4)))) (fun a => Real) fun i =>
          Real.instNeg)
        z))
  (hquad :
    ∀ (i j : Fin (@OfNat.ofNat.{0} Nat (nat_lit 4) (instOfNatNat (nat_lit 4)))),
      @Eq.{1} Real
        (@HMul.hMul.{0, 0, 0} Real Real Real (@instHMul.{0} Real Real.instMul) (B i j)
          (@HPow.hPow.{0, 0, 0} Real Nat Real
            (@instHPow.{0, 0} Real Nat (@NPow.toPow.{0} Real (@Monoid.toNPow.{0} Real Real.instMonoid)))
            (@HAdd.hAdd.{0, 0, 0} Real Real Real (@instHAdd.{0} Real Real.instAdd) (z i) (z j))
            (@OfNat.ofNat.{0} Nat (nat_lit 2) (instOfNatNat (nat_lit 2)))))
        (@OfNat.ofNat.{0} Real (nat_lit 0) (@Zero.toOfNat0.{0} Real Real.instZero)))
  (h0 :
    @Ne.{1} Real
      (z
        (@OfNat.ofNat.{0} (Fin (@OfNat.ofNat.{0} Nat (nat_lit 4) (instOfNatNat (nat_lit 4)))) (nat_lit 0)
          (@Fin.instOfNat (@OfNat.ofNat.{0} Nat (nat_lit 4) (instOfNatNat (nat_lit 4))) ⋯ (nat_lit 0))))
      (@OfNat.ofNat.{0} Real (nat_lit 0) (@Zero.toOfNat0.{0} Real Real.instZero)))
  (h1 :
    @Ne.{1} Real
      (z
        (@OfNat.ofNat.{0} (Fin (@OfNat.ofNat.{0} Nat (nat_lit 4) (instOfNatNat (nat_lit 4)))) (nat_lit 1)
          (@Fin.instOfNat (@OfNat.ofNat.{0} Nat (nat_lit 4) (instOfNatNat (nat_lit 4))) ⋯ (nat_lit 1))))
      (@OfNat.ofNat.{0} Real (nat_lit 0) (@Zero.toOfNat0.{0} Real Real.instZero)))
  (h3 :
    @Ne.{1} Real
      (z
        (@OfNat.ofNat.{0} (Fin (@OfNat.ofNat.{0} Nat (nat_lit 4) (instOfNatNat (nat_lit 4)))) (nat_lit 3)
          (@Fin.instOfNat (@OfNat.ofNat.{0} Nat (nat_lit 4) (instOfNatNat (nat_lit 4))) ⋯ (nat_lit 3))))
      (@OfNat.ofNat.{0} Real (nat_lit 0) (@Zero.toOfNat0.{0} Real Real.instZero)))
  (h2 :
    @Eq.{1} Real
      (z
        (@OfNat.ofNat.{0} (Fin (@OfNat.ofNat.{0} Nat (nat_lit 4) (instOfNatNat (nat_lit 4)))) (nat_lit 2)
          (@Fin.instOfNat (@OfNat.ofNat.{0} Nat (nat_lit 4) (instOfNatNat (nat_lit 4))) ⋯ (nat_lit 2))))
      (@OfNat.ofNat.{0} Real (nat_lit 0) (@Zero.toOfNat0.{0} Real Real.instZero))) :
  False
'NLA.IS02.test_three013' depends on axioms: [propext, Classical.choice.{u}, Quot.sound.{u}]
NLA.IS02.test_three012 {B : NLA.IS02.Mat (@OfNat.ofNat.{0} Nat (nat_lit 4) (instOfNatNat (nat_lit 4)))}
  {z : Fin (@OfNat.ofNat.{0} Nat (nat_lit 4) (instOfNatNat (nat_lit 4))) → Real}
  (hm :
    @Membership.mem.{0, 0} (NLA.IS02.Mat (@OfNat.ofNat.{0} Nat (nat_lit 4) (instOfNatNat (nat_lit 4))))
      (Set.{0} (NLA.IS02.Mat (@OfNat.ofNat.{0} Nat (nat_lit 4) (instOfNatNat (nat_lit 4)))))
      (@Set.instMembership.{0} (NLA.IS02.Mat (@OfNat.ofNat.{0} Nat (nat_lit 4) (instOfNatNat (nat_lit 4)))))
      (NLA.IS02.symmetricStochastic (@OfNat.ofNat.{0} Nat (nat_lit 4) (instOfNatNat (nat_lit 4)))) B)
  (hz :
    @Eq.{1} (Fin (@OfNat.ofNat.{0} Nat (nat_lit 4) (instOfNatNat (nat_lit 4))) → Real)
      (@Matrix.mulVec.{0, 0, 0} (Fin (@OfNat.ofNat.{0} Nat (nat_lit 4) (instOfNatNat (nat_lit 4))))
        (Fin (@OfNat.ofNat.{0} Nat (nat_lit 4) (instOfNatNat (nat_lit 4)))) Real
        (@NonUnitalNonAssocRing.toNonUnitalNonAssocSemiring.{0} Real
          (@NonUnitalNonAssocCommRing.toNonUnitalNonAssocRing.{0} Real
            (@NonUnitalCommRing.toNonUnitalNonAssocCommRing.{0} Real
              (@CommRing.toNonUnitalCommRing.{0} Real Real.commRing))))
        (Fin.fintype (@OfNat.ofNat.{0} Nat (nat_lit 4) (instOfNatNat (nat_lit 4)))) B z)
      (@Neg.neg.{0} (Fin (@OfNat.ofNat.{0} Nat (nat_lit 4) (instOfNatNat (nat_lit 4))) → Real)
        (@Pi.instNeg.{0, 0} (Fin (@OfNat.ofNat.{0} Nat (nat_lit 4) (instOfNatNat (nat_lit 4)))) (fun a => Real) fun i =>
          Real.instNeg)
        z))
  (hquad :
    ∀ (i j : Fin (@OfNat.ofNat.{0} Nat (nat_lit 4) (instOfNatNat (nat_lit 4)))),
      @Eq.{1} Real
        (@HMul.hMul.{0, 0, 0} Real Real Real (@instHMul.{0} Real Real.instMul) (B i j)
          (@HPow.hPow.{0, 0, 0} Real Nat Real
            (@instHPow.{0, 0} Real Nat (@NPow.toPow.{0} Real (@Monoid.toNPow.{0} Real Real.instMonoid)))
            (@HAdd.hAdd.{0, 0, 0} Real Real Real (@instHAdd.{0} Real Real.instAdd) (z i) (z j))
            (@OfNat.ofNat.{0} Nat (nat_lit 2) (instOfNatNat (nat_lit 2)))))
        (@OfNat.ofNat.{0} Real (nat_lit 0) (@Zero.toOfNat0.{0} Real Real.instZero)))
  (h0 :
    @Ne.{1} Real
      (z
        (@OfNat.ofNat.{0} (Fin (@OfNat.ofNat.{0} Nat (nat_lit 4) (instOfNatNat (nat_lit 4)))) (nat_lit 0)
          (@Fin.instOfNat (@OfNat.ofNat.{0} Nat (nat_lit 4) (instOfNatNat (nat_lit 4))) ⋯ (nat_lit 0))))
      (@OfNat.ofNat.{0} Real (nat_lit 0) (@Zero.toOfNat0.{0} Real Real.instZero)))
  (h1 :
    @Ne.{1} Real
      (z
        (@OfNat.ofNat.{0} (Fin (@OfNat.ofNat.{0} Nat (nat_lit 4) (instOfNatNat (nat_lit 4)))) (nat_lit 1)
          (@Fin.instOfNat (@OfNat.ofNat.{0} Nat (nat_lit 4) (instOfNatNat (nat_lit 4))) ⋯ (nat_lit 1))))
      (@OfNat.ofNat.{0} Real (nat_lit 0) (@Zero.toOfNat0.{0} Real Real.instZero)))
  (h2 :
    @Ne.{1} Real
      (z
        (@OfNat.ofNat.{0} (Fin (@OfNat.ofNat.{0} Nat (nat_lit 4) (instOfNatNat (nat_lit 4)))) (nat_lit 2)
          (@Fin.instOfNat (@OfNat.ofNat.{0} Nat (nat_lit 4) (instOfNatNat (nat_lit 4))) ⋯ (nat_lit 2))))
      (@OfNat.ofNat.{0} Real (nat_lit 0) (@Zero.toOfNat0.{0} Real Real.instZero)))
  (h3 :
    @Eq.{1} Real
      (z
        (@OfNat.ofNat.{0} (Fin (@OfNat.ofNat.{0} Nat (nat_lit 4) (instOfNatNat (nat_lit 4)))) (nat_lit 3)
          (@Fin.instOfNat (@OfNat.ofNat.{0} Nat (nat_lit 4) (instOfNatNat (nat_lit 4))) ⋯ (nat_lit 3))))
      (@OfNat.ofNat.{0} Real (nat_lit 0) (@Zero.toOfNat0.{0} Real Real.instZero))) :
  False
'NLA.IS02.test_three012' depends on axioms: [propext, Classical.choice.{u}, Quot.sound.{u}]
NLA.IS02.test_spectral_uniqueness :
  @NLA.IS02.spectrallyUnique (@OfNat.ofNat.{0} Nat (nat_lit 4) (instOfNatNat (nat_lit 4))) NLA.IS02.counterexample
'NLA.IS02.test_spectral_uniqueness' depends on axioms: [propext, Classical.choice.{u}, Quot.sound.{u}]
NLA.IS02.splitId : NLA.IS02.Mat (@OfNat.ofNat.{0} Nat (nat_lit 4) (instOfNatNat (nat_lit 4)))
'NLA.IS02.splitId' depends on axioms: [propext, Classical.choice.{u}, Quot.sound.{u}]
NLA.IS02.splitSwap : NLA.IS02.Mat (@OfNat.ofNat.{0} Nat (nat_lit 4) (instOfNatNat (nat_lit 4)))
'NLA.IS02.splitSwap' depends on axioms: [propext, Classical.choice.{u}, Quot.sound.{u}]
NLA.IS02.test_splitId_member :
  @Membership.mem.{0, 0} (NLA.IS02.Mat (@OfNat.ofNat.{0} Nat (nat_lit 4) (instOfNatNat (nat_lit 4))))
    (Set.{0} (NLA.IS02.Mat (@OfNat.ofNat.{0} Nat (nat_lit 4) (instOfNatNat (nat_lit 4)))))
    (@Set.instMembership.{0} (NLA.IS02.Mat (@OfNat.ofNat.{0} Nat (nat_lit 4) (instOfNatNat (nat_lit 4)))))
    (NLA.IS02.symmetricStochastic (@OfNat.ofNat.{0} Nat (nat_lit 4) (instOfNatNat (nat_lit 4)))) NLA.IS02.splitId
'NLA.IS02.test_splitId_member' depends on axioms: [propext, Classical.choice.{u}, Quot.sound.{u}]
NLA.IS02.test_splitSwap_member :
  @Membership.mem.{0, 0} (NLA.IS02.Mat (@OfNat.ofNat.{0} Nat (nat_lit 4) (instOfNatNat (nat_lit 4))))
    (Set.{0} (NLA.IS02.Mat (@OfNat.ofNat.{0} Nat (nat_lit 4) (instOfNatNat (nat_lit 4)))))
    (@Set.instMembership.{0} (NLA.IS02.Mat (@OfNat.ofNat.{0} Nat (nat_lit 4) (instOfNatNat (nat_lit 4)))))
    (NLA.IS02.symmetricStochastic (@OfNat.ofNat.{0} Nat (nat_lit 4) (instOfNatNat (nat_lit 4)))) NLA.IS02.splitSwap
'NLA.IS02.test_splitSwap_member' depends on axioms: [propext, Classical.choice.{u}, Quot.sound.{u}]
NLA.IS02.test_midpoint_split :
  @Eq.{1} (NLA.IS02.Mat (@OfNat.ofNat.{0} Nat (nat_lit 4) (instOfNatNat (nat_lit 4)))) NLA.IS02.counterexample
    (@HAdd.hAdd.{0, 0, 0} (NLA.IS02.Mat (@OfNat.ofNat.{0} Nat (nat_lit 4) (instOfNatNat (nat_lit 4))))
      (NLA.IS02.Mat (@OfNat.ofNat.{0} Nat (nat_lit 4) (instOfNatNat (nat_lit 4))))
      (NLA.IS02.Mat (@OfNat.ofNat.{0} Nat (nat_lit 4) (instOfNatNat (nat_lit 4))))
      (@instHAdd.{0} (NLA.IS02.Mat (@OfNat.ofNat.{0} Nat (nat_lit 4) (instOfNatNat (nat_lit 4))))
        (@Matrix.add.{0, 0, 0} (Fin (@OfNat.ofNat.{0} Nat (nat_lit 4) (instOfNatNat (nat_lit 4))))
          (Fin (@OfNat.ofNat.{0} Nat (nat_lit 4) (instOfNatNat (nat_lit 4)))) Real Real.instAdd))
      (@HSMul.hSMul.{0, 0, 0} Real (NLA.IS02.Mat (@OfNat.ofNat.{0} Nat (nat_lit 4) (instOfNatNat (nat_lit 4))))
        (NLA.IS02.Mat (@OfNat.ofNat.{0} Nat (nat_lit 4) (instOfNatNat (nat_lit 4))))
        (@instHSMul.{0, 0} Real (NLA.IS02.Mat (@OfNat.ofNat.{0} Nat (nat_lit 4) (instOfNatNat (nat_lit 4))))
          (@Matrix.smul.{0, 0, 0, 0} (Fin (@OfNat.ofNat.{0} Nat (nat_lit 4) (instOfNatNat (nat_lit 4))))
            (Fin (@OfNat.ofNat.{0} Nat (nat_lit 4) (instOfNatNat (nat_lit 4)))) Real Real
            (@instSMulOfMul.{0} Real Real.instMul)))
        (@HDiv.hDiv.{0, 0, 0} Real Real Real (@instHDiv.{0} Real (@DivInvMonoid.toDiv.{0} Real Real.instDivInvMonoid))
          (@OfNat.ofNat.{0} Real (nat_lit 1) (@One.toOfNat1.{0} Real Real.instOne))
          (@OfNat.ofNat.{0} Real (nat_lit 2) (@instOfNatAtLeastTwo.{0} Real (nat_lit 2) Real.instNatCast ⋯)))
        NLA.IS02.splitId)
      (@HSMul.hSMul.{0, 0, 0} Real (NLA.IS02.Mat (@OfNat.ofNat.{0} Nat (nat_lit 4) (instOfNatNat (nat_lit 4))))
        (NLA.IS02.Mat (@OfNat.ofNat.{0} Nat (nat_lit 4) (instOfNatNat (nat_lit 4))))
        (@instHSMul.{0, 0} Real (NLA.IS02.Mat (@OfNat.ofNat.{0} Nat (nat_lit 4) (instOfNatNat (nat_lit 4))))
          (@Matrix.smul.{0, 0, 0, 0} (Fin (@OfNat.ofNat.{0} Nat (nat_lit 4) (instOfNatNat (nat_lit 4))))
            (Fin (@OfNat.ofNat.{0} Nat (nat_lit 4) (instOfNatNat (nat_lit 4)))) Real Real
            (@instSMulOfMul.{0} Real Real.instMul)))
        (@HDiv.hDiv.{0, 0, 0} Real Real Real (@instHDiv.{0} Real (@DivInvMonoid.toDiv.{0} Real Real.instDivInvMonoid))
          (@OfNat.ofNat.{0} Real (nat_lit 1) (@One.toOfNat1.{0} Real Real.instOne))
          (@OfNat.ofNat.{0} Real (nat_lit 2) (@instOfNatAtLeastTwo.{0} Real (nat_lit 2) Real.instNatCast ⋯)))
        NLA.IS02.splitSwap))
'NLA.IS02.test_midpoint_split' depends on axioms: [propext, Classical.choice.{u}, Quot.sound.{u}]
NLA.IS02.test_split_neq :
  @Ne.{1} (NLA.IS02.Mat (@OfNat.ofNat.{0} Nat (nat_lit 4) (instOfNatNat (nat_lit 4)))) NLA.IS02.splitId
    NLA.IS02.splitSwap
'NLA.IS02.test_split_neq' depends on axioms: [propext, Classical.choice.{u}, Quot.sound.{u}]
NLA.IS02.test_counterexample_not_vertex :
  Not (NLA.IS02.vertex (@OfNat.ofNat.{0} Nat (nat_lit 4) (instOfNatNat (nat_lit 4))) NLA.IS02.counterexample)
'NLA.IS02.test_counterexample_not_vertex' depends on axioms: [propext, Classical.choice.{u}, Quot.sound.{u}]
NLA.IS02.test_not_base_segment :
  NLA.IS02.counterexample ∉
    @NLA.IS02.segment (@OfNat.ofNat.{0} Nat (nat_lit 4) (instOfNatNat (nat_lit 4)))
      (@OfNat.ofNat.{0} (NLA.IS02.Mat (@OfNat.ofNat.{0} Nat (nat_lit 4) (instOfNatNat (nat_lit 4)))) (nat_lit 1)
        (@One.toOfNat1.{0} (NLA.IS02.Mat (@OfNat.ofNat.{0} Nat (nat_lit 4) (instOfNatNat (nat_lit 4))))
          (@Matrix.one.{0, 0} (Fin (@OfNat.ofNat.{0} Nat (nat_lit 4) (instOfNatNat (nat_lit 4)))) Real
            (instDecidableEqFin (@OfNat.ofNat.{0} Nat (nat_lit 4) (instOfNatNat (nat_lit 4)))) Real.instZero
            Real.instOne)))
      (NLA.IS02.flatMatrix (@OfNat.ofNat.{0} Nat (nat_lit 4) (instOfNatNat (nat_lit 4))))
'NLA.IS02.test_not_base_segment' depends on axioms: [propext, Classical.choice.{u}, Quot.sound.{u}]
NLA.IS02.test_not_one_vertex {V : NLA.IS02.Mat (@OfNat.ofNat.{0} Nat (nat_lit 4) (instOfNatNat (nat_lit 4)))}
  (hv : NLA.IS02.vertex (@OfNat.ofNat.{0} Nat (nat_lit 4) (instOfNatNat (nat_lit 4))) V) :
  NLA.IS02.counterexample ∉
    @NLA.IS02.segment (@OfNat.ofNat.{0} Nat (nat_lit 4) (instOfNatNat (nat_lit 4)))
      (@OfNat.ofNat.{0} (NLA.IS02.Mat (@OfNat.ofNat.{0} Nat (nat_lit 4) (instOfNatNat (nat_lit 4)))) (nat_lit 1)
        (@One.toOfNat1.{0} (NLA.IS02.Mat (@OfNat.ofNat.{0} Nat (nat_lit 4) (instOfNatNat (nat_lit 4))))
          (@Matrix.one.{0, 0} (Fin (@OfNat.ofNat.{0} Nat (nat_lit 4) (instOfNatNat (nat_lit 4)))) Real
            (instDecidableEqFin (@OfNat.ofNat.{0} Nat (nat_lit 4) (instOfNatNat (nat_lit 4)))) Real.instZero
            Real.instOne)))
      V
'NLA.IS02.test_not_one_vertex' depends on axioms: [propext, Classical.choice.{u}, Quot.sound.{u}]
NLA.IS02.test_not_flat_vertex {V : NLA.IS02.Mat (@OfNat.ofNat.{0} Nat (nat_lit 4) (instOfNatNat (nat_lit 4)))}
  (hv : NLA.IS02.vertex (@OfNat.ofNat.{0} Nat (nat_lit 4) (instOfNatNat (nat_lit 4))) V) :
  NLA.IS02.counterexample ∉
    @NLA.IS02.segment (@OfNat.ofNat.{0} Nat (nat_lit 4) (instOfNatNat (nat_lit 4)))
      (NLA.IS02.flatMatrix (@OfNat.ofNat.{0} Nat (nat_lit 4) (instOfNatNat (nat_lit 4)))) V
'NLA.IS02.test_not_flat_vertex' depends on axioms: [propext, Classical.choice.{u}, Quot.sound.{u}]
NLA.IS02.test_outside_locus :
  NLA.IS02.counterexample ∉ NLA.IS02.assertedLocus (@OfNat.ofNat.{0} Nat (nat_lit 4) (instOfNatNat (nat_lit 4)))
'NLA.IS02.test_outside_locus' depends on axioms: [propext, Classical.choice.{u}, Quot.sound.{u}]
NLA.IS02.test_counterexample_claim : NLA.IS02.counterexampleClaim
'NLA.IS02.test_counterexample_claim' depends on axioms: [propext, Classical.choice.{u}, Quot.sound.{u}]
NLA.IS02.test_not_targetNecessaryCondition : Not NLA.IS02.targetNecessaryCondition
'NLA.IS02.test_not_targetNecessaryCondition' depends on axioms: [propext, Classical.choice.{u}, Quot.sound.{u}]
NLA.IS02.counterexample_symmetric_nonnegative_stochastic :
  @Membership.mem.{0, 0} (NLA.IS02.Mat (@OfNat.ofNat.{0} Nat (nat_lit 4) (instOfNatNat (nat_lit 4))))
    (Set.{0} (NLA.IS02.Mat (@OfNat.ofNat.{0} Nat (nat_lit 4) (instOfNatNat (nat_lit 4)))))
    (@Set.instMembership.{0} (NLA.IS02.Mat (@OfNat.ofNat.{0} Nat (nat_lit 4) (instOfNatNat (nat_lit 4)))))
    (NLA.IS02.symmetricStochastic (@OfNat.ofNat.{0} Nat (nat_lit 4) (instOfNatNat (nat_lit 4)))) NLA.IS02.counterexample
'NLA.IS02.counterexample_symmetric_nonnegative_stochastic' depends on axioms: [propext,
 Classical.choice.{u},
 Quot.sound.{u}]
NLA.IS02.counterexample_trace :
  @Eq.{1} Real (@NLA.IS02.trace (@OfNat.ofNat.{0} Nat (nat_lit 4) (instOfNatNat (nat_lit 4))) NLA.IS02.counterexample)
    (@OfNat.ofNat.{0} Real (nat_lit 1) (@One.toOfNat1.{0} Real Real.instOne))
'NLA.IS02.counterexample_trace' depends on axioms: [propext, Classical.choice.{u}, Quot.sound.{u}]
NLA.IS02.counterexample_positive_trace :
  @LT.lt.{0} Real Real.instLT (@OfNat.ofNat.{0} Real (nat_lit 0) (@Zero.toOfNat0.{0} Real Real.instZero))
    (@NLA.IS02.trace (@OfNat.ofNat.{0} Nat (nat_lit 4) (instOfNatNat (nat_lit 4))) NLA.IS02.counterexample)
'NLA.IS02.counterexample_positive_trace' depends on axioms: [propext, Classical.choice.{u}, Quot.sound.{u}]
NLA.IS02.counterexample_spectrum :
  @NLA.IS02.sameSpectrum (@OfNat.ofNat.{0} Nat (nat_lit 4) (instOfNatNat (nat_lit 4))) NLA.IS02.counterexample
    (@DFunLike.coe.{1, 1, 1}
      (Equiv.{1, 1}
        (Fin (@OfNat.ofNat.{0} Nat (nat_lit 4) (instOfNatNat (nat_lit 4))) →
          Fin (@OfNat.ofNat.{0} Nat (nat_lit 4) (instOfNatNat (nat_lit 4))) → Real)
        (Matrix.{0, 0, 0} (Fin (@OfNat.ofNat.{0} Nat (nat_lit 4) (instOfNatNat (nat_lit 4))))
          (Fin (@OfNat.ofNat.{0} Nat (nat_lit 4) (instOfNatNat (nat_lit 4)))) Real))
      (Fin (@OfNat.ofNat.{0} Nat (nat_lit 4) (instOfNatNat (nat_lit 4))) →
        Fin (@OfNat.ofNat.{0} Nat (nat_lit 4) (instOfNatNat (nat_lit 4))) → Real)
      (fun x =>
        Matrix.{0, 0, 0} (Fin (@OfNat.ofNat.{0} Nat (nat_lit 4) (instOfNatNat (nat_lit 4))))
          (Fin (@OfNat.ofNat.{0} Nat (nat_lit 4) (instOfNatNat (nat_lit 4)))) Real)
      (@EquivLike.toFunLike.{1, 1, 1}
        (Equiv.{1, 1}
          (Fin (@OfNat.ofNat.{0} Nat (nat_lit 4) (instOfNatNat (nat_lit 4))) →
            Fin (@OfNat.ofNat.{0} Nat (nat_lit 4) (instOfNatNat (nat_lit 4))) → Real)
          (Matrix.{0, 0, 0} (Fin (@OfNat.ofNat.{0} Nat (nat_lit 4) (instOfNatNat (nat_lit 4))))
            (Fin (@OfNat.ofNat.{0} Nat (nat_lit 4) (instOfNatNat (nat_lit 4)))) Real))
        (Fin (@OfNat.ofNat.{0} Nat (nat_lit 4) (instOfNatNat (nat_lit 4))) →
          Fin (@OfNat.ofNat.{0} Nat (nat_lit 4) (instOfNatNat (nat_lit 4))) → Real)
        (Matrix.{0, 0, 0} (Fin (@OfNat.ofNat.{0} Nat (nat_lit 4) (instOfNatNat (nat_lit 4))))
          (Fin (@OfNat.ofNat.{0} Nat (nat_lit 4) (instOfNatNat (nat_lit 4)))) Real)
        (@Equiv.instEquivLike.{1, 1}
          (Fin (@OfNat.ofNat.{0} Nat (nat_lit 4) (instOfNatNat (nat_lit 4))) →
            Fin (@OfNat.ofNat.{0} Nat (nat_lit 4) (instOfNatNat (nat_lit 4))) → Real)
          (Matrix.{0, 0, 0} (Fin (@OfNat.ofNat.{0} Nat (nat_lit 4) (instOfNatNat (nat_lit 4))))
            (Fin (@OfNat.ofNat.{0} Nat (nat_lit 4) (instOfNatNat (nat_lit 4)))) Real)))
      (@Matrix.of.{0, 0, 0} (Fin (@OfNat.ofNat.{0} Nat (nat_lit 4) (instOfNatNat (nat_lit 4))))
        (Fin (@OfNat.ofNat.{0} Nat (nat_lit 4) (instOfNatNat (nat_lit 4)))) Real)
      (@Matrix.vecCons.{0} (Fin (@OfNat.ofNat.{0} Nat (nat_lit 4) (instOfNatNat (nat_lit 4))) → Real)
        (@OfNat.ofNat.{0} Nat (nat_lit 3) (instOfNatNat (nat_lit 3)))
        (@Matrix.vecCons.{0} Real (@OfNat.ofNat.{0} Nat (nat_lit 3) (instOfNatNat (nat_lit 3)))
          (@OfNat.ofNat.{0} Real (nat_lit 1) (@One.toOfNat1.{0} Real Real.instOne))
          (@Matrix.vecCons.{0} Real (@OfNat.ofNat.{0} Nat (nat_lit 2) (instOfNatNat (nat_lit 2)))
            (@OfNat.ofNat.{0} Real (nat_lit 0) (@Zero.toOfNat0.{0} Real Real.instZero))
            (@Matrix.vecCons.{0} Real (@OfNat.ofNat.{0} Nat (nat_lit 1) (instOfNatNat (nat_lit 1)))
              (@OfNat.ofNat.{0} Real (nat_lit 0) (@Zero.toOfNat0.{0} Real Real.instZero))
              (@Matrix.vecCons.{0} Real (@OfNat.ofNat.{0} Nat (nat_lit 0) (instOfNatNat (nat_lit 0)))
                (@OfNat.ofNat.{0} Real (nat_lit 0) (@Zero.toOfNat0.{0} Real Real.instZero))
                (@Matrix.vecEmpty.{0} Real)))))
        (@Matrix.vecCons.{0} (Fin (@OfNat.ofNat.{0} Nat (nat_lit 4) (instOfNatNat (nat_lit 4))) → Real)
          (@OfNat.ofNat.{0} Nat (nat_lit 2) (instOfNatNat (nat_lit 2)))
          (@Matrix.vecCons.{0} Real (@OfNat.ofNat.{0} Nat (nat_lit 3) (instOfNatNat (nat_lit 3)))
            (@OfNat.ofNat.{0} Real (nat_lit 0) (@Zero.toOfNat0.{0} Real Real.instZero))
            (@Matrix.vecCons.{0} Real (@OfNat.ofNat.{0} Nat (nat_lit 2) (instOfNatNat (nat_lit 2)))
              (@OfNat.ofNat.{0} Real (nat_lit 1) (@One.toOfNat1.{0} Real Real.instOne))
              (@Matrix.vecCons.{0} Real (@OfNat.ofNat.{0} Nat (nat_lit 1) (instOfNatNat (nat_lit 1)))
                (@OfNat.ofNat.{0} Real (nat_lit 0) (@Zero.toOfNat0.{0} Real Real.instZero))
                (@Matrix.vecCons.{0} Real (@OfNat.ofNat.{0} Nat (nat_lit 0) (instOfNatNat (nat_lit 0)))
                  (@OfNat.ofNat.{0} Real (nat_lit 0) (@Zero.toOfNat0.{0} Real Real.instZero))
                  (@Matrix.vecEmpty.{0} Real)))))
          (@Matrix.vecCons.{0} (Fin (@OfNat.ofNat.{0} Nat (nat_lit 4) (instOfNatNat (nat_lit 4))) → Real)
            (@OfNat.ofNat.{0} Nat (nat_lit 1) (instOfNatNat (nat_lit 1)))
            (@Matrix.vecCons.{0} Real (@OfNat.ofNat.{0} Nat (nat_lit 3) (instOfNatNat (nat_lit 3)))
              (@OfNat.ofNat.{0} Real (nat_lit 0) (@Zero.toOfNat0.{0} Real Real.instZero))
              (@Matrix.vecCons.{0} Real (@OfNat.ofNat.{0} Nat (nat_lit 2) (instOfNatNat (nat_lit 2)))
                (@OfNat.ofNat.{0} Real (nat_lit 0) (@Zero.toOfNat0.{0} Real Real.instZero))
                (@Matrix.vecCons.{0} Real (@OfNat.ofNat.{0} Nat (nat_lit 1) (instOfNatNat (nat_lit 1)))
                  (@OfNat.ofNat.{0} Real (nat_lit 0) (@Zero.toOfNat0.{0} Real Real.instZero))
                  (@Matrix.vecCons.{0} Real (@OfNat.ofNat.{0} Nat (nat_lit 0) (instOfNatNat (nat_lit 0)))
                    (@OfNat.ofNat.{0} Real (nat_lit 0) (@Zero.toOfNat0.{0} Real Real.instZero))
                    (@Matrix.vecEmpty.{0} Real)))))
            (@Matrix.vecCons.{0} (Fin (@OfNat.ofNat.{0} Nat (nat_lit 4) (instOfNatNat (nat_lit 4))) → Real)
              (@OfNat.ofNat.{0} Nat (nat_lit 0) (instOfNatNat (nat_lit 0)))
              (@Matrix.vecCons.{0} Real (@OfNat.ofNat.{0} Nat (nat_lit 3) (instOfNatNat (nat_lit 3)))
                (@OfNat.ofNat.{0} Real (nat_lit 0) (@Zero.toOfNat0.{0} Real Real.instZero))
                (@Matrix.vecCons.{0} Real (@OfNat.ofNat.{0} Nat (nat_lit 2) (instOfNatNat (nat_lit 2)))
                  (@OfNat.ofNat.{0} Real (nat_lit 0) (@Zero.toOfNat0.{0} Real Real.instZero))
                  (@Matrix.vecCons.{0} Real (@OfNat.ofNat.{0} Nat (nat_lit 1) (instOfNatNat (nat_lit 1)))
                    (@OfNat.ofNat.{0} Real (nat_lit 0) (@Zero.toOfNat0.{0} Real Real.instZero))
                    (@Matrix.vecCons.{0} Real (@OfNat.ofNat.{0} Nat (nat_lit 0) (instOfNatNat (nat_lit 0)))
                      (@Neg.neg.{0} Real Real.instNeg
                        (@OfNat.ofNat.{0} Real (nat_lit 1) (@One.toOfNat1.{0} Real Real.instOne)))
                      (@Matrix.vecEmpty.{0} Real)))))
              (@Matrix.vecEmpty.{0} (Fin (@OfNat.ofNat.{0} Nat (nat_lit 4) (instOfNatNat (nat_lit 4))) → Real)))))))
'NLA.IS02.counterexample_spectrum' depends on axioms: [propext, Classical.choice.{u}, Quot.sound.{u}]
NLA.IS02.sameSpectrum_iff_realEigenvalueMultiset_eq {n : Nat} {A B : NLA.IS02.Mat n} (hA : @NLA.IS02.symmetric n A)
  (hB : @NLA.IS02.symmetric n B) :
  Iff (@NLA.IS02.sameSpectrum n A B)
    (@Eq.{1} (Multiset.{0} Real) (@NLA.IS02.realEigenvalueMultiset n A) (@NLA.IS02.realEigenvalueMultiset n B))
'NLA.IS02.sameSpectrum_iff_realEigenvalueMultiset_eq' depends on axioms: [propext, Classical.choice.{u}, Quot.sound.{u}]
NLA.IS02.counterexample_spectral_uniqueness :
  @NLA.IS02.spectrallyUnique (@OfNat.ofNat.{0} Nat (nat_lit 4) (instOfNatNat (nat_lit 4))) NLA.IS02.counterexample
'NLA.IS02.counterexample_spectral_uniqueness' depends on axioms: [propext, Classical.choice.{u}, Quot.sound.{u}]
NLA.IS02.counterexample_outside_locus :
  NLA.IS02.counterexample ∉ NLA.IS02.assertedLocus (@OfNat.ofNat.{0} Nat (nat_lit 4) (instOfNatNat (nat_lit 4)))
'NLA.IS02.counterexample_outside_locus' depends on axioms: [propext, Classical.choice.{u}, Quot.sound.{u}]
NLA.IS02.counterexample_claim : NLA.IS02.counterexampleClaim
'NLA.IS02.counterexample_claim' depends on axioms: [propext, Classical.choice.{u}, Quot.sound.{u}]
NLA.IS02.not_targetNecessaryCondition : Not NLA.IS02.targetNecessaryCondition
'NLA.IS02.not_targetNecessaryCondition' depends on axioms: [propext, Classical.choice.{u}, Quot.sound.{u}]
